2025-09-12 11:26:13,380 - app - INFO - Initializing utilities...
2025-09-12 11:26:13,416 - app.utils.image_processing - INFO - Face detection cascade loaded successfully
2025-09-12 11:26:13,417 - app - INFO - Initializing AI models...
2025-09-12 11:26:13,418 - app.models.skin_analysis_model - INFO - Attempting to load model from: D:\Tek-UP\4eme SDIA\Semester2\Project\skinPredict\front\api\multitask_skin_model.h5
2025-09-12 11:26:15,043 - absl - WARNING - Compiled the loaded model, but the compiled metrics have yet to be built. `model.compile_metrics` will be empty until you train or evaluate the model.
2025-09-12 11:26:15,048 - app.models.skin_analysis_model - INFO - Successfully loaded skin analysis model from: D:\Tek-UP\4eme SDIA\Semester2\Project\skinPredict\front\api\multitask_skin_model.h5
2025-09-12 11:26:15,049 - app.models.fairface_model - WARNING - FairFace model not found at: D:\Tek-UP\4eme SDIA\Semester2\Project\skinPredict\front\api\fairface_models\res34_fair_align_multi_7_20190809.pt
2025-09-12 11:26:15,050 - app - INFO - Initializing business services...
2025-09-12 11:26:15,051 - app - INFO - All services initialized successfully
2025-09-12 11:26:15,056 - app - INFO - All API blueprints registered successfully
2025-09-12 11:26:15,056 - app - INFO - SkinPredict API application created successfully
2025-09-12 11:26:15,057 - __main__ - INFO - Starting server on 0.0.0.0:5000
2025-09-12 11:26:15,057 - __main__ - INFO - Debug mode: True
2025-09-12 11:26:15,058 - __main__ - INFO - Environment: development
2025-09-12 11:26:15,113 - werkzeug - INFO - [31m[1mWARNING: This is a development server. Do not use it in a production deployment. Use a production WSGI server instead.[0m
 * Running on all addresses (0.0.0.0)
 * Running on http://127.0.0.1:5000
 * Running on http://10.10.229.181:5000
2025-09-12 11:26:15,114 - werkzeug - INFO - [33mPress CTRL+C to quit[0m
2025-09-12 11:26:15,118 - werkzeug - INFO -  * Restarting with stat
2025-09-12 11:30:02,774 - app - INFO - Initializing utilities...
2025-09-12 11:30:02,812 - app.utils.image_processing - INFO - Face detection cascade loaded successfully
2025-09-12 11:30:02,812 - app - INFO - Initializing AI models...
2025-09-12 11:30:02,813 - app.models.skin_analysis_model - INFO - Attempting to load model from: D:\Tek-UP\4eme SDIA\Semester2\Project\skinPredict\front\api\multitask_skin_model.h5
2025-09-12 11:30:04,305 - absl - WARNING - Compiled the loaded model, but the compiled metrics have yet to be built. `model.compile_metrics` will be empty until you train or evaluate the model.
2025-09-12 11:30:04,311 - app.models.skin_analysis_model - INFO - Successfully loaded skin analysis model from: D:\Tek-UP\4eme SDIA\Semester2\Project\skinPredict\front\api\multitask_skin_model.h5
2025-09-12 11:30:04,312 - app.models.fairface_model - WARNING - FairFace model not found at: D:\Tek-UP\4eme SDIA\Semester2\Project\skinPredict\front\api\fairface_models\res34_fair_align_multi_7_20190809.pt
2025-09-12 11:30:04,313 - app - INFO - Initializing business services...
2025-09-12 11:30:04,314 - app - INFO - All services initialized successfully
2025-09-12 11:30:04,320 - app - INFO - All API blueprints registered successfully
2025-09-12 11:30:04,320 - app - INFO - SkinPredict API application created successfully
2025-09-12 11:30:04,321 - __main__ - INFO - Starting server on 0.0.0.0:5000
2025-09-12 11:30:04,321 - __main__ - INFO - Debug mode: True
2025-09-12 11:30:04,321 - __main__ - INFO - Environment: development
2025-09-12 11:30:04,360 - werkzeug - INFO - [31m[1mWARNING: This is a development server. Do not use it in a production deployment. Use a production WSGI server instead.[0m
 * Running on all addresses (0.0.0.0)
 * Running on http://127.0.0.1:5000
 * Running on http://10.10.229.181:5000
2025-09-12 11:30:04,360 - werkzeug - INFO - [33mPress CTRL+C to quit[0m
2025-09-12 11:30:04,364 - werkzeug - INFO -  * Restarting with stat
2025-09-12 14:48:33,765 - app - INFO - Initializing utilities...
2025-09-12 14:48:33,827 - app.utils.image_processing - INFO - Face detection cascade loaded successfully
2025-09-12 14:48:33,827 - app - INFO - Initializing AI models...
2025-09-12 14:48:33,828 - app.models.skin_analysis_model - INFO - Attempting to load model from: D:\Tek-UP\4eme SDIA\Semester2\Project\skinPredict\front\api\multitask_skin_model.h5
2025-09-12 14:48:35,625 - absl - WARNING - Compiled the loaded model, but the compiled metrics have yet to be built. `model.compile_metrics` will be empty until you train or evaluate the model.
2025-09-12 14:48:35,631 - app.models.skin_analysis_model - INFO - Successfully loaded skin analysis model from: D:\Tek-UP\4eme SDIA\Semester2\Project\skinPredict\front\api\multitask_skin_model.h5
2025-09-12 14:48:35,632 - app.models.fairface_model - WARNING - FairFace model not found at: D:\Tek-UP\4eme SDIA\Semester2\Project\skinPredict\front\api\fairface_models\res34_fair_align_multi_7_20190809.pt
2025-09-12 14:48:35,632 - app - INFO - Initializing business services...
2025-09-12 14:48:35,633 - app - INFO - All services initialized successfully
2025-09-12 14:48:35,638 - app - INFO - All API blueprints registered successfully
2025-09-12 14:48:35,639 - app - INFO - SkinPredict API application created successfully
2025-09-12 14:48:35,639 - __main__ - INFO - Starting server on 0.0.0.0:5000
2025-09-12 14:48:35,640 - __main__ - INFO - Debug mode: True
2025-09-12 14:48:35,640 - __main__ - INFO - Environment: development
2025-09-12 14:48:36,580 - werkzeug - INFO - [31m[1mWARNING: This is a development server. Do not use it in a production deployment. Use a production WSGI server instead.[0m
 * Running on all addresses (0.0.0.0)
 * Running on http://127.0.0.1:5000
 * Running on http://10.10.229.181:5000
2025-09-12 14:48:36,581 - werkzeug - INFO - [33mPress CTRL+C to quit[0m
2025-09-12 14:48:36,586 - werkzeug - INFO -  * Restarting with stat
2025-09-12 14:48:54,308 - app - INFO - Initializing utilities...
2025-09-12 14:48:54,344 - app.utils.image_processing - INFO - Face detection cascade loaded successfully
2025-09-12 14:48:54,344 - app - INFO - Initializing AI models...
2025-09-12 14:48:54,345 - app.models.skin_analysis_model - INFO - Attempting to load model from: D:\Tek-UP\4eme SDIA\Semester2\Project\skinPredict\front\api\multitask_skin_model.h5
2025-09-12 14:48:56,095 - absl - WARNING - Compiled the loaded model, but the compiled metrics have yet to be built. `model.compile_metrics` will be empty until you train or evaluate the model.
2025-09-12 14:48:56,101 - app.models.skin_analysis_model - INFO - Successfully loaded skin analysis model from: D:\Tek-UP\4eme SDIA\Semester2\Project\skinPredict\front\api\multitask_skin_model.h5
2025-09-12 14:48:56,102 - app.models.fairface_model - WARNING - FairFace model not found at: D:\Tek-UP\4eme SDIA\Semester2\Project\skinPredict\front\api\fairface_models\res34_fair_align_multi_7_20190809.pt
2025-09-12 14:48:56,102 - app - INFO - Initializing business services...
2025-09-12 14:48:56,103 - app - INFO - All services initialized successfully
2025-09-12 14:48:56,108 - app - INFO - All API blueprints registered successfully
2025-09-12 14:48:56,109 - app - INFO - SkinPredict API application created successfully
2025-09-12 14:48:56,109 - __main__ - INFO - Starting server on 0.0.0.0:5000
2025-09-12 14:48:56,110 - __main__ - INFO - Debug mode: True
2025-09-12 14:48:56,111 - __main__ - INFO - Environment: development
2025-09-12 14:48:56,134 - werkzeug - WARNING -  * Debugger is active!
2025-09-12 14:48:56,146 - werkzeug - INFO -  * Debugger PIN: 523-896-134
2025-09-12 14:52:27,035 - werkzeug - INFO -  * Detected change in 'D:\\Tek-UP\\4eme SDIA\\Semester2\\Project\\skinPredict\\front\\api\\app\\services\\chat_service.py', reloading
2025-09-12 14:52:29,437 - werkzeug - INFO -  * Restarting with stat
2025-09-12 14:52:54,604 - app - INFO - Initializing utilities...
2025-09-12 14:52:54,655 - app.utils.image_processing - INFO - Face detection cascade loaded successfully
2025-09-12 14:52:54,656 - app - INFO - Initializing AI models...
2025-09-12 14:52:54,657 - app.models.skin_analysis_model - INFO - Attempting to load model from: D:\Tek-UP\4eme SDIA\Semester2\Project\skinPredict\front\api\multitask_skin_model.h5
2025-09-12 14:52:57,435 - absl - WARNING - Compiled the loaded model, but the compiled metrics have yet to be built. `model.compile_metrics` will be empty until you train or evaluate the model.
2025-09-12 14:52:57,447 - app.models.skin_analysis_model - INFO - Successfully loaded skin analysis model from: D:\Tek-UP\4eme SDIA\Semester2\Project\skinPredict\front\api\multitask_skin_model.h5
2025-09-12 14:52:57,471 - app.models.fairface_model - WARNING - FairFace model not found at: D:\Tek-UP\4eme SDIA\Semester2\Project\skinPredict\front\api\fairface_models\res34_fair_align_multi_7_20190809.pt
2025-09-12 14:52:57,472 - app - INFO - Initializing business services...
2025-09-12 14:52:57,473 - app - INFO - All services initialized successfully
2025-09-12 14:52:57,486 - app - INFO - All API blueprints registered successfully
2025-09-12 14:52:57,487 - app - INFO - SkinPredict API application created successfully
2025-09-12 14:52:57,488 - __main__ - INFO - Starting server on 0.0.0.0:5000
2025-09-12 14:52:57,488 - __main__ - INFO - Debug mode: True
2025-09-12 14:52:57,488 - __main__ - INFO - Environment: development
2025-09-12 14:52:57,521 - werkzeug - WARNING -  * Debugger is active!
2025-09-12 14:52:57,555 - werkzeug - INFO -  * Debugger PIN: 523-896-134
2025-09-12 14:53:18,203 - werkzeug - INFO - 127.0.0.1 - - [12/Sep/2025 14:53:18] "[33mOPTIONS /analyze HTTP/1.1[0m" 404 -
2025-09-12 15:18:57,111 - werkzeug - INFO - 127.0.0.1 - - [12/Sep/2025 15:18:57] "OPTIONS /api/analyze HTTP/1.1" 200 -
2025-09-12 15:18:58,446 - app.utils.image_processing - INFO - Face detected and cropped: 208x208 at (139, 147)
2025-09-12 15:19:02,017 - app.services.analysis_service - WARNING - FairFace model not loaded
2025-09-12 15:19:02,019 - werkzeug - INFO - 127.0.0.1 - - [12/Sep/2025 15:19:02] "POST /api/analyze HTTP/1.1" 200 -
2025-09-12 15:19:02,494 - werkzeug - INFO - 127.0.0.1 - - [12/Sep/2025 15:19:02] "OPTIONS /api/chat HTTP/1.1" 200 -
2025-09-12 15:19:02,524 - werkzeug - INFO - 127.0.0.1 - - [12/Sep/2025 15:19:02] "OPTIONS /api/chat HTTP/1.1" 200 -
2025-09-12 15:19:04,111 - app.utils.groq_client - ERROR - GROQ API error 404: {"error":{"message":"Unknown request URL: POST /v1/chat/completions. Please check the URL for typos, or see the docs at https://console.groq.com/docs/","type":"invalid_request_error","code":"unknown_url"}}

2025-09-12 15:19:04,111 - app.utils.groq_client - ERROR - Unexpected error: GROQ API error 404: {"error":{"message":"Unknown request URL: POST /v1/chat/completions. Please check the URL for typos, or see the docs at https://console.groq.com/docs/","type":"invalid_request_error","code":"unknown_url"}}

2025-09-12 15:19:04,112 - app.services.chat_service - ERROR - Error generating chat response: Unexpected error in GROQ API call: GROQ API error 404: {"error":{"message":"Unknown request URL: POST /v1/chat/completions. Please check the URL for typos, or see the docs at https://console.groq.com/docs/","type":"invalid_request_error","code":"unknown_url"}}

2025-09-12 15:19:04,113 - app.routes.chat_routes - ERROR - Chat error: Failed to generate response: Unexpected error in GROQ API call: GROQ API error 404: {"error":{"message":"Unknown request URL: POST /v1/chat/completions. Please check the URL for typos, or see the docs at https://console.groq.com/docs/","type":"invalid_request_error","code":"unknown_url"}}

2025-09-12 15:19:04,118 - werkzeug - INFO - 127.0.0.1 - - [12/Sep/2025 15:19:04] "[31m[1mPOST /api/chat HTTP/1.1[0m" 400 -
2025-09-12 15:19:04,120 - app.utils.groq_client - ERROR - GROQ API error 404: {"error":{"message":"Unknown request URL: POST /v1/chat/completions. Please check the URL for typos, or see the docs at https://console.groq.com/docs/","type":"invalid_request_error","code":"unknown_url"}}

2025-09-12 15:19:04,121 - app.utils.groq_client - ERROR - Unexpected error: GROQ API error 404: {"error":{"message":"Unknown request URL: POST /v1/chat/completions. Please check the URL for typos, or see the docs at https://console.groq.com/docs/","type":"invalid_request_error","code":"unknown_url"}}

2025-09-12 15:19:04,123 - app.services.chat_service - ERROR - Error generating chat response: Unexpected error in GROQ API call: GROQ API error 404: {"error":{"message":"Unknown request URL: POST /v1/chat/completions. Please check the URL for typos, or see the docs at https://console.groq.com/docs/","type":"invalid_request_error","code":"unknown_url"}}

2025-09-12 15:19:04,124 - app.routes.chat_routes - ERROR - Chat error: Failed to generate response: Unexpected error in GROQ API call: GROQ API error 404: {"error":{"message":"Unknown request URL: POST /v1/chat/completions. Please check the URL for typos, or see the docs at https://console.groq.com/docs/","type":"invalid_request_error","code":"unknown_url"}}

2025-09-12 15:19:04,129 - werkzeug - INFO - 127.0.0.1 - - [12/Sep/2025 15:19:04] "[31m[1mPOST /api/chat HTTP/1.1[0m" 400 -
2025-09-12 15:20:49,379 - werkzeug - INFO - 127.0.0.1 - - [12/Sep/2025 15:20:49] "OPTIONS /api/analyze HTTP/1.1" 200 -
2025-09-12 15:20:49,684 - app.utils.image_processing - INFO - Face detected and cropped: 228x228 at (109, 97)
2025-09-12 15:20:49,849 - app.services.analysis_service - WARNING - FairFace model not loaded
2025-09-12 15:20:49,850 - werkzeug - INFO - 127.0.0.1 - - [12/Sep/2025 15:20:49] "POST /api/analyze HTTP/1.1" 200 -
2025-09-12 15:20:49,943 - werkzeug - INFO - 127.0.0.1 - - [12/Sep/2025 15:20:49] "OPTIONS /api/chat HTTP/1.1" 200 -
2025-09-12 15:20:51,240 - app.utils.groq_client - ERROR - GROQ API error 404: {"error":{"message":"Unknown request URL: POST /v1/chat/completions. Please check the URL for typos, or see the docs at https://console.groq.com/docs/","type":"invalid_request_error","code":"unknown_url"}}

2025-09-12 15:20:51,240 - app.utils.groq_client - ERROR - Unexpected error: GROQ API error 404: {"error":{"message":"Unknown request URL: POST /v1/chat/completions. Please check the URL for typos, or see the docs at https://console.groq.com/docs/","type":"invalid_request_error","code":"unknown_url"}}

2025-09-12 15:20:51,241 - app.services.chat_service - ERROR - Error generating chat response: Unexpected error in GROQ API call: GROQ API error 404: {"error":{"message":"Unknown request URL: POST /v1/chat/completions. Please check the URL for typos, or see the docs at https://console.groq.com/docs/","type":"invalid_request_error","code":"unknown_url"}}

2025-09-12 15:20:51,242 - app.routes.chat_routes - ERROR - Chat error: Failed to generate response: Unexpected error in GROQ API call: GROQ API error 404: {"error":{"message":"Unknown request URL: POST /v1/chat/completions. Please check the URL for typos, or see the docs at https://console.groq.com/docs/","type":"invalid_request_error","code":"unknown_url"}}

2025-09-12 15:20:51,244 - werkzeug - INFO - 127.0.0.1 - - [12/Sep/2025 15:20:51] "[31m[1mPOST /api/chat HTTP/1.1[0m" 400 -
2025-09-12 15:20:51,263 - app.utils.groq_client - ERROR - GROQ API error 404: {"error":{"message":"Unknown request URL: POST /v1/chat/completions. Please check the URL for typos, or see the docs at https://console.groq.com/docs/","type":"invalid_request_error","code":"unknown_url"}}

2025-09-12 15:20:51,265 - app.utils.groq_client - ERROR - Unexpected error: GROQ API error 404: {"error":{"message":"Unknown request URL: POST /v1/chat/completions. Please check the URL for typos, or see the docs at https://console.groq.com/docs/","type":"invalid_request_error","code":"unknown_url"}}

2025-09-12 15:20:51,266 - app.services.chat_service - ERROR - Error generating chat response: Unexpected error in GROQ API call: GROQ API error 404: {"error":{"message":"Unknown request URL: POST /v1/chat/completions. Please check the URL for typos, or see the docs at https://console.groq.com/docs/","type":"invalid_request_error","code":"unknown_url"}}

2025-09-12 15:20:51,266 - app.routes.chat_routes - ERROR - Chat error: Failed to generate response: Unexpected error in GROQ API call: GROQ API error 404: {"error":{"message":"Unknown request URL: POST /v1/chat/completions. Please check the URL for typos, or see the docs at https://console.groq.com/docs/","type":"invalid_request_error","code":"unknown_url"}}

2025-09-12 15:20:51,271 - werkzeug - INFO - 127.0.0.1 - - [12/Sep/2025 15:20:51] "[31m[1mPOST /api/chat HTTP/1.1[0m" 400 -
2025-09-12 15:21:58,270 - werkzeug - INFO -  * Detected change in 'D:\\Tek-UP\\4eme SDIA\\Semester2\\Project\\skinPredict\\front\\api\\app\\utils\\groq_client.py', reloading
2025-09-12 15:22:02,112 - werkzeug - INFO -  * Restarting with stat
2025-09-12 15:22:38,899 - app - INFO - Initializing utilities...
2025-09-12 15:22:39,005 - app.utils.image_processing - INFO - Face detection cascade loaded successfully
2025-09-12 15:22:39,012 - app - INFO - Initializing AI models...
2025-09-12 15:22:39,015 - app.models.skin_analysis_model - INFO - Attempting to load model from: D:\Tek-UP\4eme SDIA\Semester2\Project\skinPredict\front\api\multitask_skin_model.h5
2025-09-12 15:22:43,304 - absl - WARNING - Compiled the loaded model, but the compiled metrics have yet to be built. `model.compile_metrics` will be empty until you train or evaluate the model.
2025-09-12 15:22:43,317 - app.models.skin_analysis_model - INFO - Successfully loaded skin analysis model from: D:\Tek-UP\4eme SDIA\Semester2\Project\skinPredict\front\api\multitask_skin_model.h5
2025-09-12 15:22:43,327 - app.models.fairface_model - WARNING - FairFace model not found at: D:\Tek-UP\4eme SDIA\Semester2\Project\skinPredict\front\api\fairface_models\res34_fair_align_multi_7_20190809.pt
2025-09-12 15:22:43,328 - app - INFO - Initializing business services...
2025-09-12 15:22:43,334 - app - INFO - All services initialized successfully
2025-09-12 15:22:43,352 - app - INFO - All API blueprints registered successfully
2025-09-12 15:22:43,368 - app - INFO - SkinPredict API application created successfully
2025-09-12 15:22:43,368 - __main__ - INFO - Starting server on 0.0.0.0:5000
2025-09-12 15:22:43,374 - __main__ - INFO - Debug mode: True
2025-09-12 15:22:43,378 - __main__ - INFO - Environment: development
2025-09-12 15:22:43,415 - werkzeug - WARNING -  * Debugger is active!
2025-09-12 15:22:43,439 - werkzeug - INFO -  * Debugger PIN: 523-896-134
2025-09-12 15:27:18,915 - werkzeug - INFO -  * Detected change in 'D:\\Tek-UP\\4eme SDIA\\Semester2\\Project\\skinPredict\\front\\api\\app\\services\\analysis_service.py', reloading
2025-09-12 15:27:20,471 - werkzeug - INFO -  * Restarting with stat
2025-09-12 15:27:38,928 - app - INFO - Initializing utilities...
2025-09-12 15:27:38,962 - app.utils.image_processing - INFO - Face detection cascade loaded successfully
2025-09-12 15:27:38,962 - app - INFO - Initializing AI models...
2025-09-12 15:27:38,963 - app.models.skin_analysis_model - INFO - Attempting to load model from: D:\Tek-UP\4eme SDIA\Semester2\Project\skinPredict\front\api\multitask_skin_model.h5
2025-09-12 15:27:40,679 - absl - WARNING - Compiled the loaded model, but the compiled metrics have yet to be built. `model.compile_metrics` will be empty until you train or evaluate the model.
2025-09-12 15:27:40,685 - app.models.skin_analysis_model - INFO - Successfully loaded skin analysis model from: D:\Tek-UP\4eme SDIA\Semester2\Project\skinPredict\front\api\multitask_skin_model.h5
2025-09-12 15:27:40,686 - app.models.fairface_model - WARNING - FairFace model not found at: D:\Tek-UP\4eme SDIA\Semester2\Project\skinPredict\front\api\fairface_models\res34_fair_align_multi_7_20190809.pt
2025-09-12 15:27:40,686 - app - INFO - Initializing business services...
2025-09-12 15:27:40,687 - app - INFO - All services initialized successfully
2025-09-12 15:27:40,695 - app - INFO - All API blueprints registered successfully
2025-09-12 15:27:40,696 - app - INFO - SkinPredict API application created successfully
2025-09-12 15:27:40,696 - __main__ - INFO - Starting server on 0.0.0.0:5000
2025-09-12 15:27:40,697 - __main__ - INFO - Debug mode: True
2025-09-12 15:27:40,697 - __main__ - INFO - Environment: development
2025-09-12 15:27:40,724 - werkzeug - WARNING -  * Debugger is active!
2025-09-12 15:27:40,738 - werkzeug - INFO -  * Debugger PIN: 523-896-134
2025-09-12 15:29:25,367 - werkzeug - INFO - 127.0.0.1 - - [12/Sep/2025 15:29:25] "OPTIONS /api/analyze HTTP/1.1" 200 -
2025-09-12 15:29:26,821 - app.utils.image_processing - INFO - Face detected and cropped: 206x206 at (113, 136)
2025-09-12 15:29:34,653 - app.services.analysis_service - INFO - FairFace model not available - using default demographics
2025-09-12 15:29:34,654 - werkzeug - INFO - 127.0.0.1 - - [12/Sep/2025 15:29:34] "POST /api/analyze HTTP/1.1" 200 -
2025-09-12 15:29:35,114 - werkzeug - INFO - 127.0.0.1 - - [12/Sep/2025 15:29:35] "OPTIONS /api/chat HTTP/1.1" 200 -
2025-09-12 15:29:35,146 - werkzeug - INFO - 127.0.0.1 - - [12/Sep/2025 15:29:35] "OPTIONS /api/chat HTTP/1.1" 200 -
2025-09-12 15:29:36,321 - app.utils.groq_client - ERROR - GROQ API error 400: {"error":{"message":"The model `llama3-70b-8192` has been decommissioned and is no longer supported. Please refer to https://console.groq.com/docs/deprecations for a recommendation on which model to use instead.","type":"invalid_request_error","code":"model_decommissioned"}}

2025-09-12 15:29:36,322 - app.utils.groq_client - ERROR - Unexpected error: GROQ API error 400: {"error":{"message":"The model `llama3-70b-8192` has been decommissioned and is no longer supported. Please refer to https://console.groq.com/docs/deprecations for a recommendation on which model to use instead.","type":"invalid_request_error","code":"model_decommissioned"}}

2025-09-12 15:29:36,323 - app.services.chat_service - ERROR - Error generating chat response: Unexpected error in GROQ API call: GROQ API error 400: {"error":{"message":"The model `llama3-70b-8192` has been decommissioned and is no longer supported. Please refer to https://console.groq.com/docs/deprecations for a recommendation on which model to use instead.","type":"invalid_request_error","code":"model_decommissioned"}}

2025-09-12 15:29:36,324 - app.routes.chat_routes - ERROR - Chat error: Failed to generate response: Unexpected error in GROQ API call: GROQ API error 400: {"error":{"message":"The model `llama3-70b-8192` has been decommissioned and is no longer supported. Please refer to https://console.groq.com/docs/deprecations for a recommendation on which model to use instead.","type":"invalid_request_error","code":"model_decommissioned"}}

2025-09-12 15:29:36,326 - werkzeug - INFO - 127.0.0.1 - - [12/Sep/2025 15:29:36] "[31m[1mPOST /api/chat HTTP/1.1[0m" 400 -
2025-09-12 15:29:36,332 - app.utils.groq_client - ERROR - GROQ API error 400: {"error":{"message":"The model `llama3-70b-8192` has been decommissioned and is no longer supported. Please refer to https://console.groq.com/docs/deprecations for a recommendation on which model to use instead.","type":"invalid_request_error","code":"model_decommissioned"}}

2025-09-12 15:29:36,333 - app.utils.groq_client - ERROR - Unexpected error: GROQ API error 400: {"error":{"message":"The model `llama3-70b-8192` has been decommissioned and is no longer supported. Please refer to https://console.groq.com/docs/deprecations for a recommendation on which model to use instead.","type":"invalid_request_error","code":"model_decommissioned"}}

2025-09-12 15:29:36,334 - app.services.chat_service - ERROR - Error generating chat response: Unexpected error in GROQ API call: GROQ API error 400: {"error":{"message":"The model `llama3-70b-8192` has been decommissioned and is no longer supported. Please refer to https://console.groq.com/docs/deprecations for a recommendation on which model to use instead.","type":"invalid_request_error","code":"model_decommissioned"}}

2025-09-12 15:29:36,335 - app.routes.chat_routes - ERROR - Chat error: Failed to generate response: Unexpected error in GROQ API call: GROQ API error 400: {"error":{"message":"The model `llama3-70b-8192` has been decommissioned and is no longer supported. Please refer to https://console.groq.com/docs/deprecations for a recommendation on which model to use instead.","type":"invalid_request_error","code":"model_decommissioned"}}

2025-09-12 15:29:36,338 - werkzeug - INFO - 127.0.0.1 - - [12/Sep/2025 15:29:36] "[31m[1mPOST /api/chat HTTP/1.1[0m" 400 -
2025-09-12 15:37:44,318 - werkzeug - INFO -  * Detected change in 'D:\\Tek-UP\\4eme SDIA\\Semester2\\Project\\skinPredict\\front\\api\\app\\utils\\groq_client.py', reloading
2025-09-12 15:37:45,796 - werkzeug - INFO -  * Restarting with stat
2025-09-12 15:38:05,314 - app - INFO - Initializing utilities...
2025-09-12 15:38:05,358 - app.utils.image_processing - INFO - Face detection cascade loaded successfully
2025-09-12 15:38:05,358 - app - INFO - Initializing AI models...
2025-09-12 15:38:05,359 - app.models.skin_analysis_model - INFO - Attempting to load model from: D:\Tek-UP\4eme SDIA\Semester2\Project\skinPredict\front\api\multitask_skin_model.h5
2025-09-12 15:38:07,017 - absl - WARNING - Compiled the loaded model, but the compiled metrics have yet to be built. `model.compile_metrics` will be empty until you train or evaluate the model.
2025-09-12 15:38:07,022 - app.models.skin_analysis_model - INFO - Successfully loaded skin analysis model from: D:\Tek-UP\4eme SDIA\Semester2\Project\skinPredict\front\api\multitask_skin_model.h5
2025-09-12 15:38:07,023 - app.models.fairface_model - WARNING - FairFace model not found at: D:\Tek-UP\4eme SDIA\Semester2\Project\skinPredict\front\api\fairface_models\res34_fair_align_multi_7_20190809.pt
2025-09-12 15:38:07,023 - app - INFO - Initializing business services...
2025-09-12 15:38:07,024 - app - INFO - All services initialized successfully
2025-09-12 15:38:07,030 - app - INFO - All API blueprints registered successfully
2025-09-12 15:38:07,030 - app - INFO - SkinPredict API application created successfully
2025-09-12 15:38:07,031 - __main__ - INFO - Starting server on 0.0.0.0:5000
2025-09-12 15:38:07,031 - __main__ - INFO - Debug mode: True
2025-09-12 15:38:07,031 - __main__ - INFO - Environment: development
2025-09-12 15:38:07,053 - werkzeug - WARNING -  * Debugger is active!
2025-09-12 15:38:07,064 - werkzeug - INFO -  * Debugger PIN: 523-896-134
2025-09-12 15:38:28,311 - werkzeug - INFO -  * Detected change in 'D:\\Tek-UP\\4eme SDIA\\Semester2\\Project\\skinPredict\\front\\api\\app\\services\\chat_service.py', reloading
2025-09-12 15:38:29,844 - werkzeug - INFO -  * Restarting with stat
2025-09-12 15:38:43,726 - app - INFO - Initializing utilities...
2025-09-12 15:38:43,759 - app.utils.image_processing - INFO - Face detection cascade loaded successfully
2025-09-12 15:38:43,759 - app - INFO - Initializing AI models...
2025-09-12 15:38:43,760 - app.models.skin_analysis_model - INFO - Attempting to load model from: D:\Tek-UP\4eme SDIA\Semester2\Project\skinPredict\front\api\multitask_skin_model.h5
2025-09-12 15:38:45,077 - absl - WARNING - Compiled the loaded model, but the compiled metrics have yet to be built. `model.compile_metrics` will be empty until you train or evaluate the model.
2025-09-12 15:38:45,083 - app.models.skin_analysis_model - INFO - Successfully loaded skin analysis model from: D:\Tek-UP\4eme SDIA\Semester2\Project\skinPredict\front\api\multitask_skin_model.h5
2025-09-12 15:38:45,084 - app.models.fairface_model - WARNING - FairFace model not found at: D:\Tek-UP\4eme SDIA\Semester2\Project\skinPredict\front\api\fairface_models\res34_fair_align_multi_7_20190809.pt
2025-09-12 15:38:45,085 - app - INFO - Initializing business services...
2025-09-12 15:38:45,085 - app - INFO - All services initialized successfully
2025-09-12 15:38:45,091 - app - INFO - All API blueprints registered successfully
2025-09-12 15:38:45,092 - app - INFO - SkinPredict API application created successfully
2025-09-12 15:38:45,092 - __main__ - INFO - Starting server on 0.0.0.0:5000
2025-09-12 15:38:45,093 - __main__ - INFO - Debug mode: True
2025-09-12 15:38:45,093 - __main__ - INFO - Environment: development
2025-09-12 15:38:45,111 - werkzeug - WARNING -  * Debugger is active!
2025-09-12 15:38:45,162 - werkzeug - INFO -  * Debugger PIN: 523-896-134
2025-09-12 15:39:31,379 - werkzeug - INFO - 127.0.0.1 - - [12/Sep/2025 15:39:31] "POST /api/chat HTTP/1.1" 200 -
2025-09-12 15:41:04,150 - werkzeug - INFO -  * Detected change in 'D:\\Tek-UP\\4eme SDIA\\Semester2\\Project\\skinPredict\\front\\api\\app\\services\\analysis_service.py', reloading
2025-09-12 15:41:06,184 - werkzeug - INFO -  * Restarting with stat
2025-09-12 15:41:25,111 - app - INFO - Initializing utilities...
2025-09-12 15:41:25,154 - app.utils.image_processing - INFO - Face detection cascade loaded successfully
2025-09-12 15:41:25,155 - app - INFO - Initializing AI models...
2025-09-12 15:41:25,156 - app.models.skin_analysis_model - INFO - Attempting to load model from: D:\Tek-UP\4eme SDIA\Semester2\Project\skinPredict\front\api\multitask_skin_model.h5
2025-09-12 15:41:26,746 - absl - WARNING - Compiled the loaded model, but the compiled metrics have yet to be built. `model.compile_metrics` will be empty until you train or evaluate the model.
2025-09-12 15:41:26,757 - app.models.skin_analysis_model - INFO - Successfully loaded skin analysis model from: D:\Tek-UP\4eme SDIA\Semester2\Project\skinPredict\front\api\multitask_skin_model.h5
2025-09-12 15:41:26,758 - app.models.fairface_model - WARNING - FairFace model not found at: D:\Tek-UP\4eme SDIA\Semester2\Project\skinPredict\front\api\fairface_models\res34_fair_align_multi_7_20190809.pt
2025-09-12 15:41:26,759 - app - INFO - Initializing business services...
2025-09-12 15:41:26,760 - app - INFO - All services initialized successfully
2025-09-12 15:41:26,767 - app - INFO - All API blueprints registered successfully
2025-09-12 15:41:26,768 - app - INFO - SkinPredict API application created successfully
2025-09-12 15:41:26,768 - __main__ - INFO - Starting server on 0.0.0.0:5000
2025-09-12 15:41:26,769 - __main__ - INFO - Debug mode: True
2025-09-12 15:41:26,769 - __main__ - INFO - Environment: development
2025-09-12 15:41:26,792 - werkzeug - WARNING -  * Debugger is active!
2025-09-12 15:41:26,804 - werkzeug - INFO -  * Debugger PIN: 523-896-134
2025-09-12 15:41:52,212 - werkzeug - INFO - 127.0.0.1 - - [12/Sep/2025 15:41:52] "OPTIONS /api/analyze HTTP/1.1" 200 -
2025-09-12 15:41:54,274 - app.utils.image_processing - INFO - Face detected and cropped: 207x207 at (113, 127)
2025-09-12 15:41:56,947 - app.services.analysis_service - INFO - FairFace model not available - using default demographics
2025-09-12 15:41:56,949 - werkzeug - INFO - 127.0.0.1 - - [12/Sep/2025 15:41:56] "POST /api/analyze HTTP/1.1" 200 -
2025-09-12 15:41:57,439 - werkzeug - INFO - 127.0.0.1 - - [12/Sep/2025 15:41:57] "OPTIONS /api/chat HTTP/1.1" 200 -
2025-09-12 15:41:57,469 - werkzeug - INFO - 127.0.0.1 - - [12/Sep/2025 15:41:57] "OPTIONS /api/chat HTTP/1.1" 200 -
2025-09-12 15:42:02,093 - werkzeug - INFO - 127.0.0.1 - - [12/Sep/2025 15:42:02] "POST /api/chat HTTP/1.1" 200 -
2025-09-12 15:42:02,095 - werkzeug - INFO - 127.0.0.1 - - [12/Sep/2025 15:42:02] "POST /api/chat HTTP/1.1" 200 -
2025-09-12 15:47:36,804 - werkzeug - INFO -  * Detected change in 'D:\\Tek-UP\\4eme SDIA\\Semester2\\Project\\skinPredict\\front\\api\\app\\utils\\prompt_templates.py', reloading
2025-09-12 15:47:37,965 - werkzeug - INFO -  * Restarting with stat
2025-09-12 15:47:57,787 - app - INFO - Initializing utilities...
2025-09-12 15:47:57,835 - app.utils.image_processing - INFO - Face detection cascade loaded successfully
2025-09-12 15:47:57,836 - app - INFO - Initializing AI models...
2025-09-12 15:47:57,836 - app.models.skin_analysis_model - INFO - Attempting to load model from: D:\Tek-UP\4eme SDIA\Semester2\Project\skinPredict\front\api\multitask_skin_model.h5
2025-09-12 15:47:59,886 - absl - WARNING - Compiled the loaded model, but the compiled metrics have yet to be built. `model.compile_metrics` will be empty until you train or evaluate the model.
2025-09-12 15:47:59,893 - app.models.skin_analysis_model - INFO - Successfully loaded skin analysis model from: D:\Tek-UP\4eme SDIA\Semester2\Project\skinPredict\front\api\multitask_skin_model.h5
2025-09-12 15:47:59,894 - app.models.fairface_model - WARNING - FairFace model not found at: D:\Tek-UP\4eme SDIA\Semester2\Project\skinPredict\front\api\fairface_models\res34_fair_align_multi_7_20190809.pt
2025-09-12 15:47:59,895 - app - INFO - Initializing business services...
2025-09-12 15:47:59,895 - app - INFO - All services initialized successfully
2025-09-12 15:47:59,900 - app - INFO - All API blueprints registered successfully
2025-09-12 15:47:59,901 - app - INFO - SkinPredict API application created successfully
2025-09-12 15:47:59,901 - __main__ - INFO - Starting server on 0.0.0.0:5000
2025-09-12 15:47:59,902 - __main__ - INFO - Debug mode: True
2025-09-12 15:47:59,902 - __main__ - INFO - Environment: development
2025-09-12 15:47:59,921 - werkzeug - WARNING -  * Debugger is active!
2025-09-12 15:47:59,932 - werkzeug - INFO -  * Debugger PIN: 523-896-134
2025-09-12 15:48:19,155 - werkzeug - INFO -  * Detected change in 'D:\\Tek-UP\\4eme SDIA\\Semester2\\Project\\skinPredict\\front\\api\\app\\services\\chat_service.py', reloading
2025-09-12 15:48:20,567 - werkzeug - INFO -  * Restarting with stat
2025-09-12 15:48:34,429 - app - INFO - Initializing utilities...
2025-09-12 15:48:34,462 - app.utils.image_processing - INFO - Face detection cascade loaded successfully
2025-09-12 15:48:34,462 - app - INFO - Initializing AI models...
2025-09-12 15:48:34,463 - app.models.skin_analysis_model - INFO - Attempting to load model from: D:\Tek-UP\4eme SDIA\Semester2\Project\skinPredict\front\api\multitask_skin_model.h5
2025-09-12 15:48:35,837 - absl - WARNING - Compiled the loaded model, but the compiled metrics have yet to be built. `model.compile_metrics` will be empty until you train or evaluate the model.
2025-09-12 15:48:35,843 - app.models.skin_analysis_model - INFO - Successfully loaded skin analysis model from: D:\Tek-UP\4eme SDIA\Semester2\Project\skinPredict\front\api\multitask_skin_model.h5
2025-09-12 15:48:35,843 - app.models.fairface_model - WARNING - FairFace model not found at: D:\Tek-UP\4eme SDIA\Semester2\Project\skinPredict\front\api\fairface_models\res34_fair_align_multi_7_20190809.pt
2025-09-12 15:48:35,844 - app - INFO - Initializing business services...
2025-09-12 15:48:35,845 - app - INFO - All services initialized successfully
2025-09-12 15:48:35,851 - app - INFO - All API blueprints registered successfully
2025-09-12 15:48:35,851 - app - INFO - SkinPredict API application created successfully
2025-09-12 15:48:35,852 - __main__ - INFO - Starting server on 0.0.0.0:5000
2025-09-12 15:48:35,852 - __main__ - INFO - Debug mode: True
2025-09-12 15:48:35,852 - __main__ - INFO - Environment: development
2025-09-12 15:48:35,867 - werkzeug - WARNING -  * Debugger is active!
2025-09-12 15:48:35,878 - werkzeug - INFO -  * Debugger PIN: 523-896-134
2025-09-12 15:48:59,582 - werkzeug - INFO -  * Detected change in 'D:\\Tek-UP\\4eme SDIA\\Semester2\\Project\\skinPredict\\front\\api\\app\\services\\chat_service.py', reloading
2025-09-12 15:49:00,974 - werkzeug - INFO -  * Restarting with stat
2025-09-12 15:49:15,040 - app - INFO - Initializing utilities...
2025-09-12 15:49:15,076 - app.utils.image_processing - INFO - Face detection cascade loaded successfully
2025-09-12 15:49:15,077 - app - INFO - Initializing AI models...
2025-09-12 15:49:15,078 - app.models.skin_analysis_model - INFO - Attempting to load model from: D:\Tek-UP\4eme SDIA\Semester2\Project\skinPredict\front\api\multitask_skin_model.h5
2025-09-12 15:49:16,810 - absl - WARNING - Compiled the loaded model, but the compiled metrics have yet to be built. `model.compile_metrics` will be empty until you train or evaluate the model.
2025-09-12 15:49:16,822 - app.models.skin_analysis_model - INFO - Successfully loaded skin analysis model from: D:\Tek-UP\4eme SDIA\Semester2\Project\skinPredict\front\api\multitask_skin_model.h5
2025-09-12 15:49:16,823 - app.models.fairface_model - WARNING - FairFace model not found at: D:\Tek-UP\4eme SDIA\Semester2\Project\skinPredict\front\api\fairface_models\res34_fair_align_multi_7_20190809.pt
2025-09-12 15:49:16,824 - app - INFO - Initializing business services...
2025-09-12 15:49:16,825 - app - INFO - All services initialized successfully
2025-09-12 15:49:16,831 - app - INFO - All API blueprints registered successfully
2025-09-12 15:49:16,831 - app - INFO - SkinPredict API application created successfully
2025-09-12 15:49:16,833 - __main__ - INFO - Starting server on 0.0.0.0:5000
2025-09-12 15:49:16,833 - __main__ - INFO - Debug mode: True
2025-09-12 15:49:16,833 - __main__ - INFO - Environment: development
2025-09-12 15:49:16,848 - werkzeug - WARNING -  * Debugger is active!
2025-09-12 15:49:16,859 - werkzeug - INFO -  * Debugger PIN: 523-896-134
2025-09-12 15:49:48,368 - werkzeug - INFO -  * Detected change in 'D:\\Tek-UP\\4eme SDIA\\Semester2\\Project\\skinPredict\\front\\api\\app\\services\\chat_service.py', reloading
2025-09-12 15:49:49,745 - werkzeug - INFO -  * Restarting with stat
2025-09-12 15:50:04,773 - app - INFO - Initializing utilities...
2025-09-12 15:50:04,812 - app.utils.image_processing - INFO - Face detection cascade loaded successfully
2025-09-12 15:50:04,813 - app - INFO - Initializing AI models...
2025-09-12 15:50:04,813 - app.models.skin_analysis_model - INFO - Attempting to load model from: D:\Tek-UP\4eme SDIA\Semester2\Project\skinPredict\front\api\multitask_skin_model.h5
2025-09-12 15:50:06,210 - absl - WARNING - Compiled the loaded model, but the compiled metrics have yet to be built. `model.compile_metrics` will be empty until you train or evaluate the model.
2025-09-12 15:50:06,216 - app.models.skin_analysis_model - INFO - Successfully loaded skin analysis model from: D:\Tek-UP\4eme SDIA\Semester2\Project\skinPredict\front\api\multitask_skin_model.h5
2025-09-12 15:50:06,217 - app.models.fairface_model - WARNING - FairFace model not found at: D:\Tek-UP\4eme SDIA\Semester2\Project\skinPredict\front\api\fairface_models\res34_fair_align_multi_7_20190809.pt
2025-09-12 15:50:06,217 - app - INFO - Initializing business services...
2025-09-12 15:50:06,218 - app - INFO - All services initialized successfully
2025-09-12 15:50:06,224 - app - INFO - All API blueprints registered successfully
2025-09-12 15:50:06,225 - app - INFO - SkinPredict API application created successfully
2025-09-12 15:50:06,225 - __main__ - INFO - Starting server on 0.0.0.0:5000
2025-09-12 15:50:06,226 - __main__ - INFO - Debug mode: True
2025-09-12 15:50:06,226 - __main__ - INFO - Environment: development
2025-09-12 15:50:06,244 - werkzeug - WARNING -  * Debugger is active!
2025-09-12 15:50:06,260 - werkzeug - INFO -  * Debugger PIN: 523-896-134
2025-09-12 15:53:54,401 - werkzeug - INFO - 127.0.0.1 - - [12/Sep/2025 15:53:54] "[33mGET / HTTP/1.1[0m" 404 -
2025-09-12 15:55:33,554 - werkzeug - INFO - 127.0.0.1 - - [12/Sep/2025 15:55:33] "OPTIONS /api/analyze HTTP/1.1" 200 -
2025-09-12 15:55:34,715 - app.utils.image_processing - INFO - Face detected and cropped: 220x220 at (106, 103)
2025-09-12 15:55:37,356 - app.services.analysis_service - INFO - FairFace model not available - using default demographics
2025-09-12 15:55:37,357 - werkzeug - INFO - 127.0.0.1 - - [12/Sep/2025 15:55:37] "POST /api/analyze HTTP/1.1" 200 -
2025-09-12 15:55:37,551 - werkzeug - INFO - 127.0.0.1 - - [12/Sep/2025 15:55:37] "OPTIONS /api/chat HTTP/1.1" 200 -
2025-09-12 15:55:37,872 - app.services.chat_service - INFO - Classified intent: skin_analysis
2025-09-12 15:55:37,913 - app.services.chat_service - INFO - Classified intent: skin_analysis
2025-09-12 15:55:42,339 - werkzeug - INFO - 127.0.0.1 - - [12/Sep/2025 15:55:42] "POST /api/chat HTTP/1.1" 200 -
2025-09-12 15:55:43,728 - werkzeug - INFO - 127.0.0.1 - - [12/Sep/2025 15:55:43] "POST /api/chat HTTP/1.1" 200 -
2025-09-12 15:57:22,692 - werkzeug - INFO - 127.0.0.1 - - [12/Sep/2025 15:57:22] "OPTIONS /api/chat HTTP/1.1" 200 -
2025-09-12 15:57:22,943 - app.services.chat_service - INFO - Classified intent: product_recommendation
2025-09-12 15:57:28,143 - app.services.product_service - INFO - Getting LIVE product recommendations for: Dry skin, issues: ['Acne', 'Redness', 'Bags'], location: United States
2025-09-12 15:57:28,144 - app.services.product_service - WARNING - Web scraping failed: 'WebScraper' object has no attribute 'scrape_sephora_live'
2025-09-12 15:57:28,145 - werkzeug - INFO - 127.0.0.1 - - [12/Sep/2025 15:57:28] "POST /api/chat HTTP/1.1" 200 -
2025-09-12 16:00:22,312 - werkzeug - INFO -  * Detected change in 'D:\\Tek-UP\\4eme SDIA\\Semester2\\Project\\skinPredict\\front\\api\\app\\services\\chat_service.py', reloading
2025-09-12 16:00:24,825 - werkzeug - INFO -  * Restarting with stat
2025-09-12 16:00:47,712 - app - INFO - Initializing utilities...
2025-09-12 16:00:47,757 - app.utils.image_processing - INFO - Face detection cascade loaded successfully
2025-09-12 16:00:47,758 - app - INFO - Initializing AI models...
2025-09-12 16:00:47,759 - app.models.skin_analysis_model - INFO - Attempting to load model from: D:\Tek-UP\4eme SDIA\Semester2\Project\skinPredict\front\api\multitask_skin_model.h5
2025-09-12 16:00:49,354 - absl - WARNING - Compiled the loaded model, but the compiled metrics have yet to be built. `model.compile_metrics` will be empty until you train or evaluate the model.
2025-09-12 16:00:49,360 - app.models.skin_analysis_model - INFO - Successfully loaded skin analysis model from: D:\Tek-UP\4eme SDIA\Semester2\Project\skinPredict\front\api\multitask_skin_model.h5
2025-09-12 16:00:49,361 - app.models.fairface_model - WARNING - FairFace model not found at: D:\Tek-UP\4eme SDIA\Semester2\Project\skinPredict\front\api\fairface_models\res34_fair_align_multi_7_20190809.pt
2025-09-12 16:00:49,362 - app - INFO - Initializing business services...
2025-09-12 16:00:49,362 - app - INFO - All services initialized successfully
2025-09-12 16:00:49,368 - app - INFO - All API blueprints registered successfully
2025-09-12 16:00:49,368 - app - INFO - SkinPredict API application created successfully
2025-09-12 16:00:49,369 - __main__ - INFO - Starting server on 0.0.0.0:5000
2025-09-12 16:00:49,369 - __main__ - INFO - Debug mode: True
2025-09-12 16:00:49,369 - __main__ - INFO - Environment: development
2025-09-12 16:00:49,391 - werkzeug - WARNING -  * Debugger is active!
2025-09-12 16:00:49,401 - werkzeug - INFO -  * Debugger PIN: 523-896-134
2025-09-12 16:00:50,695 - werkzeug - INFO - 127.0.0.1 - - [12/Sep/2025 16:00:50] "OPTIONS /api/analyze HTTP/1.1" 200 -
2025-09-12 16:00:51,359 - app.utils.image_processing - INFO - Face detected and cropped: 217x217 at (86, 119)
2025-09-12 16:00:53,341 - app.services.analysis_service - INFO - FairFace model not available - using default demographics
2025-09-12 16:00:53,342 - werkzeug - INFO - 127.0.0.1 - - [12/Sep/2025 16:00:53] "POST /api/analyze HTTP/1.1" 200 -
2025-09-12 16:00:53,791 - werkzeug - INFO - 127.0.0.1 - - [12/Sep/2025 16:00:53] "OPTIONS /api/chat HTTP/1.1" 200 -
2025-09-12 16:00:53,823 - werkzeug - INFO - 127.0.0.1 - - [12/Sep/2025 16:00:53] "OPTIONS /api/chat HTTP/1.1" 200 -
2025-09-12 16:00:54,045 - app.services.chat_service - INFO - Classified intent: skin_analysis
2025-09-12 16:00:54,109 - app.services.chat_service - INFO - Classified intent: skin_analysis
2025-09-12 16:00:58,452 - werkzeug - INFO - 127.0.0.1 - - [12/Sep/2025 16:00:58] "POST /api/chat HTTP/1.1" 200 -
2025-09-12 16:00:58,711 - werkzeug - INFO - 127.0.0.1 - - [12/Sep/2025 16:00:58] "POST /api/chat HTTP/1.1" 200 -
2025-09-12 16:04:22,006 - werkzeug - INFO - 127.0.0.1 - - [12/Sep/2025 16:04:22] "OPTIONS /api/analyze HTTP/1.1" 200 -
2025-09-12 16:04:22,292 - app.utils.image_processing - INFO - Face detected and cropped: 201x201 at (113, 149)
2025-09-12 16:04:22,451 - app.services.analysis_service - INFO - FairFace model not available - using default demographics
2025-09-12 16:04:22,452 - werkzeug - INFO - 127.0.0.1 - - [12/Sep/2025 16:04:22] "POST /api/analyze HTTP/1.1" 200 -
2025-09-12 16:04:22,561 - werkzeug - INFO - 127.0.0.1 - - [12/Sep/2025 16:04:22] "OPTIONS /api/chat HTTP/1.1" 200 -
2025-09-12 16:04:22,870 - app.services.chat_service - INFO - Classified intent: skin_analysis
2025-09-12 16:04:27,760 - werkzeug - INFO - 127.0.0.1 - - [12/Sep/2025 16:04:27] "POST /api/chat HTTP/1.1" 200 -
2025-09-12 16:06:07,938 - werkzeug - INFO - 127.0.0.1 - - [12/Sep/2025 16:06:07] "OPTIONS /api/chat HTTP/1.1" 200 -
2025-09-12 16:06:08,194 - app.services.chat_service - INFO - Classified intent: routine_advice
2025-09-12 16:06:14,944 - app.services.product_service - INFO - Getting LIVE product recommendations for: Dry skin, issues: ['Acne', 'Redness', 'Bags'], location: United States
2025-09-12 16:06:14,945 - app.services.product_service - WARNING - Web scraping failed: 'WebScraper' object has no attribute 'scrape_sephora_live'
2025-09-12 16:06:14,946 - werkzeug - INFO - 127.0.0.1 - - [12/Sep/2025 16:06:14] "POST /api/chat HTTP/1.1" 200 -
2025-09-12 16:07:00,592 - werkzeug - INFO - 127.0.0.1 - - [12/Sep/2025 16:07:00] "OPTIONS /api/chat HTTP/1.1" 200 -
2025-09-12 16:07:00,846 - app.services.chat_service - INFO - Classified intent: general_skincare
2025-09-12 16:07:07,190 - werkzeug - INFO - 127.0.0.1 - - [12/Sep/2025 16:07:07] "POST /api/chat HTTP/1.1" 200 -
2025-09-12 16:14:59,988 - werkzeug - INFO -  * Detected change in 'D:\\Tek-UP\\4eme SDIA\\Semester2\\Project\\skinPredict\\front\\api\\app\\utils\\prompt_templates.py', reloading
2025-09-12 16:15:01,318 - werkzeug - INFO -  * Restarting with stat
2025-09-12 16:15:19,034 - app - INFO - Initializing utilities...
2025-09-12 16:15:19,070 - app.utils.image_processing - INFO - Face detection cascade loaded successfully
2025-09-12 16:15:19,071 - app - INFO - Initializing AI models...
2025-09-12 16:15:19,071 - app.models.skin_analysis_model - INFO - Attempting to load model from: D:\Tek-UP\4eme SDIA\Semester2\Project\skinPredict\front\api\multitask_skin_model.h5
2025-09-12 16:15:20,529 - absl - WARNING - Compiled the loaded model, but the compiled metrics have yet to be built. `model.compile_metrics` will be empty until you train or evaluate the model.
2025-09-12 16:15:20,538 - app.models.skin_analysis_model - INFO - Successfully loaded skin analysis model from: D:\Tek-UP\4eme SDIA\Semester2\Project\skinPredict\front\api\multitask_skin_model.h5
2025-09-12 16:15:20,539 - app.models.fairface_model - WARNING - FairFace model not found at: D:\Tek-UP\4eme SDIA\Semester2\Project\skinPredict\front\api\fairface_models\res34_fair_align_multi_7_20190809.pt
2025-09-12 16:15:20,540 - app - INFO - Initializing business services...
2025-09-12 16:15:20,541 - app - INFO - All services initialized successfully
2025-09-12 16:15:20,546 - app - INFO - All API blueprints registered successfully
2025-09-12 16:15:20,546 - app - INFO - SkinPredict API application created successfully
2025-09-12 16:15:20,547 - __main__ - INFO - Starting server on 0.0.0.0:5000
2025-09-12 16:15:20,548 - __main__ - INFO - Debug mode: True
2025-09-12 16:15:20,548 - __main__ - INFO - Environment: development
2025-09-12 16:15:20,569 - werkzeug - WARNING -  * Debugger is active!
2025-09-12 16:15:20,579 - werkzeug - INFO -  * Debugger PIN: 523-896-134
2025-09-12 16:16:58,262 - werkzeug - INFO -  * Detected change in 'D:\\Tek-UP\\4eme SDIA\\Semester2\\Project\\skinPredict\\front\\api\\app\\utils\\prompt_templates.py', reloading
2025-09-12 16:16:59,828 - werkzeug - INFO -  * Restarting with stat
2025-09-12 16:17:17,024 - app - INFO - Initializing utilities...
2025-09-12 16:17:17,064 - app.utils.image_processing - INFO - Face detection cascade loaded successfully
2025-09-12 16:17:17,065 - app - INFO - Initializing AI models...
2025-09-12 16:17:17,066 - app.models.skin_analysis_model - INFO - Attempting to load model from: D:\Tek-UP\4eme SDIA\Semester2\Project\skinPredict\front\api\multitask_skin_model.h5
2025-09-12 16:17:18,543 - absl - WARNING - Compiled the loaded model, but the compiled metrics have yet to be built. `model.compile_metrics` will be empty until you train or evaluate the model.
2025-09-12 16:17:18,550 - app.models.skin_analysis_model - INFO - Successfully loaded skin analysis model from: D:\Tek-UP\4eme SDIA\Semester2\Project\skinPredict\front\api\multitask_skin_model.h5
2025-09-12 16:17:18,551 - app.models.fairface_model - WARNING - FairFace model not found at: D:\Tek-UP\4eme SDIA\Semester2\Project\skinPredict\front\api\fairface_models\res34_fair_align_multi_7_20190809.pt
2025-09-12 16:17:18,552 - app - INFO - Initializing business services...
2025-09-12 16:17:18,553 - app - INFO - All services initialized successfully
2025-09-12 16:17:18,559 - app - INFO - All API blueprints registered successfully
2025-09-12 16:17:18,559 - app - INFO - SkinPredict API application created successfully
2025-09-12 16:17:18,560 - __main__ - INFO - Starting server on 0.0.0.0:5000
2025-09-12 16:17:18,560 - __main__ - INFO - Debug mode: True
2025-09-12 16:17:18,560 - __main__ - INFO - Environment: development
2025-09-12 16:17:18,577 - werkzeug - WARNING -  * Debugger is active!
2025-09-12 16:17:18,593 - werkzeug - INFO -  * Debugger PIN: 523-896-134
2025-09-12 16:17:19,702 - werkzeug - INFO - 127.0.0.1 - - [12/Sep/2025 16:17:19] "OPTIONS /api/analyze HTTP/1.1" 200 -
2025-09-12 16:17:20,651 - app.utils.image_processing - INFO - Face detected and cropped: 126x126 at (161, 176)
2025-09-12 16:17:22,589 - app.services.analysis_service - INFO - FairFace model not available - using default demographics
2025-09-12 16:17:22,590 - werkzeug - INFO - 127.0.0.1 - - [12/Sep/2025 16:17:22] "POST /api/analyze HTTP/1.1" 200 -
2025-09-12 16:17:22,738 - werkzeug - INFO - 127.0.0.1 - - [12/Sep/2025 16:17:22] "OPTIONS /api/chat HTTP/1.1" 200 -
2025-09-12 16:17:23,055 - app.services.chat_service - INFO - Classified intent: skin_analysis
2025-09-12 16:17:26,324 - werkzeug - INFO - 127.0.0.1 - - [12/Sep/2025 16:17:26] "POST /api/chat HTTP/1.1" 200 -
2025-09-12 16:31:02,114 - werkzeug - INFO -  * Detected change in 'D:\\Tek-UP\\4eme SDIA\\Semester2\\Project\\skinPredict\\front\\api\\app\\utils\\prompt_templates.py', reloading
2025-09-12 16:31:03,363 - werkzeug - INFO -  * Restarting with stat
2025-09-12 16:31:20,186 - app - INFO - Initializing utilities...
2025-09-12 16:31:20,223 - app.utils.image_processing - INFO - Face detection cascade loaded successfully
2025-09-12 16:31:20,223 - app - INFO - Initializing AI models...
2025-09-12 16:31:20,224 - app.models.skin_analysis_model - INFO - Attempting to load model from: D:\Tek-UP\4eme SDIA\Semester2\Project\skinPredict\front\api\multitask_skin_model.h5
2025-09-12 16:31:21,573 - absl - WARNING - Compiled the loaded model, but the compiled metrics have yet to be built. `model.compile_metrics` will be empty until you train or evaluate the model.
2025-09-12 16:31:21,581 - app.models.skin_analysis_model - INFO - Successfully loaded skin analysis model from: D:\Tek-UP\4eme SDIA\Semester2\Project\skinPredict\front\api\multitask_skin_model.h5
2025-09-12 16:31:21,582 - app.models.fairface_model - WARNING - FairFace model not found at: D:\Tek-UP\4eme SDIA\Semester2\Project\skinPredict\front\api\fairface_models\res34_fair_align_multi_7_20190809.pt
2025-09-12 16:31:21,582 - app - INFO - Initializing business services...
2025-09-12 16:31:21,583 - app - INFO - All services initialized successfully
2025-09-12 16:31:21,588 - app - INFO - All API blueprints registered successfully
2025-09-12 16:31:21,588 - app - INFO - SkinPredict API application created successfully
2025-09-12 16:31:21,589 - __main__ - INFO - Starting server on 0.0.0.0:5000
2025-09-12 16:31:21,589 - __main__ - INFO - Debug mode: True
2025-09-12 16:31:21,590 - __main__ - INFO - Environment: development
2025-09-12 16:31:21,611 - werkzeug - WARNING -  * Debugger is active!
2025-09-12 16:31:21,622 - werkzeug - INFO -  * Debugger PIN: 523-896-134
2025-09-12 16:37:47,380 - werkzeug - INFO -  * Detected change in 'D:\\Tek-UP\\4eme SDIA\\Semester2\\Project\\skinPredict\\front\\api\\app\\utils\\prompt_templates.py', reloading
2025-09-12 16:37:49,049 - werkzeug - INFO -  * Restarting with stat
2025-09-12 16:38:03,200 - app - INFO - Initializing utilities...
2025-09-12 16:38:03,240 - app.utils.image_processing - INFO - Face detection cascade loaded successfully
2025-09-12 16:38:03,241 - app - INFO - Initializing AI models...
2025-09-12 16:38:03,242 - app.models.skin_analysis_model - INFO - Attempting to load model from: D:\Tek-UP\4eme SDIA\Semester2\Project\skinPredict\front\api\multitask_skin_model.h5
2025-09-12 16:38:04,604 - absl - WARNING - Compiled the loaded model, but the compiled metrics have yet to be built. `model.compile_metrics` will be empty until you train or evaluate the model.
2025-09-12 16:38:04,609 - app.models.skin_analysis_model - INFO - Successfully loaded skin analysis model from: D:\Tek-UP\4eme SDIA\Semester2\Project\skinPredict\front\api\multitask_skin_model.h5
2025-09-12 16:38:04,610 - app.models.fairface_model - WARNING - FairFace model not found at: D:\Tek-UP\4eme SDIA\Semester2\Project\skinPredict\front\api\fairface_models\res34_fair_align_multi_7_20190809.pt
2025-09-12 16:38:04,611 - app - INFO - Initializing business services...
2025-09-12 16:38:04,612 - app - INFO - All services initialized successfully
2025-09-12 16:38:04,618 - app - INFO - All API blueprints registered successfully
2025-09-12 16:38:04,619 - app - INFO - SkinPredict API application created successfully
2025-09-12 16:38:04,619 - __main__ - INFO - Starting server on 0.0.0.0:5000
2025-09-12 16:38:04,620 - __main__ - INFO - Debug mode: True
2025-09-12 16:38:04,620 - __main__ - INFO - Environment: development
2025-09-12 16:38:04,635 - werkzeug - WARNING -  * Debugger is active!
2025-09-12 16:38:04,649 - werkzeug - INFO -  * Debugger PIN: 523-896-134
2025-09-12 17:08:43,163 - werkzeug - INFO -  * Detected change in 'D:\\Tek-UP\\4eme SDIA\\Semester2\\Project\\skinPredict\\front\\api\\app\\utils\\prompt_templates.py', reloading
2025-09-12 17:08:44,928 - werkzeug - INFO -  * Restarting with stat
2025-09-12 17:56:40,476 - app - INFO - Initializing utilities...
2025-09-12 17:56:40,550 - app.utils.image_processing - INFO - Face detection cascade loaded successfully
2025-09-12 17:56:40,551 - app - INFO - Initializing AI models...
2025-09-12 17:56:40,551 - app.models.skin_analysis_model - INFO - Attempting to load model from: D:\Tek-UP\4eme SDIA\Semester2\Project\skinPredict\front\api\multitask_skin_model.h5
2025-09-12 17:56:42,469 - absl - WARNING - Compiled the loaded model, but the compiled metrics have yet to be built. `model.compile_metrics` will be empty until you train or evaluate the model.
2025-09-12 17:56:42,477 - app.models.skin_analysis_model - INFO - Successfully loaded skin analysis model from: D:\Tek-UP\4eme SDIA\Semester2\Project\skinPredict\front\api\multitask_skin_model.h5
2025-09-12 17:56:42,478 - app.models.fairface_model - WARNING - FairFace model not found at: D:\Tek-UP\4eme SDIA\Semester2\Project\skinPredict\front\api\fairface_models\res34_fair_align_multi_7_20190809.pt
2025-09-12 17:56:42,479 - app - INFO - Initializing business services...
2025-09-12 17:56:42,479 - app - INFO - All services initialized successfully
2025-09-12 17:56:42,486 - app - INFO - All API blueprints registered successfully
2025-09-12 17:56:42,486 - app - INFO - SkinPredict API application created successfully
2025-09-12 17:56:42,487 - __main__ - INFO - Starting server on 0.0.0.0:5000
2025-09-12 17:56:42,487 - __main__ - INFO - Debug mode: True
2025-09-12 17:56:42,488 - __main__ - INFO - Environment: development
2025-09-12 17:56:42,515 - werkzeug - WARNING -  * Debugger is active!
2025-09-12 17:56:42,526 - werkzeug - INFO -  * Debugger PIN: 523-896-134
2025-09-12 18:02:52,328 - werkzeug - INFO - 127.0.0.1 - - [12/Sep/2025 18:02:52] "OPTIONS /api/analyze HTTP/1.1" 200 -
2025-09-12 18:02:54,306 - app.utils.image_processing - INFO - Face detected and cropped: 221x221 at (74, 115)
2025-09-12 18:03:00,590 - app.services.analysis_service - INFO - FairFace model not available - using default demographics
2025-09-12 18:03:00,591 - werkzeug - INFO - 127.0.0.1 - - [12/Sep/2025 18:03:00] "POST /api/analyze HTTP/1.1" 200 -
2025-09-12 18:03:47,198 - werkzeug - INFO - 127.0.0.1 - - [12/Sep/2025 18:03:47] "OPTIONS /api/analyze HTTP/1.1" 200 -
2025-09-12 18:03:47,577 - app.utils.image_processing - INFO - Face detected and cropped: 222x222 at (96, 201)
2025-09-12 18:03:48,043 - app.services.analysis_service - INFO - FairFace model not available - using default demographics
2025-09-12 18:03:48,047 - werkzeug - INFO - 127.0.0.1 - - [12/Sep/2025 18:03:48] "POST /api/analyze HTTP/1.1" 200 -
2025-09-19 00:26:52,643 - app - INFO - Initializing utilities...
2025-09-19 00:26:52,854 - app.utils.image_processing - INFO - Face detection cascade loaded successfully
2025-09-19 00:26:52,855 - app - INFO - Initializing AI models...
2025-09-19 00:26:52,855 - app.models.skin_analysis_model - INFO - Attempting to load model from: D:\Tek-UP\4eme SDIA\Semester2\Project\skinPredict\front\api\multitask_skin_model.h5
2025-09-19 00:26:55,414 - absl - WARNING - Compiled the loaded model, but the compiled metrics have yet to be built. `model.compile_metrics` will be empty until you train or evaluate the model.
2025-09-19 00:26:55,426 - app.models.skin_analysis_model - INFO - Successfully loaded skin analysis model from: D:\Tek-UP\4eme SDIA\Semester2\Project\skinPredict\front\api\multitask_skin_model.h5
2025-09-19 00:26:55,434 - app.models.fairface_model - WARNING - FairFace model not found at: D:\Tek-UP\4eme SDIA\Semester2\Project\skinPredict\front\api\fairface_models\res34_fair_align_multi_7_20190809.pt
2025-09-19 00:26:55,436 - app - INFO - Initializing business services...
2025-09-19 00:26:55,437 - app - INFO - All services initialized successfully
2025-09-19 00:26:55,456 - app - INFO - All API blueprints registered successfully
2025-09-19 00:26:55,468 - app - INFO - SkinPredict API application created successfully
2025-09-19 00:26:55,483 - __main__ - INFO - Starting server on 0.0.0.0:5000
2025-09-19 00:26:55,494 - __main__ - INFO - Debug mode: True
2025-09-19 00:26:55,501 - __main__ - INFO - Environment: development
2025-09-19 00:26:56,555 - werkzeug - INFO - [31m[1mWARNING: This is a development server. Do not use it in a production deployment. Use a production WSGI server instead.[0m
 * Running on all addresses (0.0.0.0)
 * Running on http://127.0.0.1:5000
 * Running on http://192.168.1.20:5000
2025-09-19 00:26:56,556 - werkzeug - INFO - [33mPress CTRL+C to quit[0m
2025-09-19 00:26:56,561 - werkzeug - INFO -  * Restarting with stat
2025-09-19 00:27:20,705 - app - INFO - Initializing utilities...
2025-09-19 00:27:20,753 - app.utils.image_processing - INFO - Face detection cascade loaded successfully
2025-09-19 00:27:20,754 - app - INFO - Initializing AI models...
2025-09-19 00:27:20,756 - app.models.skin_analysis_model - INFO - Attempting to load model from: D:\Tek-UP\4eme SDIA\Semester2\Project\skinPredict\front\api\multitask_skin_model.h5
2025-09-19 00:27:22,578 - absl - WARNING - Compiled the loaded model, but the compiled metrics have yet to be built. `model.compile_metrics` will be empty until you train or evaluate the model.
2025-09-19 00:27:22,584 - app.models.skin_analysis_model - INFO - Successfully loaded skin analysis model from: D:\Tek-UP\4eme SDIA\Semester2\Project\skinPredict\front\api\multitask_skin_model.h5
2025-09-19 00:27:22,585 - app.models.fairface_model - WARNING - FairFace model not found at: D:\Tek-UP\4eme SDIA\Semester2\Project\skinPredict\front\api\fairface_models\res34_fair_align_multi_7_20190809.pt
2025-09-19 00:27:22,586 - app - INFO - Initializing business services...
2025-09-19 00:27:22,587 - app - INFO - All services initialized successfully
2025-09-19 00:27:22,596 - app - INFO - All API blueprints registered successfully
2025-09-19 00:27:22,596 - app - INFO - SkinPredict API application created successfully
2025-09-19 00:27:22,597 - __main__ - INFO - Starting server on 0.0.0.0:5000
2025-09-19 00:27:22,597 - __main__ - INFO - Debug mode: True
2025-09-19 00:27:22,598 - __main__ - INFO - Environment: development
2025-09-19 00:27:22,615 - werkzeug - WARNING -  * Debugger is active!
2025-09-19 00:27:22,632 - werkzeug - INFO -  * Debugger PIN: 523-896-134
2025-09-19 00:31:33,250 - werkzeug - INFO - 127.0.0.1 - - [19/Sep/2025 00:31:33] "OPTIONS /api/analyze HTTP/1.1" 200 -
2025-09-19 00:31:34,460 - app.utils.image_processing - INFO - Face detected and cropped: 283x283 at (87, 17)
2025-09-19 00:31:37,811 - app.services.analysis_service - INFO - FairFace model not available - using default demographics
2025-09-19 00:31:37,814 - werkzeug - INFO - 127.0.0.1 - - [19/Sep/2025 00:31:37] "POST /api/analyze HTTP/1.1" 200 -
2025-09-19 00:32:54,876 - werkzeug - INFO -  * Detected change in 'D:\\Tek-UP\\4eme SDIA\\Semester2\\Project\\skinPredict\\front\\api\\server_optimized.py', reloading
2025-09-19 00:32:57,272 - werkzeug - INFO -  * Restarting with stat
2025-09-19 00:51:04,712 - app - INFO - Initializing utilities...
2025-09-19 00:51:04,749 - app.utils.image_processing - INFO - Face detection cascade loaded successfully
2025-09-19 00:51:04,750 - __main__ - ERROR - Failed to start server: type object 'DevelopmentConfig' has no attribute 'EXTERNAL_API_TIMEOUT'
2025-09-19 00:52:05,712 - app - INFO - Initializing utilities...
2025-09-19 00:52:05,749 - app.utils.image_processing - INFO - Face detection cascade loaded successfully
2025-09-19 00:52:05,750 - app - INFO - Initializing AI models...
2025-09-19 00:52:05,750 - __main__ - ERROR - Failed to start server: type object 'DevelopmentConfig' has no attribute 'MODEL_PATHS'
2025-09-19 00:53:45,585 - app - INFO - Initializing utilities...
2025-09-19 00:53:45,619 - app.utils.image_processing - INFO - Face detection cascade loaded successfully
2025-09-19 00:53:45,619 - app - INFO - Initializing AI models...
2025-09-19 00:53:45,620 - __main__ - ERROR - Failed to start server: type object 'DevelopmentConfig' has no attribute 'MODEL_CONFIDENCE_THRESHOLD'
2025-11-23 23:28:24,708 - app - INFO - Initializing utilities...
2025-11-23 23:28:24,832 - app.utils.image_processing - INFO - Face detection cascade loaded successfully
2025-11-23 23:28:24,832 - app - INFO - Initializing AI models...
2025-11-23 23:28:24,833 - app.models.skin_analysis_model - INFO - Attempting to load skin analysis model from: D:\Tek-UP\4eme SDIA\Semester2\Project\skinPredict\front\api\multitask_skin_model.h5
2025-11-23 23:28:24,834 - app.models.skin_analysis_model - WARNING - Using mock skin analysis model - replace with actual model loading
2025-11-23 23:28:24,834 - app.models.skin_analysis_model - INFO - Successfully loaded skin analysis model from: D:\Tek-UP\4eme SDIA\Semester2\Project\skinPredict\front\api\multitask_skin_model.h5
2025-11-23 23:28:24,834 - app.models.fairface_model - ERROR - Error loading FairFace model: 'str' object has no attribute 'exists'
2025-11-23 23:28:24,835 - app - INFO - Initializing business services...
2025-11-23 23:28:24,835 - app - INFO - All services initialized successfully
2025-11-23 23:28:24,840 - app - INFO - All API blueprints registered successfully
2025-11-23 23:28:24,840 - app - INFO - SkinPredict API application created successfully
2025-11-23 23:28:24,840 - __main__ - INFO - Starting server on 0.0.0.0:5000
2025-11-23 23:28:24,841 - __main__ - INFO - Debug mode: True
2025-11-23 23:28:24,841 - __main__ - INFO - Environment: development
2025-11-23 23:28:25,783 - werkzeug - INFO - [31m[1mWARNING: This is a development server. Do not use it in a production deployment. Use a production WSGI server instead.[0m
 * Running on all addresses (0.0.0.0)
 * Running on http://127.0.0.1:5000
 * Running on http://192.168.1.16:5000
2025-11-23 23:28:25,784 - werkzeug - INFO - [33mPress CTRL+C to quit[0m
2025-11-23 23:28:25,794 - werkzeug - INFO -  * Restarting with stat
2025-11-23 23:28:34,071 - app - INFO - Initializing utilities...
2025-11-23 23:28:34,121 - app.utils.image_processing - INFO - Face detection cascade loaded successfully
2025-11-23 23:28:34,123 - app - INFO - Initializing AI models...
2025-11-23 23:28:34,125 - app.models.skin_analysis_model - INFO - Attempting to load skin analysis model from: D:\Tek-UP\4eme SDIA\Semester2\Project\skinPredict\front\api\multitask_skin_model.h5
2025-11-23 23:28:34,125 - app.models.skin_analysis_model - WARNING - Using mock skin analysis model - replace with actual model loading
2025-11-23 23:28:34,126 - app.models.skin_analysis_model - INFO - Successfully loaded skin analysis model from: D:\Tek-UP\4eme SDIA\Semester2\Project\skinPredict\front\api\multitask_skin_model.h5
2025-11-23 23:28:34,127 - app.models.fairface_model - ERROR - Error loading FairFace model: 'str' object has no attribute 'exists'
2025-11-23 23:28:34,127 - app - INFO - Initializing business services...
2025-11-23 23:28:34,128 - app - INFO - All services initialized successfully
2025-11-23 23:28:34,139 - app - INFO - All API blueprints registered successfully
2025-11-23 23:28:34,139 - app - INFO - SkinPredict API application created successfully
2025-11-23 23:28:34,140 - __main__ - INFO - Starting server on 0.0.0.0:5000
2025-11-23 23:28:34,140 - __main__ - INFO - Debug mode: True
2025-11-23 23:28:34,140 - __main__ - INFO - Environment: development
2025-11-23 23:28:34,175 - werkzeug - WARNING -  * Debugger is active!
2025-11-23 23:28:34,198 - werkzeug - INFO -  * Debugger PIN: 523-896-134
2025-11-23 23:31:16,529 - werkzeug - INFO - 127.0.0.1 - - [23/Nov/2025 23:31:16] "OPTIONS /api/analyze HTTP/1.1" 200 -
2025-11-23 23:31:17,274 - app.utils.image_processing - INFO - Face detected and cropped: 223x223 at (116, 104)
2025-11-23 23:31:17,286 - app.services.analysis_service - INFO - FairFace model not available - using default demographics
2025-11-23 23:31:17,287 - werkzeug - INFO - 127.0.0.1 - - [23/Nov/2025 23:31:17] "POST /api/analyze HTTP/1.1" 200 -
2025-11-23 23:31:17,501 - werkzeug - INFO - 127.0.0.1 - - [23/Nov/2025 23:31:17] "OPTIONS /api/chat HTTP/1.1" 200 -
2025-11-23 23:31:17,812 - app.services.chat_service - INFO - Classified intent: skin_analysis
2025-11-23 23:31:24,283 - werkzeug - INFO - 127.0.0.1 - - [23/Nov/2025 23:31:24] "POST /api/chat HTTP/1.1" 200 -
2025-11-23 23:35:40,199 - werkzeug - INFO - 127.0.0.1 - - [23/Nov/2025 23:35:40] "OPTIONS /api/analyze HTTP/1.1" 200 -
2025-11-23 23:35:40,475 - app.utils.image_processing - INFO - Face detected and cropped: 230x230 at (128, 103)
2025-11-23 23:35:40,477 - app.services.analysis_service - INFO - FairFace model not available - using default demographics
2025-11-23 23:35:40,478 - werkzeug - INFO - 127.0.0.1 - - [23/Nov/2025 23:35:40] "POST /api/analyze HTTP/1.1" 200 -
2025-11-23 23:35:40,646 - werkzeug - INFO - 127.0.0.1 - - [23/Nov/2025 23:35:40] "OPTIONS /api/chat HTTP/1.1" 200 -
2025-11-23 23:35:40,966 - app.services.chat_service - INFO - Classified intent: skin_analysis
2025-11-23 23:35:46,028 - werkzeug - INFO - 127.0.0.1 - - [23/Nov/2025 23:35:46] "POST /api/chat HTTP/1.1" 200 -
2025-11-23 23:38:00,105 - werkzeug - INFO - 127.0.0.1 - - [23/Nov/2025 23:38:00] "OPTIONS /api/analyze HTTP/1.1" 200 -
2025-11-23 23:38:00,401 - app.utils.image_processing - INFO - Face detected and cropped: 219x219 at (100, 141)
2025-11-23 23:38:00,403 - app.services.analysis_service - INFO - FairFace model not available - using default demographics
2025-11-23 23:38:00,404 - werkzeug - INFO - 127.0.0.1 - - [23/Nov/2025 23:38:00] "POST /api/analyze HTTP/1.1" 200 -
2025-11-23 23:38:00,485 - werkzeug - INFO - 127.0.0.1 - - [23/Nov/2025 23:38:00] "OPTIONS /api/chat HTTP/1.1" 200 -
2025-11-23 23:38:00,797 - app.services.chat_service - INFO - Classified intent: skin_analysis
2025-11-23 23:38:07,037 - werkzeug - INFO - 127.0.0.1 - - [23/Nov/2025 23:38:07] "POST /api/chat HTTP/1.1" 200 -
2025-11-23 23:38:25,341 - werkzeug - INFO - 127.0.0.1 - - [23/Nov/2025 23:38:25] "OPTIONS /api/chat HTTP/1.1" 200 -
2025-11-23 23:38:25,653 - app.services.chat_service - INFO - Classified intent: routine_advice
2025-11-23 23:38:34,530 - werkzeug - INFO - 127.0.0.1 - - [23/Nov/2025 23:38:34] "POST /api/chat HTTP/1.1" 200 -
2025-11-23 23:40:36,859 - werkzeug - INFO - 127.0.0.1 - - [23/Nov/2025 23:40:36] "OPTIONS /api/chat HTTP/1.1" 200 -
2025-11-23 23:40:37,124 - app.services.chat_service - INFO - Classified intent: casual_conversation
2025-11-23 23:40:37,125 - werkzeug - INFO - 127.0.0.1 - - [23/Nov/2025 23:40:37] "POST /api/chat HTTP/1.1" 200 -
2025-11-23 23:40:47,489 - werkzeug - INFO - 127.0.0.1 - - [23/Nov/2025 23:40:47] "OPTIONS /api/chat HTTP/1.1" 200 -
2025-11-23 23:40:48,066 - app.services.chat_service - INFO - Classified intent: product_recommendation
2025-11-23 23:40:54,582 - werkzeug - INFO - 127.0.0.1 - - [23/Nov/2025 23:40:54] "POST /api/chat HTTP/1.1" 200 -
2025-11-23 23:41:18,710 - werkzeug - INFO - 127.0.0.1 - - [23/Nov/2025 23:41:18] "OPTIONS /api/chat HTTP/1.1" 200 -
2025-11-23 23:41:18,965 - app.services.chat_service - INFO - Classified intent: ingredient_inquiry
2025-11-23 23:41:26,081 - werkzeug - INFO - 127.0.0.1 - - [23/Nov/2025 23:41:26] "POST /api/chat HTTP/1.1" 200 -
2025-11-23 23:45:24,930 - werkzeug - INFO -  * Detected change in 'D:\\Tek-UP\\4eme SDIA\\Semester2\\Project\\skinPredict\\front\\api\\app\\utils\\prompt_templates.py', reloading
2025-11-23 23:45:25,743 - werkzeug - INFO -  * Restarting with stat
2025-11-23 23:45:35,945 - app - INFO - Initializing utilities...
2025-11-23 23:45:35,993 - app.utils.image_processing - INFO - Face detection cascade loaded successfully
2025-11-23 23:45:35,993 - app - INFO - Initializing AI models...
2025-11-23 23:45:35,994 - app.models.skin_analysis_model - INFO - Attempting to load skin analysis model from: D:\Tek-UP\4eme SDIA\Semester2\Project\skinPredict\front\api\multitask_skin_model.h5
2025-11-23 23:45:35,995 - app.models.skin_analysis_model - WARNING - Using mock skin analysis model - replace with actual model loading
2025-11-23 23:45:35,995 - app.models.skin_analysis_model - INFO - Successfully loaded skin analysis model from: D:\Tek-UP\4eme SDIA\Semester2\Project\skinPredict\front\api\multitask_skin_model.h5
2025-11-23 23:45:35,996 - app.models.fairface_model - ERROR - Error loading FairFace model: 'str' object has no attribute 'exists'
2025-11-23 23:45:35,996 - app - INFO - Initializing business services...
2025-11-23 23:45:35,997 - app - INFO - All services initialized successfully
2025-11-23 23:45:36,006 - app - INFO - All API blueprints registered successfully
2025-11-23 23:45:36,006 - app - INFO - SkinPredict API application created successfully
2025-11-23 23:45:36,006 - __main__ - INFO - Starting server on 0.0.0.0:5000
2025-11-23 23:45:36,007 - __main__ - INFO - Debug mode: True
2025-11-23 23:45:36,007 - __main__ - INFO - Environment: development
2025-11-23 23:45:36,043 - werkzeug - WARNING -  * Debugger is active!
2025-11-23 23:45:36,057 - werkzeug - INFO -  * Debugger PIN: 523-896-134
2025-11-23 23:45:56,925 - werkzeug - INFO - 127.0.0.1 - - [23/Nov/2025 23:45:56] "OPTIONS /api/chat HTTP/1.1" 200 -
2025-11-23 23:45:57,171 - app.services.chat_service - INFO - Classified intent: skin_analysis
2025-11-23 23:46:00,387 - werkzeug - INFO - 127.0.0.1 - - [23/Nov/2025 23:46:00] "POST /api/chat HTTP/1.1" 200 -
2025-11-23 23:46:16,678 - werkzeug - INFO - 127.0.0.1 - - [23/Nov/2025 23:46:16] "OPTIONS /api/chat HTTP/1.1" 200 -
2025-11-23 23:46:17,031 - app.services.chat_service - INFO - Classified intent: skin_analysis
2025-11-23 23:46:17,049 - app.services.chat_service - INFO - Classified intent: skin_analysis
2025-11-23 23:46:24,728 - werkzeug - INFO - 127.0.0.1 - - [23/Nov/2025 23:46:24] "POST /api/chat HTTP/1.1" 200 -
2025-11-23 23:46:24,939 - werkzeug - INFO - 127.0.0.1 - - [23/Nov/2025 23:46:24] "POST /api/chat HTTP/1.1" 200 -
2025-11-23 23:47:03,785 - werkzeug - INFO -  * Detected change in 'D:\\Tek-UP\\4eme SDIA\\Semester2\\Project\\skinPredict\\front\\api\\app\\utils\\prompt_templates.py', reloading
2025-11-23 23:47:04,740 - werkzeug - INFO -  * Restarting with stat
2025-11-23 23:47:12,722 - app - INFO - Initializing utilities...
2025-11-23 23:47:12,811 - app.utils.image_processing - INFO - Face detection cascade loaded successfully
2025-11-23 23:47:12,812 - app - INFO - Initializing AI models...
2025-11-23 23:47:12,812 - app.models.skin_analysis_model - INFO - Attempting to load skin analysis model from: D:\Tek-UP\4eme SDIA\Semester2\Project\skinPredict\front\api\multitask_skin_model.h5
2025-11-23 23:47:12,813 - app.models.skin_analysis_model - WARNING - Using mock skin analysis model - replace with actual model loading
2025-11-23 23:47:12,814 - app.models.skin_analysis_model - INFO - Successfully loaded skin analysis model from: D:\Tek-UP\4eme SDIA\Semester2\Project\skinPredict\front\api\multitask_skin_model.h5
2025-11-23 23:47:12,814 - app.models.fairface_model - ERROR - Error loading FairFace model: 'str' object has no attribute 'exists'
2025-11-23 23:47:12,815 - app - INFO - Initializing business services...
2025-11-23 23:47:12,815 - app - INFO - All services initialized successfully
2025-11-23 23:47:12,822 - app - INFO - All API blueprints registered successfully
2025-11-23 23:47:12,823 - app - INFO - SkinPredict API application created successfully
2025-11-23 23:47:12,823 - __main__ - INFO - Starting server on 0.0.0.0:5000
2025-11-23 23:47:12,824 - __main__ - INFO - Debug mode: True
2025-11-23 23:47:12,824 - __main__ - INFO - Environment: development
2025-11-23 23:47:12,849 - werkzeug - WARNING -  * Debugger is active!
2025-11-23 23:47:12,863 - werkzeug - INFO -  * Debugger PIN: 523-896-134
2025-11-23 23:48:15,791 - werkzeug - INFO -  * Detected change in 'D:\\Tek-UP\\4eme SDIA\\Semester2\\Project\\skinPredict\\front\\api\\app\\utils\\prompt_templates.py', reloading
2025-11-23 23:48:16,505 - werkzeug - INFO -  * Restarting with stat
2025-11-23 23:48:24,022 - app - INFO - Initializing utilities...
2025-11-23 23:48:24,060 - app.utils.image_processing - INFO - Face detection cascade loaded successfully
2025-11-23 23:48:24,060 - app - INFO - Initializing AI models...
2025-11-23 23:48:24,061 - app.models.skin_analysis_model - INFO - Attempting to load skin analysis model from: D:\Tek-UP\4eme SDIA\Semester2\Project\skinPredict\front\api\multitask_skin_model.h5
2025-11-23 23:48:24,061 - app.models.skin_analysis_model - WARNING - Using mock skin analysis model - replace with actual model loading
2025-11-23 23:48:24,061 - app.models.skin_analysis_model - INFO - Successfully loaded skin analysis model from: D:\Tek-UP\4eme SDIA\Semester2\Project\skinPredict\front\api\multitask_skin_model.h5
2025-11-23 23:48:24,062 - app.models.fairface_model - ERROR - Error loading FairFace model: 'str' object has no attribute 'exists'
2025-11-23 23:48:24,063 - app - INFO - Initializing business services...
2025-11-23 23:48:24,063 - app - INFO - All services initialized successfully
2025-11-23 23:48:24,069 - app - INFO - All API blueprints registered successfully
2025-11-23 23:48:24,070 - app - INFO - SkinPredict API application created successfully
2025-11-23 23:48:24,070 - __main__ - INFO - Starting server on 0.0.0.0:5000
2025-11-23 23:48:24,070 - __main__ - INFO - Debug mode: True
2025-11-23 23:48:24,071 - __main__ - INFO - Environment: development
2025-11-23 23:48:24,098 - werkzeug - WARNING -  * Debugger is active!
2025-11-23 23:48:24,115 - werkzeug - INFO -  * Debugger PIN: 523-896-134
2025-11-23 23:49:06,040 - werkzeug - INFO -  * Detected change in 'D:\\Tek-UP\\4eme SDIA\\Semester2\\Project\\skinPredict\\front\\api\\app\\utils\\prompt_templates.py', reloading
2025-11-23 23:49:06,939 - werkzeug - INFO -  * Restarting with stat
2025-11-23 23:49:14,709 - app - INFO - Initializing utilities...
2025-11-23 23:49:14,747 - app.utils.image_processing - INFO - Face detection cascade loaded successfully
2025-11-23 23:49:14,748 - app - INFO - Initializing AI models...
2025-11-23 23:49:14,749 - app.models.skin_analysis_model - INFO - Attempting to load skin analysis model from: D:\Tek-UP\4eme SDIA\Semester2\Project\skinPredict\front\api\multitask_skin_model.h5
2025-11-23 23:49:14,750 - app.models.skin_analysis_model - WARNING - Using mock skin analysis model - replace with actual model loading
2025-11-23 23:49:14,750 - app.models.skin_analysis_model - INFO - Successfully loaded skin analysis model from: D:\Tek-UP\4eme SDIA\Semester2\Project\skinPredict\front\api\multitask_skin_model.h5
2025-11-23 23:49:14,752 - app.models.fairface_model - ERROR - Error loading FairFace model: 'str' object has no attribute 'exists'
2025-11-23 23:49:14,753 - app - INFO - Initializing business services...
2025-11-23 23:49:14,753 - app - INFO - All services initialized successfully
2025-11-23 23:49:14,758 - app - INFO - All API blueprints registered successfully
2025-11-23 23:49:14,758 - app - INFO - SkinPredict API application created successfully
2025-11-23 23:49:14,759 - __main__ - INFO - Starting server on 0.0.0.0:5000
2025-11-23 23:49:14,759 - __main__ - INFO - Debug mode: True
2025-11-23 23:49:14,759 - __main__ - INFO - Environment: development
2025-11-23 23:49:14,788 - werkzeug - WARNING -  * Debugger is active!
2025-11-23 23:49:14,800 - werkzeug - INFO -  * Debugger PIN: 523-896-134
2025-11-23 23:49:34,208 - werkzeug - INFO - 127.0.0.1 - - [23/Nov/2025 23:49:34] "OPTIONS /api/chat HTTP/1.1" 200 -
2025-11-23 23:49:34,480 - app.services.chat_service - INFO - Classified intent: general_skincare
2025-11-23 23:49:37,442 - werkzeug - INFO - 127.0.0.1 - - [23/Nov/2025 23:49:37] "POST /api/chat HTTP/1.1" 200 -
2025-11-23 23:49:51,932 - werkzeug - INFO - 127.0.0.1 - - [23/Nov/2025 23:49:51] "OPTIONS /api/chat HTTP/1.1" 200 -
2025-11-23 23:49:52,293 - app.services.chat_service - INFO - Classified intent: general_skincare
2025-11-23 23:49:55,052 - werkzeug - INFO - 127.0.0.1 - - [23/Nov/2025 23:49:55] "POST /api/chat HTTP/1.1" 200 -
2025-11-24 00:23:31,231 - werkzeug - INFO - 127.0.0.1 - - [24/Nov/2025 00:23:31] "OPTIONS /api/chat HTTP/1.1" 200 -
2025-11-24 00:23:31,498 - app.services.chat_service - INFO - Classified intent: general_skincare
2025-11-24 00:23:36,348 - werkzeug - INFO - 127.0.0.1 - - [24/Nov/2025 00:23:36] "POST /api/chat HTTP/1.1" 200 -
2025-11-24 00:29:08,877 - werkzeug - INFO -  * Detected change in 'D:\\Tek-UP\\4eme SDIA\\Semester2\\Project\\skinPredict\\front\\api\\app\\routes\\analysis_routes.py', reloading
2025-11-24 00:29:10,415 - werkzeug - INFO -  * Restarting with stat
2025-11-24 00:29:22,559 - app - INFO - Initializing utilities...
2025-11-24 00:29:22,612 - app.utils.image_processing - INFO - Face detection cascade loaded successfully
2025-11-24 00:29:22,612 - app - INFO - Initializing AI models...
2025-11-24 00:29:22,613 - app.models.skin_analysis_model - INFO - Attempting to load skin analysis model from: D:\Tek-UP\4eme SDIA\Semester2\Project\skinPredict\front\api\multitask_skin_model.h5
2025-11-24 00:29:22,614 - app.models.skin_analysis_model - WARNING - Using mock skin analysis model - replace with actual model loading
2025-11-24 00:29:22,614 - app.models.skin_analysis_model - INFO - Successfully loaded skin analysis model from: D:\Tek-UP\4eme SDIA\Semester2\Project\skinPredict\front\api\multitask_skin_model.h5
2025-11-24 00:29:22,615 - app.models.fairface_model - ERROR - Error loading FairFace model: 'str' object has no attribute 'exists'
2025-11-24 00:29:22,615 - app - INFO - Initializing business services...
2025-11-24 00:29:22,616 - app - INFO - All services initialized successfully
2025-11-24 00:29:22,628 - app - INFO - All API blueprints registered successfully
2025-11-24 00:29:22,629 - app - INFO - SkinPredict API application created successfully
2025-11-24 00:29:22,629 - __main__ - INFO - Starting server on 0.0.0.0:5000
2025-11-24 00:29:22,630 - __main__ - INFO - Debug mode: True
2025-11-24 00:29:22,630 - __main__ - INFO - Environment: development
2025-11-24 00:29:22,677 - werkzeug - WARNING -  * Debugger is active!
2025-11-24 00:29:22,696 - werkzeug - INFO -  * Debugger PIN: 523-896-134
2025-11-24 00:39:58,897 - werkzeug - INFO - 127.0.0.1 - - [24/Nov/2025 00:39:58] "OPTIONS /api/chat HTTP/1.1" 200 -
2025-11-24 00:39:59,143 - app.services.chat_service - INFO - Classified intent: routine_advice
2025-11-24 00:40:00,678 - werkzeug - INFO - 127.0.0.1 - - [24/Nov/2025 00:40:00] "POST /api/chat HTTP/1.1" 200 -
2025-11-24 00:40:28,972 - werkzeug - INFO - 127.0.0.1 - - [24/Nov/2025 00:40:28] "OPTIONS /api/chat HTTP/1.1" 200 -
2025-11-24 00:40:29,282 - app.services.chat_service - INFO - Classified intent: casual_conversation
2025-11-24 00:40:29,283 - werkzeug - INFO - 127.0.0.1 - - [24/Nov/2025 00:40:29] "POST /api/chat HTTP/1.1" 200 -
2025-11-24 00:43:05,534 - werkzeug - INFO - 127.0.0.1 - - [24/Nov/2025 00:43:05] "OPTIONS /api/analyze HTTP/1.1" 200 -
2025-11-24 00:43:06,459 - app.utils.image_processing - INFO - Face detected and cropped: 144x144 at (61, 63)
2025-11-24 00:43:06,461 - app.services.analysis_service - INFO - FairFace model not available - using default demographics
2025-11-24 00:43:06,463 - werkzeug - INFO - 127.0.0.1 - - [24/Nov/2025 00:43:06] "POST /api/analyze HTTP/1.1" 200 -
2025-11-24 00:43:06,669 - werkzeug - INFO - 127.0.0.1 - - [24/Nov/2025 00:43:06] "OPTIONS /api/chat HTTP/1.1" 200 -
2025-11-24 00:43:06,998 - app.services.chat_service - INFO - Classified intent: skin_analysis
2025-11-24 00:43:11,592 - werkzeug - INFO - 127.0.0.1 - - [24/Nov/2025 00:43:11] "POST /api/chat HTTP/1.1" 200 -
2025-11-24 00:46:30,431 - werkzeug - INFO -  * Detected change in 'D:\\Tek-UP\\4eme SDIA\\Semester2\\Project\\skinPredict\\front\\api\\app\\services\\chat_service.py', reloading
2025-11-24 00:46:31,333 - werkzeug - INFO -  * Restarting with stat
2025-11-24 00:46:41,928 - app - INFO - Initializing utilities...
2025-11-24 00:46:41,975 - app.utils.image_processing - INFO - Face detection cascade loaded successfully
2025-11-24 00:46:41,976 - app - INFO - Initializing AI models...
2025-11-24 00:46:41,977 - app.models.skin_analysis_model - INFO - Attempting to load skin analysis model from: D:\Tek-UP\4eme SDIA\Semester2\Project\skinPredict\front\api\multitask_skin_model.h5
2025-11-24 00:46:41,978 - app.models.skin_analysis_model - WARNING - Using mock skin analysis model - replace with actual model loading
2025-11-24 00:46:41,978 - app.models.skin_analysis_model - INFO - Successfully loaded skin analysis model from: D:\Tek-UP\4eme SDIA\Semester2\Project\skinPredict\front\api\multitask_skin_model.h5
2025-11-24 00:46:41,980 - app.models.fairface_model - ERROR - Error loading FairFace model: 'str' object has no attribute 'exists'
2025-11-24 00:46:41,981 - app - INFO - Initializing business services...
2025-11-24 00:46:41,981 - app - INFO - All services initialized successfully
2025-11-24 00:46:41,987 - app - INFO - All API blueprints registered successfully
2025-11-24 00:46:41,987 - app - INFO - SkinPredict API application created successfully
2025-11-24 00:46:41,988 - __main__ - INFO - Starting server on 0.0.0.0:5000
2025-11-24 00:46:41,988 - __main__ - INFO - Debug mode: True
2025-11-24 00:46:41,988 - __main__ - INFO - Environment: development
2025-11-24 00:46:42,015 - werkzeug - WARNING -  * Debugger is active!
2025-11-24 00:46:42,030 - werkzeug - INFO -  * Debugger PIN: 523-896-134
2025-11-24 00:47:26,323 - werkzeug - INFO - 127.0.0.1 - - [24/Nov/2025 00:47:26] "OPTIONS /api/analyze HTTP/1.1" 200 -
2025-11-24 00:47:27,220 - app.utils.image_processing - INFO - Face detected and cropped: 231x231 at (102, 128)
2025-11-24 00:47:27,222 - app.services.analysis_service - INFO - FairFace model not available - using default demographics
2025-11-24 00:47:27,223 - werkzeug - INFO - 127.0.0.1 - - [24/Nov/2025 00:47:27] "POST /api/analyze HTTP/1.1" 200 -
2025-11-24 00:47:27,302 - werkzeug - INFO - 127.0.0.1 - - [24/Nov/2025 00:47:27] "OPTIONS /api/chat HTTP/1.1" 200 -
2025-11-24 00:47:27,612 - app.services.chat_service - INFO - Classified intent: skin_analysis
2025-11-24 00:47:32,037 - werkzeug - INFO - 127.0.0.1 - - [24/Nov/2025 00:47:32] "POST /api/chat HTTP/1.1" 200 -
2025-11-24 00:48:14,805 - werkzeug - INFO - 127.0.0.1 - - [24/Nov/2025 00:48:14] "OPTIONS /api/chat HTTP/1.1" 200 -
2025-11-24 00:48:15,112 - app.services.chat_service - INFO - Classified intent: routine_advice
2025-11-24 00:48:17,802 - werkzeug - INFO - 127.0.0.1 - - [24/Nov/2025 00:48:17] "POST /api/chat HTTP/1.1" 200 -
2025-11-24 00:48:55,862 - werkzeug - INFO - 127.0.0.1 - - [24/Nov/2025 00:48:55] "OPTIONS /api/chat HTTP/1.1" 200 -
2025-11-24 00:48:56,173 - app.services.chat_service - INFO - Classified intent: product_recommendation
2025-11-24 00:49:06,392 - werkzeug - INFO - 127.0.0.1 - - [24/Nov/2025 00:49:06] "POST /api/chat HTTP/1.1" 200 -
2025-11-24 00:49:21,595 - werkzeug - INFO - 127.0.0.1 - - [24/Nov/2025 00:49:21] "OPTIONS /api/chat HTTP/1.1" 200 -
2025-11-24 00:49:21,911 - app.services.chat_service - INFO - Classified intent: product_recommendation
2025-11-24 00:49:24,301 - werkzeug - INFO - 127.0.0.1 - - [24/Nov/2025 00:49:24] "POST /api/chat HTTP/1.1" 200 -
2025-11-24 00:55:14,663 - werkzeug - INFO -  * Detected change in 'D:\\Tek-UP\\4eme SDIA\\Semester2\\Project\\skinPredict\\front\\api\\app\\services\\chat_service.py', reloading
2025-11-24 00:55:15,307 - werkzeug - INFO -  * Restarting with stat
2025-11-24 00:55:23,526 - app - INFO - Initializing utilities...
2025-11-24 00:55:23,562 - app.utils.image_processing - INFO - Face detection cascade loaded successfully
2025-11-24 00:55:23,562 - app - INFO - Initializing AI models...
2025-11-24 00:55:23,563 - app.models.skin_analysis_model - INFO - Attempting to load skin analysis model from: D:\Tek-UP\4eme SDIA\Semester2\Project\skinPredict\front\api\multitask_skin_model.h5
2025-11-24 00:55:23,563 - app.models.skin_analysis_model - WARNING - Using mock skin analysis model - replace with actual model loading
2025-11-24 00:55:23,564 - app.models.skin_analysis_model - INFO - Successfully loaded skin analysis model from: D:\Tek-UP\4eme SDIA\Semester2\Project\skinPredict\front\api\multitask_skin_model.h5
2025-11-24 00:55:23,565 - app.models.fairface_model - ERROR - Error loading FairFace model: 'str' object has no attribute 'exists'
2025-11-24 00:55:23,566 - app - INFO - Initializing business services...
2025-11-24 00:55:23,567 - app - INFO - All services initialized successfully
2025-11-24 00:55:23,572 - app - INFO - All API blueprints registered successfully
2025-11-24 00:55:23,573 - app - INFO - SkinPredict API application created successfully
2025-11-24 00:55:23,573 - __main__ - INFO - Starting server on 0.0.0.0:5000
2025-11-24 00:55:23,573 - __main__ - INFO - Debug mode: True
2025-11-24 00:55:23,574 - __main__ - INFO - Environment: development
2025-11-24 00:55:23,598 - werkzeug - WARNING -  * Debugger is active!
2025-11-24 00:55:23,612 - werkzeug - INFO -  * Debugger PIN: 523-896-134
2025-11-24 00:57:25,385 - werkzeug - INFO - 127.0.0.1 - - [24/Nov/2025 00:57:25] "OPTIONS /api/analyze HTTP/1.1" 200 -
2025-11-24 00:57:26,351 - app.utils.image_processing - WARNING - No faces detected in image
2025-11-24 00:57:26,352 - app.services.analysis_service - ERROR - Error in skin analysis: No face detected in the image
2025-11-24 00:57:26,352 - app.routes.analysis_routes - ERROR - Error in skin analysis: Analysis failed: No face detected in the image
Traceback (most recent call last):
  File "D:\Tek-UP\4eme SDIA\Semester2\Project\skinPredict\front\api\app\services\analysis_service.py", line 68, in analyze_skin
    raise ValueError("No face detected in the image")
ValueError: No face detected in the image

During handling of the above exception, another exception occurred:

Traceback (most recent call last):
  File "D:\Tek-UP\4eme SDIA\Semester2\Project\skinPredict\front\api\app\routes\analysis_routes.py", line 42, in analyze_skin
    results = analysis_service.analyze_skin(image_data)
              ^^^^^^^^^^^^^^^^^^^^^^^^^^^^^^^^^^^^^^^^^
  File "D:\Tek-UP\4eme SDIA\Semester2\Project\skinPredict\front\api\app\services\analysis_service.py", line 89, in analyze_skin
    raise ValueError(f"Analysis failed: {e}")
ValueError: Analysis failed: No face detected in the image
2025-11-24 00:57:26,357 - werkzeug - INFO - 127.0.0.1 - - [24/Nov/2025 00:57:26] "[35m[1mPOST /api/analyze HTTP/1.1[0m" 500 -
2025-11-24 00:57:35,981 - werkzeug - INFO - 127.0.0.1 - - [24/Nov/2025 00:57:35] "OPTIONS /api/analyze HTTP/1.1" 200 -
2025-11-24 00:57:36,323 - app.utils.image_processing - WARNING - No faces detected in image
2025-11-24 00:57:36,323 - app.services.analysis_service - ERROR - Error in skin analysis: No face detected in the image
2025-11-24 00:57:36,324 - app.routes.analysis_routes - ERROR - Error in skin analysis: Analysis failed: No face detected in the image
Traceback (most recent call last):
  File "D:\Tek-UP\4eme SDIA\Semester2\Project\skinPredict\front\api\app\services\analysis_service.py", line 68, in analyze_skin
    raise ValueError("No face detected in the image")
ValueError: No face detected in the image

During handling of the above exception, another exception occurred:

Traceback (most recent call last):
  File "D:\Tek-UP\4eme SDIA\Semester2\Project\skinPredict\front\api\app\routes\analysis_routes.py", line 42, in analyze_skin
    results = analysis_service.analyze_skin(image_data)
              ^^^^^^^^^^^^^^^^^^^^^^^^^^^^^^^^^^^^^^^^^
  File "D:\Tek-UP\4eme SDIA\Semester2\Project\skinPredict\front\api\app\services\analysis_service.py", line 89, in analyze_skin
    raise ValueError(f"Analysis failed: {e}")
ValueError: Analysis failed: No face detected in the image
2025-11-24 00:57:36,330 - werkzeug - INFO - 127.0.0.1 - - [24/Nov/2025 00:57:36] "[35m[1mPOST /api/analyze HTTP/1.1[0m" 500 -
2025-11-24 00:58:30,701 - werkzeug - INFO - 127.0.0.1 - - [24/Nov/2025 00:58:30] "OPTIONS /api/analyze HTTP/1.1" 200 -
2025-11-24 00:58:31,036 - app.utils.image_processing - INFO - Face detected and cropped: 234x234 at (108, 128)
2025-11-24 00:58:31,038 - app.services.analysis_service - INFO - FairFace model not available - using default demographics
2025-11-24 00:58:31,039 - werkzeug - INFO - 127.0.0.1 - - [24/Nov/2025 00:58:31] "POST /api/analyze HTTP/1.1" 200 -
2025-11-24 00:58:31,271 - werkzeug - INFO - 127.0.0.1 - - [24/Nov/2025 00:58:31] "OPTIONS /api/chat HTTP/1.1" 200 -
2025-11-24 00:58:31,584 - app.services.chat_service - INFO - Classified intent: skin_analysis
2025-11-24 00:58:38,517 - werkzeug - INFO - 127.0.0.1 - - [24/Nov/2025 00:58:38] "POST /api/chat HTTP/1.1" 200 -
2025-11-24 00:58:57,612 - werkzeug - INFO - 127.0.0.1 - - [24/Nov/2025 00:58:57] "OPTIONS /api/chat HTTP/1.1" 200 -
2025-11-24 00:58:57,920 - app.services.chat_service - INFO - Classified intent: routine_advice
2025-11-24 00:59:05,269 - werkzeug - INFO - 127.0.0.1 - - [24/Nov/2025 00:59:05] "POST /api/chat HTTP/1.1" 200 -
2025-11-24 00:59:38,613 - werkzeug - INFO - 127.0.0.1 - - [24/Nov/2025 00:59:38] "OPTIONS /api/chat HTTP/1.1" 200 -
2025-11-24 00:59:38,925 - app.services.chat_service - INFO - Classified intent: product_recommendation
2025-11-24 00:59:44,862 - werkzeug - INFO - 127.0.0.1 - - [24/Nov/2025 00:59:44] "POST /api/chat HTTP/1.1" 200 -
2025-11-24 01:00:16,773 - werkzeug - INFO - 127.0.0.1 - - [24/Nov/2025 01:00:16] "OPTIONS /api/chat HTTP/1.1" 200 -
2025-11-24 01:00:17,090 - app.services.chat_service - INFO - Classified intent: product_recommendation
2025-11-24 01:00:22,769 - werkzeug - INFO - 127.0.0.1 - - [24/Nov/2025 01:00:22] "POST /api/chat HTTP/1.1" 200 -
2025-11-24 01:04:09,151 - werkzeug - INFO -  * Detected change in 'D:\\Tek-UP\\4eme SDIA\\Semester2\\Project\\skinPredict\\front\\api\\app\\services\\chat_service.py', reloading
2025-11-24 01:04:09,748 - werkzeug - INFO -  * Restarting with stat
2025-11-24 01:04:17,474 - app - INFO - Initializing utilities...
2025-11-24 01:04:17,508 - app.utils.image_processing - INFO - Face detection cascade loaded successfully
2025-11-24 01:04:17,509 - app - INFO - Initializing AI models...
2025-11-24 01:04:17,510 - app.models.skin_analysis_model - INFO - Attempting to load skin analysis model from: D:\Tek-UP\4eme SDIA\Semester2\Project\skinPredict\front\api\multitask_skin_model.h5
2025-11-24 01:04:17,510 - app.models.skin_analysis_model - WARNING - Using mock skin analysis model - replace with actual model loading
2025-11-24 01:04:17,510 - app.models.skin_analysis_model - INFO - Successfully loaded skin analysis model from: D:\Tek-UP\4eme SDIA\Semester2\Project\skinPredict\front\api\multitask_skin_model.h5
2025-11-24 01:04:17,511 - app.models.fairface_model - ERROR - Error loading FairFace model: 'str' object has no attribute 'exists'
2025-11-24 01:04:17,512 - app - INFO - Initializing business services...
2025-11-24 01:04:17,512 - app - INFO - All services initialized successfully
2025-11-24 01:04:17,517 - app - INFO - All API blueprints registered successfully
2025-11-24 01:04:17,517 - app - INFO - SkinPredict API application created successfully
2025-11-24 01:04:17,518 - __main__ - INFO - Starting server on 0.0.0.0:5000
2025-11-24 01:04:17,518 - __main__ - INFO - Debug mode: True
2025-11-24 01:04:17,519 - __main__ - INFO - Environment: development
2025-11-24 01:04:17,544 - werkzeug - WARNING -  * Debugger is active!
2025-11-24 01:04:17,557 - werkzeug - INFO -  * Debugger PIN: 523-896-134
2025-11-24 01:06:29,459 - werkzeug - INFO - 127.0.0.1 - - [24/Nov/2025 01:06:29] "OPTIONS /api/analyze HTTP/1.1" 200 -
2025-11-24 01:06:30,351 - app.utils.image_processing - INFO - Face detected and cropped: 253x253 at (109, 129)
2025-11-24 01:06:30,353 - app.services.analysis_service - INFO - FairFace model not available - using default demographics
2025-11-24 01:06:30,354 - werkzeug - INFO - 127.0.0.1 - - [24/Nov/2025 01:06:30] "POST /api/analyze HTTP/1.1" 200 -
2025-11-24 01:06:31,264 - werkzeug - INFO - 127.0.0.1 - - [24/Nov/2025 01:06:31] "OPTIONS /api/chat HTTP/1.1" 200 -
2025-11-24 01:06:31,572 - app.services.chat_service - INFO - Classified intent: skin_analysis
2025-11-24 01:06:38,855 - werkzeug - INFO - 127.0.0.1 - - [24/Nov/2025 01:06:38] "POST /api/chat HTTP/1.1" 200 -
2025-11-24 01:14:00,668 - werkzeug - INFO -  * Detected change in 'D:\\Tek-UP\\4eme SDIA\\Semester2\\Project\\skinPredict\\front\\api\\app\\services\\chat_service.py', reloading
2025-11-24 01:14:01,335 - werkzeug - INFO -  * Restarting with stat
2025-11-24 01:14:10,318 - app - INFO - Initializing utilities...
2025-11-24 01:14:10,353 - app.utils.image_processing - INFO - Face detection cascade loaded successfully
2025-11-24 01:14:10,353 - app - INFO - Initializing AI models...
2025-11-24 01:14:10,354 - app.models.skin_analysis_model - INFO - Attempting to load skin analysis model from: D:\Tek-UP\4eme SDIA\Semester2\Project\skinPredict\front\api\multitask_skin_model.h5
2025-11-24 01:14:10,355 - app.models.skin_analysis_model - WARNING - Using mock skin analysis model - replace with actual model loading
2025-11-24 01:14:10,355 - app.models.skin_analysis_model - INFO - Successfully loaded skin analysis model from: D:\Tek-UP\4eme SDIA\Semester2\Project\skinPredict\front\api\multitask_skin_model.h5
2025-11-24 01:14:10,356 - app.models.fairface_model - ERROR - Error loading FairFace model: 'str' object has no attribute 'exists'
2025-11-24 01:14:10,357 - app - INFO - Initializing business services...
2025-11-24 01:14:10,357 - app - INFO - All services initialized successfully
2025-11-24 01:14:10,362 - app - INFO - All API blueprints registered successfully
2025-11-24 01:14:10,362 - app - INFO - SkinPredict API application created successfully
2025-11-24 01:14:10,363 - __main__ - INFO - Starting server on 0.0.0.0:5000
2025-11-24 01:14:10,363 - __main__ - INFO - Debug mode: True
2025-11-24 01:14:10,364 - __main__ - INFO - Environment: development
2025-11-24 01:14:10,390 - werkzeug - WARNING -  * Debugger is active!
2025-11-24 01:14:10,403 - werkzeug - INFO -  * Debugger PIN: 523-896-134
2025-11-24 01:14:54,842 - werkzeug - INFO - 127.0.0.1 - - [24/Nov/2025 01:14:54] "OPTIONS /api/chat HTTP/1.1" 200 -
2025-11-24 01:14:55,103 - app.services.chat_service - INFO - Classified intent: general_skincare
2025-11-24 01:14:58,238 - werkzeug - INFO - 127.0.0.1 - - [24/Nov/2025 01:14:58] "POST /api/chat HTTP/1.1" 200 -
2025-11-24 01:15:28,491 - werkzeug - INFO - 127.0.0.1 - - [24/Nov/2025 01:15:28] "OPTIONS /api/analyze HTTP/1.1" 200 -
2025-11-24 01:15:29,434 - app.utils.image_processing - INFO - Face detected and cropped: 245x245 at (122, 147)
2025-11-24 01:15:29,436 - app.services.analysis_service - INFO - FairFace model not available - using default demographics
2025-11-24 01:15:29,437 - werkzeug - INFO - 127.0.0.1 - - [24/Nov/2025 01:15:29] "POST /api/analyze HTTP/1.1" 200 -
2025-11-24 01:15:29,506 - werkzeug - INFO - 127.0.0.1 - - [24/Nov/2025 01:15:29] "OPTIONS /api/chat HTTP/1.1" 200 -
2025-11-24 01:15:29,822 - app.services.chat_service - INFO - Classified intent: skin_analysis
2025-11-24 01:15:33,068 - werkzeug - INFO - 127.0.0.1 - - [24/Nov/2025 01:15:33] "POST /api/chat HTTP/1.1" 200 -
2025-11-24 01:15:46,345 - werkzeug - INFO - 127.0.0.1 - - [24/Nov/2025 01:15:46] "OPTIONS /api/chat HTTP/1.1" 200 -
2025-11-24 01:15:46,665 - app.services.chat_service - INFO - Classified intent: ingredient_inquiry
2025-11-24 01:15:52,056 - werkzeug - INFO - 127.0.0.1 - - [24/Nov/2025 01:15:52] "POST /api/chat HTTP/1.1" 200 -
2025-11-24 01:16:56,350 - werkzeug - INFO -  * Detected change in 'D:\\Tek-UP\\4eme SDIA\\Semester2\\Project\\skinPredict\\front\\api\\app\\utils\\prompt_templates.py', reloading
2025-11-24 01:16:56,963 - werkzeug - INFO -  * Restarting with stat
2025-11-24 01:17:04,804 - app - INFO - Initializing utilities...
2025-11-24 01:17:04,842 - app.utils.image_processing - INFO - Face detection cascade loaded successfully
2025-11-24 01:17:04,843 - app - INFO - Initializing AI models...
2025-11-24 01:17:04,843 - app.models.skin_analysis_model - INFO - Attempting to load skin analysis model from: D:\Tek-UP\4eme SDIA\Semester2\Project\skinPredict\front\api\multitask_skin_model.h5
2025-11-24 01:17:04,844 - app.models.skin_analysis_model - WARNING - Using mock skin analysis model - replace with actual model loading
2025-11-24 01:17:04,844 - app.models.skin_analysis_model - INFO - Successfully loaded skin analysis model from: D:\Tek-UP\4eme SDIA\Semester2\Project\skinPredict\front\api\multitask_skin_model.h5
2025-11-24 01:17:04,845 - app.models.fairface_model - ERROR - Error loading FairFace model: 'str' object has no attribute 'exists'
2025-11-24 01:17:04,845 - app - INFO - Initializing business services...
2025-11-24 01:17:04,845 - app - INFO - All services initialized successfully
2025-11-24 01:17:04,851 - app - INFO - All API blueprints registered successfully
2025-11-24 01:17:04,851 - app - INFO - SkinPredict API application created successfully
2025-11-24 01:17:04,851 - __main__ - INFO - Starting server on 0.0.0.0:5000
2025-11-24 01:17:04,852 - __main__ - INFO - Debug mode: True
2025-11-24 01:17:04,852 - __main__ - INFO - Environment: development
2025-11-24 01:17:04,880 - werkzeug - WARNING -  * Debugger is active!
2025-11-24 01:17:04,891 - werkzeug - INFO -  * Debugger PIN: 523-896-134
2025-11-24 01:17:18,074 - werkzeug - INFO -  * Detected change in 'D:\\Tek-UP\\4eme SDIA\\Semester2\\Project\\skinPredict\\front\\api\\app\\services\\chat_service.py', reloading
2025-11-24 01:17:18,789 - werkzeug - INFO -  * Restarting with stat
2025-11-24 01:17:28,379 - app - INFO - Initializing utilities...
2025-11-24 01:17:28,424 - app.utils.image_processing - INFO - Face detection cascade loaded successfully
2025-11-24 01:17:28,425 - app - INFO - Initializing AI models...
2025-11-24 01:17:28,426 - app.models.skin_analysis_model - INFO - Attempting to load skin analysis model from: D:\Tek-UP\4eme SDIA\Semester2\Project\skinPredict\front\api\multitask_skin_model.h5
2025-11-24 01:17:28,427 - app.models.skin_analysis_model - WARNING - Using mock skin analysis model - replace with actual model loading
2025-11-24 01:17:28,428 - app.models.skin_analysis_model - INFO - Successfully loaded skin analysis model from: D:\Tek-UP\4eme SDIA\Semester2\Project\skinPredict\front\api\multitask_skin_model.h5
2025-11-24 01:17:28,429 - app.models.fairface_model - ERROR - Error loading FairFace model: 'str' object has no attribute 'exists'
2025-11-24 01:17:28,429 - app - INFO - Initializing business services...
2025-11-24 01:17:28,429 - app - INFO - All services initialized successfully
2025-11-24 01:17:28,439 - app - INFO - All API blueprints registered successfully
2025-11-24 01:17:28,439 - app - INFO - SkinPredict API application created successfully
2025-11-24 01:17:28,440 - __main__ - INFO - Starting server on 0.0.0.0:5000
2025-11-24 01:17:28,441 - __main__ - INFO - Debug mode: True
2025-11-24 01:17:28,441 - __main__ - INFO - Environment: development
2025-11-24 01:17:28,480 - werkzeug - WARNING -  * Debugger is active!
2025-11-24 01:17:28,495 - werkzeug - INFO -  * Debugger PIN: 523-896-134
2025-11-24 01:24:26,700 - werkzeug - INFO -  * Detected change in 'D:\\Tek-UP\\4eme SDIA\\Semester2\\Project\\skinPredict\\front\\api\\app\\services\\chat_service.py', reloading
2025-11-24 01:24:27,855 - werkzeug - INFO -  * Restarting with stat
2025-11-24 01:24:36,939 - app - INFO - Initializing utilities...
2025-11-24 01:24:36,973 - app.utils.image_processing - INFO - Face detection cascade loaded successfully
2025-11-24 01:24:36,973 - app - INFO - Initializing AI models...
2025-11-24 01:24:36,974 - app.models.skin_analysis_model - INFO - Attempting to load skin analysis model from: D:\Tek-UP\4eme SDIA\Semester2\Project\skinPredict\front\api\multitask_skin_model.h5
2025-11-24 01:24:36,975 - app.models.skin_analysis_model - WARNING - Using mock skin analysis model - replace with actual model loading
2025-11-24 01:24:36,975 - app.models.skin_analysis_model - INFO - Successfully loaded skin analysis model from: D:\Tek-UP\4eme SDIA\Semester2\Project\skinPredict\front\api\multitask_skin_model.h5
2025-11-24 01:24:36,977 - app.models.fairface_model - ERROR - Error loading FairFace model: 'str' object has no attribute 'exists'
2025-11-24 01:24:36,977 - app - INFO - Initializing business services...
2025-11-24 01:24:36,977 - app - INFO - All services initialized successfully
2025-11-24 01:24:36,982 - app - INFO - All API blueprints registered successfully
2025-11-24 01:24:36,983 - app - INFO - SkinPredict API application created successfully
2025-11-24 01:24:36,983 - __main__ - INFO - Starting server on 0.0.0.0:5000
2025-11-24 01:24:36,984 - __main__ - INFO - Debug mode: True
2025-11-24 01:24:36,984 - __main__ - INFO - Environment: development
2025-11-24 01:24:37,008 - werkzeug - WARNING -  * Debugger is active!
2025-11-24 01:24:37,020 - werkzeug - INFO -  * Debugger PIN: 523-896-134
2025-11-24 01:28:40,573 - werkzeug - INFO -  * Detected change in 'D:\\Tek-UP\\4eme SDIA\\Semester2\\Project\\skinPredict\\front\\api\\app\\config\\config.py', reloading
2025-11-24 01:28:41,249 - werkzeug - INFO -  * Restarting with stat
2025-11-24 01:28:48,747 - app - INFO - Initializing utilities...
2025-11-24 01:28:48,780 - app.utils.image_processing - INFO - Face detection cascade loaded successfully
2025-11-24 01:28:48,781 - app - INFO - Initializing AI models...
2025-11-24 01:28:48,781 - app.models.skin_analysis_model - INFO - Attempting to load skin analysis model from: D:\Tek-UP\4eme SDIA\Semester2\Project\skinPredict\front\api\multitask_skin_model.h5
2025-11-24 01:28:48,782 - app.models.skin_analysis_model - WARNING - Using mock skin analysis model - replace with actual model loading
2025-11-24 01:28:48,782 - app.models.skin_analysis_model - INFO - Successfully loaded skin analysis model from: D:\Tek-UP\4eme SDIA\Semester2\Project\skinPredict\front\api\multitask_skin_model.h5
2025-11-24 01:28:48,783 - app.models.fairface_model - ERROR - Error loading FairFace model: 'str' object has no attribute 'exists'
2025-11-24 01:28:48,784 - app - INFO - Initializing business services...
2025-11-24 01:28:48,784 - app - INFO - All services initialized successfully
2025-11-24 01:28:48,790 - app - INFO - All API blueprints registered successfully
2025-11-24 01:28:48,791 - app - INFO - SkinPredict API application created successfully
2025-11-24 01:28:48,791 - __main__ - INFO - Starting server on 0.0.0.0:5000
2025-11-24 01:28:48,791 - __main__ - INFO - Debug mode: True
2025-11-24 01:28:48,792 - __main__ - INFO - Environment: development
2025-11-24 01:28:48,813 - werkzeug - WARNING -  * Debugger is active!
2025-11-24 01:28:48,825 - werkzeug - INFO -  * Debugger PIN: 523-896-134
2025-11-24 01:28:54,972 - werkzeug - INFO -  * Detected change in 'D:\\Tek-UP\\4eme SDIA\\Semester2\\Project\\skinPredict\\front\\api\\app\\database\\db_manager.py', reloading
2025-11-24 01:28:55,752 - werkzeug - INFO -  * Restarting with stat
2025-11-24 01:29:06,033 - app - INFO - Initializing utilities...
2025-11-24 01:29:06,068 - app.utils.image_processing - INFO - Face detection cascade loaded successfully
2025-11-24 01:29:06,068 - app - INFO - Initializing AI models...
2025-11-24 01:29:06,069 - app.models.skin_analysis_model - INFO - Attempting to load skin analysis model from: D:\Tek-UP\4eme SDIA\Semester2\Project\skinPredict\front\api\multitask_skin_model.h5
2025-11-24 01:29:06,070 - app.models.skin_analysis_model - WARNING - Using mock skin analysis model - replace with actual model loading
2025-11-24 01:29:06,070 - app.models.skin_analysis_model - INFO - Successfully loaded skin analysis model from: D:\Tek-UP\4eme SDIA\Semester2\Project\skinPredict\front\api\multitask_skin_model.h5
2025-11-24 01:29:06,071 - app.models.fairface_model - ERROR - Error loading FairFace model: 'str' object has no attribute 'exists'
2025-11-24 01:29:06,071 - app - INFO - Initializing business services...
2025-11-24 01:29:06,072 - app - INFO - All services initialized successfully
2025-11-24 01:29:06,078 - app - INFO - All API blueprints registered successfully
2025-11-24 01:29:06,079 - app - INFO - SkinPredict API application created successfully
2025-11-24 01:29:06,079 - __main__ - INFO - Starting server on 0.0.0.0:5000
2025-11-24 01:29:06,080 - __main__ - INFO - Debug mode: True
2025-11-24 01:29:06,080 - __main__ - INFO - Environment: development
2025-11-24 01:29:06,104 - werkzeug - WARNING -  * Debugger is active!
2025-11-24 01:29:06,116 - werkzeug - INFO -  * Debugger PIN: 523-896-134
2025-11-24 01:30:06,318 - werkzeug - INFO -  * Detected change in 'D:\\Tek-UP\\4eme SDIA\\Semester2\\Project\\skinPredict\\front\\api\\app\\database\\__init__.py', reloading
2025-11-24 01:30:07,146 - werkzeug - INFO -  * Restarting with stat
2025-11-24 01:30:15,692 - app - INFO - Initializing utilities...
2025-11-24 01:30:15,733 - app.utils.image_processing - INFO - Face detection cascade loaded successfully
2025-11-24 01:30:15,733 - app - INFO - Initializing AI models...
2025-11-24 01:30:15,734 - app.models.skin_analysis_model - INFO - Attempting to load skin analysis model from: D:\Tek-UP\4eme SDIA\Semester2\Project\skinPredict\front\api\multitask_skin_model.h5
2025-11-24 01:30:15,735 - app.models.skin_analysis_model - WARNING - Using mock skin analysis model - replace with actual model loading
2025-11-24 01:30:15,735 - app.models.skin_analysis_model - INFO - Successfully loaded skin analysis model from: D:\Tek-UP\4eme SDIA\Semester2\Project\skinPredict\front\api\multitask_skin_model.h5
2025-11-24 01:30:15,736 - app.models.fairface_model - ERROR - Error loading FairFace model: 'str' object has no attribute 'exists'
2025-11-24 01:30:15,737 - app - INFO - Initializing business services...
2025-11-24 01:30:15,737 - app - INFO - All services initialized successfully
2025-11-24 01:30:15,742 - app - INFO - All API blueprints registered successfully
2025-11-24 01:30:15,742 - app - INFO - SkinPredict API application created successfully
2025-11-24 01:30:15,742 - __main__ - INFO - Starting server on 0.0.0.0:5000
2025-11-24 01:30:15,742 - __main__ - INFO - Debug mode: True
2025-11-24 01:30:15,743 - __main__ - INFO - Environment: development
2025-11-24 01:30:15,769 - werkzeug - WARNING -  * Debugger is active!
2025-11-24 01:30:15,781 - werkzeug - INFO -  * Debugger PIN: 523-896-134
2025-11-24 01:30:54,627 - werkzeug - INFO -  * Detected change in 'D:\\Tek-UP\\4eme SDIA\\Semester2\\Project\\skinPredict\\front\\api\\app\\__init__.py', reloading
2025-11-24 01:30:55,347 - werkzeug - INFO -  * Restarting with stat
2025-11-24 01:36:34,574 - app - INFO - Initializing utilities...
2025-11-24 01:36:34,612 - app.utils.image_processing - INFO - Face detection cascade loaded successfully
2025-11-24 01:36:34,612 - app - INFO - Initializing AI models...
2025-11-24 01:36:34,613 - app.models.skin_analysis_model - INFO - Attempting to load skin analysis model from: D:\Tek-UP\4eme SDIA\Semester2\Project\skinPredict\front\api\multitask_skin_model.h5
2025-11-24 01:36:34,613 - app.models.skin_analysis_model - WARNING - Using mock skin analysis model - replace with actual model loading
2025-11-24 01:36:34,614 - app.models.skin_analysis_model - INFO - Successfully loaded skin analysis model from: D:\Tek-UP\4eme SDIA\Semester2\Project\skinPredict\front\api\multitask_skin_model.h5
2025-11-24 01:36:34,614 - app.models.fairface_model - ERROR - Error loading FairFace model: 'str' object has no attribute 'exists'
2025-11-24 01:36:34,615 - app - INFO - Initializing business services...
2025-11-24 01:36:34,615 - app - INFO - All services initialized successfully
2025-11-24 01:36:34,622 - app - INFO - All API blueprints registered successfully
2025-11-24 01:36:34,623 - app - INFO - SkinPredict API application created successfully
2025-11-24 01:36:34,623 - __main__ - INFO - Starting server on 0.0.0.0:5000
2025-11-24 01:36:34,623 - __main__ - INFO - Debug mode: True
2025-11-24 01:36:34,624 - __main__ - INFO - Environment: development
2025-11-24 01:36:35,552 - werkzeug - INFO - [31m[1mWARNING: This is a development server. Do not use it in a production deployment. Use a production WSGI server instead.[0m
 * Running on all addresses (0.0.0.0)
 * Running on http://127.0.0.1:5000
 * Running on http://192.168.1.16:5000
2025-11-24 01:36:35,552 - werkzeug - INFO - [33mPress CTRL+C to quit[0m
2025-11-24 01:36:35,555 - werkzeug - INFO -  * Restarting with stat
2025-11-24 01:36:44,950 - app - INFO - Initializing utilities...
2025-11-24 01:36:45,009 - app.utils.image_processing - INFO - Face detection cascade loaded successfully
2025-11-24 01:36:45,010 - app - INFO - Initializing AI models...
2025-11-24 01:36:45,011 - app.models.skin_analysis_model - INFO - Attempting to load skin analysis model from: D:\Tek-UP\4eme SDIA\Semester2\Project\skinPredict\front\api\multitask_skin_model.h5
2025-11-24 01:36:45,012 - app.models.skin_analysis_model - WARNING - Using mock skin analysis model - replace with actual model loading
2025-11-24 01:36:45,012 - app.models.skin_analysis_model - INFO - Successfully loaded skin analysis model from: D:\Tek-UP\4eme SDIA\Semester2\Project\skinPredict\front\api\multitask_skin_model.h5
2025-11-24 01:36:45,013 - app.models.fairface_model - ERROR - Error loading FairFace model: 'str' object has no attribute 'exists'
2025-11-24 01:36:45,014 - app - INFO - Initializing business services...
2025-11-24 01:36:45,017 - app - INFO - All services initialized successfully
2025-11-24 01:36:45,028 - app - INFO - All API blueprints registered successfully
2025-11-24 01:36:45,029 - app - INFO - SkinPredict API application created successfully
2025-11-24 01:36:45,034 - __main__ - INFO - Starting server on 0.0.0.0:5000
2025-11-24 01:36:45,038 - __main__ - INFO - Debug mode: True
2025-11-24 01:36:45,041 - __main__ - INFO - Environment: development
2025-11-24 01:36:45,077 - werkzeug - WARNING -  * Debugger is active!
2025-11-24 01:36:45,091 - werkzeug - INFO -  * Debugger PIN: 523-896-134
2025-11-24 01:37:35,161 - werkzeug - INFO -  * Detected change in 'D:\\Tek-UP\\4eme SDIA\\Semester2\\Project\\skinPredict\\front\\api\\app\\config\\config.py', reloading
2025-11-24 01:37:36,201 - werkzeug - INFO -  * Restarting with stat
2025-11-24 01:37:44,733 - app - INFO - Initializing utilities...
2025-11-24 01:37:44,786 - app.utils.image_processing - INFO - Face detection cascade loaded successfully
2025-11-24 01:37:44,788 - app - INFO - Initializing AI models...
2025-11-24 01:37:44,789 - app.models.skin_analysis_model - INFO - Attempting to load skin analysis model from: D:\Tek-UP\4eme SDIA\Semester2\Project\skinPredict\front\api\multitask_skin_model.h5
2025-11-24 01:37:44,790 - app.models.skin_analysis_model - WARNING - Using mock skin analysis model - replace with actual model loading
2025-11-24 01:37:44,791 - app.models.skin_analysis_model - INFO - Successfully loaded skin analysis model from: D:\Tek-UP\4eme SDIA\Semester2\Project\skinPredict\front\api\multitask_skin_model.h5
2025-11-24 01:37:44,791 - app.models.fairface_model - ERROR - Error loading FairFace model: 'str' object has no attribute 'exists'
2025-11-24 01:37:44,792 - app - INFO - Initializing business services...
2025-11-24 01:37:44,792 - app - INFO - All services initialized successfully
2025-11-24 01:37:44,802 - app - INFO - All API blueprints registered successfully
2025-11-24 01:37:44,803 - app - INFO - SkinPredict API application created successfully
2025-11-24 01:37:44,804 - __main__ - INFO - Starting server on 0.0.0.0:5000
2025-11-24 01:37:44,804 - __main__ - INFO - Debug mode: True
2025-11-24 01:37:44,804 - __main__ - INFO - Environment: development
2025-11-24 01:37:44,843 - werkzeug - WARNING -  * Debugger is active!
2025-11-24 01:37:44,858 - werkzeug - INFO -  * Debugger PIN: 523-896-134
2025-11-24 01:37:50,965 - werkzeug - INFO -  * Detected change in 'D:\\Tek-UP\\4eme SDIA\\Semester2\\Project\\skinPredict\\front\\api\\app\\database\\firebase_service.py', reloading
2025-11-24 01:37:51,673 - werkzeug - INFO -  * Restarting with stat
2025-11-24 01:37:59,729 - app - INFO - Initializing utilities...
2025-11-24 01:37:59,771 - app.utils.image_processing - INFO - Face detection cascade loaded successfully
2025-11-24 01:37:59,772 - app - INFO - Initializing AI models...
2025-11-24 01:37:59,773 - app.models.skin_analysis_model - INFO - Attempting to load skin analysis model from: D:\Tek-UP\4eme SDIA\Semester2\Project\skinPredict\front\api\multitask_skin_model.h5
2025-11-24 01:37:59,773 - app.models.skin_analysis_model - WARNING - Using mock skin analysis model - replace with actual model loading
2025-11-24 01:37:59,774 - app.models.skin_analysis_model - INFO - Successfully loaded skin analysis model from: D:\Tek-UP\4eme SDIA\Semester2\Project\skinPredict\front\api\multitask_skin_model.h5
2025-11-24 01:37:59,774 - app.models.fairface_model - ERROR - Error loading FairFace model: 'str' object has no attribute 'exists'
2025-11-24 01:37:59,775 - app - INFO - Initializing business services...
2025-11-24 01:37:59,776 - app - INFO - All services initialized successfully
2025-11-24 01:37:59,784 - app - INFO - All API blueprints registered successfully
2025-11-24 01:37:59,784 - app - INFO - SkinPredict API application created successfully
2025-11-24 01:37:59,785 - __main__ - INFO - Starting server on 0.0.0.0:5000
2025-11-24 01:37:59,785 - __main__ - INFO - Debug mode: True
2025-11-24 01:37:59,785 - __main__ - INFO - Environment: development
2025-11-24 01:37:59,816 - werkzeug - WARNING -  * Debugger is active!
2025-11-24 01:37:59,832 - werkzeug - INFO -  * Debugger PIN: 523-896-134
2025-11-24 01:39:03,994 - werkzeug - INFO -  * Detected change in 'D:\\Tek-UP\\4eme SDIA\\Semester2\\Project\\skinPredict\\front\\api\\app\\config\\config.py', reloading
2025-11-24 01:39:04,598 - werkzeug - INFO -  * Restarting with stat
2025-11-24 01:39:12,936 - app - INFO - Initializing utilities...
2025-11-24 01:39:12,973 - app.utils.image_processing - INFO - Face detection cascade loaded successfully
2025-11-24 01:39:12,973 - app - INFO - Initializing AI models...
2025-11-24 01:39:12,974 - app.models.skin_analysis_model - INFO - Attempting to load skin analysis model from: D:\Tek-UP\4eme SDIA\Semester2\Project\skinPredict\front\api\multitask_skin_model.h5
2025-11-24 01:39:12,979 - app.models.skin_analysis_model - WARNING - Using mock skin analysis model - replace with actual model loading
2025-11-24 01:39:12,980 - app.models.skin_analysis_model - INFO - Successfully loaded skin analysis model from: D:\Tek-UP\4eme SDIA\Semester2\Project\skinPredict\front\api\multitask_skin_model.h5
2025-11-24 01:39:12,980 - app.models.fairface_model - ERROR - Error loading FairFace model: 'str' object has no attribute 'exists'
2025-11-24 01:39:12,981 - app - INFO - Initializing business services...
2025-11-24 01:39:12,981 - app - INFO - All services initialized successfully
2025-11-24 01:39:12,987 - app - INFO - All API blueprints registered successfully
2025-11-24 01:39:12,987 - app - INFO - SkinPredict API application created successfully
2025-11-24 01:39:12,987 - __main__ - INFO - Starting server on 0.0.0.0:5000
2025-11-24 01:39:12,988 - __main__ - INFO - Debug mode: True
2025-11-24 01:39:12,988 - __main__ - INFO - Environment: development
2025-11-24 01:39:13,004 - werkzeug - WARNING -  * Debugger is active!
2025-11-24 01:39:13,016 - werkzeug - INFO -  * Debugger PIN: 523-896-134
2025-11-24 01:39:38,048 - werkzeug - INFO -  * Detected change in 'D:\\Tek-UP\\4eme SDIA\\Semester2\\Project\\skinPredict\\front\\api\\app\\routes\\analysis_routes.py', reloading
2025-11-24 01:39:38,861 - werkzeug - INFO -  * Restarting with stat
2025-11-24 01:39:46,859 - app - INFO - Initializing utilities...
2025-11-24 01:39:46,899 - app.utils.image_processing - INFO - Face detection cascade loaded successfully
2025-11-24 01:39:46,899 - app - INFO - Initializing AI models...
2025-11-24 01:39:46,900 - app.models.skin_analysis_model - INFO - Attempting to load skin analysis model from: D:\Tek-UP\4eme SDIA\Semester2\Project\skinPredict\front\api\multitask_skin_model.h5
2025-11-24 01:39:46,900 - app.models.skin_analysis_model - WARNING - Using mock skin analysis model - replace with actual model loading
2025-11-24 01:39:46,901 - app.models.skin_analysis_model - INFO - Successfully loaded skin analysis model from: D:\Tek-UP\4eme SDIA\Semester2\Project\skinPredict\front\api\multitask_skin_model.h5
2025-11-24 01:39:46,901 - app.models.fairface_model - ERROR - Error loading FairFace model: 'str' object has no attribute 'exists'
2025-11-24 01:39:46,901 - app - INFO - Initializing business services...
2025-11-24 01:39:46,902 - app - INFO - All services initialized successfully
2025-11-24 01:39:46,906 - app - INFO - All API blueprints registered successfully
2025-11-24 01:39:46,906 - app - INFO - SkinPredict API application created successfully
2025-11-24 01:39:46,907 - __main__ - INFO - Starting server on 0.0.0.0:5000
2025-11-24 01:39:46,907 - __main__ - INFO - Debug mode: True
2025-11-24 01:39:46,908 - __main__ - INFO - Environment: development
2025-11-24 01:39:46,927 - werkzeug - WARNING -  * Debugger is active!
2025-11-24 01:39:46,939 - werkzeug - INFO -  * Debugger PIN: 523-896-134
2025-11-24 01:40:05,423 - werkzeug - INFO -  * Detected change in 'D:\\Tek-UP\\4eme SDIA\\Semester2\\Project\\skinPredict\\front\\api\\app\\routes\\chat_routes.py', reloading
2025-11-24 01:40:06,123 - werkzeug - INFO -  * Restarting with stat
2025-11-24 01:40:14,966 - app - INFO - Initializing utilities...
2025-11-24 01:40:14,998 - app.utils.image_processing - INFO - Face detection cascade loaded successfully
2025-11-24 01:40:14,999 - app - INFO - Initializing AI models...
2025-11-24 01:40:15,000 - app.models.skin_analysis_model - INFO - Attempting to load skin analysis model from: D:\Tek-UP\4eme SDIA\Semester2\Project\skinPredict\front\api\multitask_skin_model.h5
2025-11-24 01:40:15,000 - app.models.skin_analysis_model - WARNING - Using mock skin analysis model - replace with actual model loading
2025-11-24 01:40:15,001 - app.models.skin_analysis_model - INFO - Successfully loaded skin analysis model from: D:\Tek-UP\4eme SDIA\Semester2\Project\skinPredict\front\api\multitask_skin_model.h5
2025-11-24 01:40:15,001 - app.models.fairface_model - ERROR - Error loading FairFace model: 'str' object has no attribute 'exists'
2025-11-24 01:40:15,002 - app - INFO - Initializing business services...
2025-11-24 01:40:15,002 - app - INFO - All services initialized successfully
2025-11-24 01:40:15,007 - app - INFO - All API blueprints registered successfully
2025-11-24 01:40:15,007 - app - INFO - SkinPredict API application created successfully
2025-11-24 01:40:15,008 - __main__ - INFO - Starting server on 0.0.0.0:5000
2025-11-24 01:40:15,008 - __main__ - INFO - Debug mode: True
2025-11-24 01:40:15,009 - __main__ - INFO - Environment: development
2025-11-24 01:40:15,025 - werkzeug - WARNING -  * Debugger is active!
2025-11-24 01:40:15,038 - werkzeug - INFO -  * Debugger PIN: 523-896-134
2025-11-24 01:40:29,652 - werkzeug - INFO -  * Detected change in 'D:\\Tek-UP\\4eme SDIA\\Semester2\\Project\\skinPredict\\front\\api\\app\\__init__.py', reloading
2025-11-24 01:40:30,336 - werkzeug - INFO -  * Restarting with stat
2025-11-24 02:18:59,240 - app - INFO - Initializing utilities...
2025-11-24 02:18:59,275 - app.utils.image_processing - INFO - Face detection cascade loaded successfully
2025-11-24 02:18:59,276 - app - INFO - Initializing Firebase Admin SDK...
2025-11-24 02:18:59,280 - app.database.firebase_service - ERROR - Failed to initialize Firebase Admin SDK: Failed to initialize a certificate credential. Caused by: "Unable to load PEM file. See https://cryptography.io/en/latest/faq/#why-can-t-i-import-my-pem-file for more details. MalformedFraming"
2025-11-24 02:18:59,280 - app - WARNING - Firebase Admin SDK not initialized - database operations will be disabled
2025-11-24 02:18:59,281 - app - INFO - Initializing AI models...
2025-11-24 02:18:59,281 - app.models.skin_analysis_model - INFO - Attempting to load skin analysis model from: D:\Tek-UP\4eme SDIA\Semester2\Project\skinPredict\front\api\multitask_skin_model.h5
2025-11-24 02:18:59,281 - app.models.skin_analysis_model - WARNING - Using mock skin analysis model - replace with actual model loading
2025-11-24 02:18:59,282 - app.models.skin_analysis_model - INFO - Successfully loaded skin analysis model from: D:\Tek-UP\4eme SDIA\Semester2\Project\skinPredict\front\api\multitask_skin_model.h5
2025-11-24 02:18:59,282 - app.models.fairface_model - ERROR - Error loading FairFace model: 'str' object has no attribute 'exists'
2025-11-24 02:18:59,283 - app - INFO - Initializing business services...
2025-11-24 02:18:59,283 - app - INFO - All services initialized successfully
2025-11-24 02:18:59,294 - app - INFO - All API blueprints registered successfully
2025-11-24 02:18:59,295 - app - INFO - SkinPredict API application created successfully
2025-11-24 02:18:59,295 - __main__ - INFO - Starting server on 0.0.0.0:5000
2025-11-24 02:18:59,295 - __main__ - INFO - Debug mode: True
2025-11-24 02:18:59,296 - __main__ - INFO - Environment: development
2025-11-24 02:19:00,229 - werkzeug - INFO - [31m[1mWARNING: This is a development server. Do not use it in a production deployment. Use a production WSGI server instead.[0m
 * Running on all addresses (0.0.0.0)
 * Running on http://127.0.0.1:5000
 * Running on http://192.168.1.16:5000
2025-11-24 02:19:00,230 - werkzeug - INFO - [33mPress CTRL+C to quit[0m
2025-11-24 02:19:00,234 - werkzeug - INFO -  * Restarting with stat
2025-11-24 02:19:08,739 - app - INFO - Initializing utilities...
2025-11-24 02:19:08,772 - app.utils.image_processing - INFO - Face detection cascade loaded successfully
2025-11-24 02:19:08,772 - app - INFO - Initializing Firebase Admin SDK...
2025-11-24 02:19:08,773 - app.database.firebase_service - ERROR - Failed to initialize Firebase Admin SDK: Failed to initialize a certificate credential. Caused by: "Unable to load PEM file. See https://cryptography.io/en/latest/faq/#why-can-t-i-import-my-pem-file for more details. MalformedFraming"
2025-11-24 02:19:08,774 - app - WARNING - Firebase Admin SDK not initialized - database operations will be disabled
2025-11-24 02:19:08,774 - app - INFO - Initializing AI models...
2025-11-24 02:19:08,775 - app.models.skin_analysis_model - INFO - Attempting to load skin analysis model from: D:\Tek-UP\4eme SDIA\Semester2\Project\skinPredict\front\api\multitask_skin_model.h5
2025-11-24 02:19:08,775 - app.models.skin_analysis_model - WARNING - Using mock skin analysis model - replace with actual model loading
2025-11-24 02:19:08,776 - app.models.skin_analysis_model - INFO - Successfully loaded skin analysis model from: D:\Tek-UP\4eme SDIA\Semester2\Project\skinPredict\front\api\multitask_skin_model.h5
2025-11-24 02:19:08,776 - app.models.fairface_model - ERROR - Error loading FairFace model: 'str' object has no attribute 'exists'
2025-11-24 02:19:08,777 - app - INFO - Initializing business services...
2025-11-24 02:19:08,777 - app - INFO - All services initialized successfully
2025-11-24 02:19:08,785 - app - INFO - All API blueprints registered successfully
2025-11-24 02:19:08,785 - app - INFO - SkinPredict API application created successfully
2025-11-24 02:19:08,786 - __main__ - INFO - Starting server on 0.0.0.0:5000
2025-11-24 02:19:08,786 - __main__ - INFO - Debug mode: True
2025-11-24 02:19:08,787 - __main__ - INFO - Environment: development
2025-11-24 02:19:08,806 - werkzeug - WARNING -  * Debugger is active!
2025-11-24 02:19:08,820 - werkzeug - INFO -  * Debugger PIN: 523-896-134
2025-11-24 02:44:05,309 - werkzeug - INFO -  * Detected change in 'D:\\Tek-UP\\4eme SDIA\\Semester2\\Project\\skinPredict\\front\\api\\app\\routes\\analysis_routes.py', reloading
2025-11-24 02:44:06,253 - werkzeug - INFO -  * Restarting with stat
2025-11-24 02:44:17,090 - app - INFO - Initializing utilities...
2025-11-24 02:44:17,130 - app.utils.image_processing - INFO - Face detection cascade loaded successfully
2025-11-24 02:44:17,130 - app - INFO - Initializing Firebase Admin SDK...
2025-11-24 02:44:17,131 - app.database.firebase_service - ERROR - Failed to initialize Firebase Admin SDK: Failed to initialize a certificate credential. Caused by: "Unable to load PEM file. See https://cryptography.io/en/latest/faq/#why-can-t-i-import-my-pem-file for more details. MalformedFraming"
2025-11-24 02:44:17,132 - app - WARNING - Firebase Admin SDK not initialized - database operations will be disabled
2025-11-24 02:44:17,133 - app - INFO - Initializing AI models...
2025-11-24 02:44:17,134 - app.models.skin_analysis_model - INFO - Attempting to load skin analysis model from: D:\Tek-UP\4eme SDIA\Semester2\Project\skinPredict\front\api\multitask_skin_model.h5
2025-11-24 02:44:17,135 - app.models.skin_analysis_model - WARNING - Using mock skin analysis model - replace with actual model loading
2025-11-24 02:44:17,135 - app.models.skin_analysis_model - INFO - Successfully loaded skin analysis model from: D:\Tek-UP\4eme SDIA\Semester2\Project\skinPredict\front\api\multitask_skin_model.h5
2025-11-24 02:44:17,136 - app.models.fairface_model - ERROR - Error loading FairFace model: 'str' object has no attribute 'exists'
2025-11-24 02:44:17,137 - app - INFO - Initializing business services...
2025-11-24 02:44:17,137 - app - INFO - All services initialized successfully
2025-11-24 02:44:17,148 - app - INFO - All API blueprints registered successfully
2025-11-24 02:44:17,148 - app - INFO - SkinPredict API application created successfully
2025-11-24 02:44:17,149 - __main__ - INFO - Starting server on 0.0.0.0:5000
2025-11-24 02:44:17,150 - __main__ - INFO - Debug mode: True
2025-11-24 02:44:17,150 - __main__ - INFO - Environment: development
2025-11-24 02:44:17,173 - werkzeug - WARNING -  * Debugger is active!
2025-11-24 02:44:17,190 - werkzeug - INFO -  * Debugger PIN: 523-896-134
2025-11-24 02:47:25,033 - werkzeug - INFO -  * Detected change in 'D:\\Tek-UP\\4eme SDIA\\Semester2\\Project\\skinPredict\\front\\api\\app\\routes\\__init__.py', reloading
2025-11-24 02:47:25,943 - werkzeug - INFO -  * Restarting with stat
2025-11-24 02:47:34,105 - app - INFO - Initializing utilities...
2025-11-24 02:47:34,138 - app.utils.image_processing - INFO - Face detection cascade loaded successfully
2025-11-24 02:47:34,138 - app - INFO - Initializing Firebase Admin SDK...
2025-11-24 02:47:34,139 - app.database.firebase_service - ERROR - Failed to initialize Firebase Admin SDK: Failed to initialize a certificate credential. Caused by: "Unable to load PEM file. See https://cryptography.io/en/latest/faq/#why-can-t-i-import-my-pem-file for more details. MalformedFraming"
2025-11-24 02:47:34,140 - app - WARNING - Firebase Admin SDK not initialized - database operations will be disabled
2025-11-24 02:47:34,140 - app - INFO - Initializing AI models...
2025-11-24 02:47:34,141 - app.models.skin_analysis_model - INFO - Attempting to load skin analysis model from: D:\Tek-UP\4eme SDIA\Semester2\Project\skinPredict\front\api\multitask_skin_model.h5
2025-11-24 02:47:34,142 - app.models.skin_analysis_model - WARNING - Using mock skin analysis model - replace with actual model loading
2025-11-24 02:47:34,143 - app.models.skin_analysis_model - INFO - Successfully loaded skin analysis model from: D:\Tek-UP\4eme SDIA\Semester2\Project\skinPredict\front\api\multitask_skin_model.h5
2025-11-24 02:47:34,144 - app.models.fairface_model - ERROR - Error loading FairFace model: 'str' object has no attribute 'exists'
2025-11-24 02:47:34,144 - app - INFO - Initializing business services...
2025-11-24 02:47:34,145 - app - INFO - All services initialized successfully
2025-11-24 02:47:34,152 - app - INFO - All API blueprints registered successfully
2025-11-24 02:47:34,153 - app - INFO - SkinPredict API application created successfully
2025-11-24 02:47:34,153 - __main__ - INFO - Starting server on 0.0.0.0:5000
2025-11-24 02:47:34,154 - __main__ - INFO - Debug mode: True
2025-11-24 02:47:34,154 - __main__ - INFO - Environment: development
2025-11-24 02:47:34,171 - werkzeug - WARNING -  * Debugger is active!
2025-11-24 02:47:34,182 - werkzeug - INFO -  * Debugger PIN: 523-896-134
2025-11-24 02:47:36,813 - werkzeug - INFO -  * Detected change in 'D:\\Tek-UP\\4eme SDIA\\Semester2\\Project\\skinPredict\\front\\api\\app\\routes\\__init__.py', reloading
2025-11-24 02:47:37,547 - werkzeug - INFO -  * Restarting with stat
2025-11-24 02:47:46,087 - app - INFO - Initializing utilities...
2025-11-24 02:47:46,137 - app.utils.image_processing - INFO - Face detection cascade loaded successfully
2025-11-24 02:47:46,138 - app - INFO - Initializing Firebase Admin SDK...
2025-11-24 02:47:46,139 - app.database.firebase_service - ERROR - Failed to initialize Firebase Admin SDK: Failed to initialize a certificate credential. Caused by: "Unable to load PEM file. See https://cryptography.io/en/latest/faq/#why-can-t-i-import-my-pem-file for more details. MalformedFraming"
2025-11-24 02:47:46,139 - app - WARNING - Firebase Admin SDK not initialized - database operations will be disabled
2025-11-24 02:47:46,140 - app - INFO - Initializing AI models...
2025-11-24 02:47:46,140 - app.models.skin_analysis_model - INFO - Attempting to load skin analysis model from: D:\Tek-UP\4eme SDIA\Semester2\Project\skinPredict\front\api\multitask_skin_model.h5
2025-11-24 02:47:46,141 - app.models.skin_analysis_model - WARNING - Using mock skin analysis model - replace with actual model loading
2025-11-24 02:47:46,141 - app.models.skin_analysis_model - INFO - Successfully loaded skin analysis model from: D:\Tek-UP\4eme SDIA\Semester2\Project\skinPredict\front\api\multitask_skin_model.h5
2025-11-24 02:47:46,142 - app.models.fairface_model - ERROR - Error loading FairFace model: 'str' object has no attribute 'exists'
2025-11-24 02:47:46,142 - app - INFO - Initializing business services...
2025-11-24 02:47:46,143 - app - INFO - All services initialized successfully
2025-11-24 02:47:46,153 - app - INFO - All API blueprints registered successfully
2025-11-24 02:47:46,154 - app - INFO - SkinPredict API application created successfully
2025-11-24 02:47:46,155 - __main__ - INFO - Starting server on 0.0.0.0:5000
2025-11-24 02:47:46,155 - __main__ - INFO - Debug mode: True
2025-11-24 02:47:46,155 - __main__ - INFO - Environment: development
2025-11-24 02:47:46,174 - werkzeug - WARNING -  * Debugger is active!
2025-11-24 02:47:46,188 - werkzeug - INFO -  * Debugger PIN: 523-896-134
2025-11-24 02:59:15,414 - app - INFO - Initializing utilities...
2025-11-24 02:59:15,449 - app.utils.image_processing - INFO - Face detection cascade loaded successfully
2025-11-24 02:59:15,450 - app - INFO - Initializing Firebase Admin SDK...
2025-11-24 02:59:15,450 - app.database.firebase_service - ERROR - Failed to initialize Firebase Admin SDK: Failed to initialize a certificate credential. Caused by: "Unable to load PEM file. See https://cryptography.io/en/latest/faq/#why-can-t-i-import-my-pem-file for more details. MalformedFraming"
2025-11-24 02:59:15,450 - app - WARNING - Firebase Admin SDK not initialized - database operations will be disabled
2025-11-24 02:59:15,451 - app - INFO - Initializing AI models...
2025-11-24 02:59:15,451 - app.models.skin_analysis_model - INFO - Attempting to load skin analysis model from: D:\Tek-UP\4eme SDIA\Semester2\Project\skinPredict\front\api\multitask_skin_model.h5
2025-11-24 02:59:15,451 - app.models.skin_analysis_model - WARNING - Using mock skin analysis model - replace with actual model loading
2025-11-24 02:59:15,452 - app.models.skin_analysis_model - INFO - Successfully loaded skin analysis model from: D:\Tek-UP\4eme SDIA\Semester2\Project\skinPredict\front\api\multitask_skin_model.h5
2025-11-24 02:59:15,453 - app.models.fairface_model - ERROR - Error loading FairFace model: 'str' object has no attribute 'exists'
2025-11-24 02:59:15,453 - app - INFO - Initializing business services...
2025-11-24 02:59:15,454 - app - INFO - All services initialized successfully
2025-11-24 02:59:15,463 - app - INFO - All API blueprints registered successfully
2025-11-24 02:59:15,464 - app - INFO - SkinPredict API application created successfully
2025-11-24 02:59:15,464 - __main__ - INFO - Starting server on 0.0.0.0:5000
2025-11-24 02:59:15,465 - __main__ - INFO - Debug mode: True
2025-11-24 02:59:15,465 - __main__ - INFO - Environment: development
2025-11-24 02:59:16,388 - werkzeug - INFO - [31m[1mWARNING: This is a development server. Do not use it in a production deployment. Use a production WSGI server instead.[0m
 * Running on all addresses (0.0.0.0)
 * Running on http://127.0.0.1:5000
 * Running on http://192.168.1.16:5000
2025-11-24 02:59:16,389 - werkzeug - INFO - [33mPress CTRL+C to quit[0m
2025-11-24 02:59:16,392 - werkzeug - INFO -  * Restarting with stat
2025-11-24 02:59:25,039 - app - INFO - Initializing utilities...
2025-11-24 02:59:25,083 - app.utils.image_processing - INFO - Face detection cascade loaded successfully
2025-11-24 02:59:25,084 - app - INFO - Initializing Firebase Admin SDK...
2025-11-24 02:59:25,085 - app.database.firebase_service - ERROR - Failed to initialize Firebase Admin SDK: Failed to initialize a certificate credential. Caused by: "Unable to load PEM file. See https://cryptography.io/en/latest/faq/#why-can-t-i-import-my-pem-file for more details. MalformedFraming"
2025-11-24 02:59:25,086 - app - WARNING - Firebase Admin SDK not initialized - database operations will be disabled
2025-11-24 02:59:25,086 - app - INFO - Initializing AI models...
2025-11-24 02:59:25,087 - app.models.skin_analysis_model - INFO - Attempting to load skin analysis model from: D:\Tek-UP\4eme SDIA\Semester2\Project\skinPredict\front\api\multitask_skin_model.h5
2025-11-24 02:59:25,087 - app.models.skin_analysis_model - WARNING - Using mock skin analysis model - replace with actual model loading
2025-11-24 02:59:25,088 - app.models.skin_analysis_model - INFO - Successfully loaded skin analysis model from: D:\Tek-UP\4eme SDIA\Semester2\Project\skinPredict\front\api\multitask_skin_model.h5
2025-11-24 02:59:25,089 - app.models.fairface_model - ERROR - Error loading FairFace model: 'str' object has no attribute 'exists'
2025-11-24 02:59:25,089 - app - INFO - Initializing business services...
2025-11-24 02:59:25,089 - app - INFO - All services initialized successfully
2025-11-24 02:59:25,102 - app - INFO - All API blueprints registered successfully
2025-11-24 02:59:25,103 - app - INFO - SkinPredict API application created successfully
2025-11-24 02:59:25,103 - __main__ - INFO - Starting server on 0.0.0.0:5000
2025-11-24 02:59:25,104 - __main__ - INFO - Debug mode: True
2025-11-24 02:59:25,105 - __main__ - INFO - Environment: development
2025-11-24 02:59:25,131 - werkzeug - WARNING -  * Debugger is active!
2025-11-24 02:59:25,145 - werkzeug - INFO -  * Debugger PIN: 523-896-134
2025-11-24 03:26:20,524 - app - INFO - Initializing utilities...
2025-11-24 03:26:20,559 - app.utils.image_processing - INFO - Face detection cascade loaded successfully
2025-11-24 03:26:20,559 - app - INFO - Initializing Firebase Admin SDK...
2025-11-24 03:26:20,560 - app.database.firebase_service - ERROR - Failed to initialize Firebase Admin SDK: Failed to initialize a certificate credential. Caused by: "Unable to load PEM file. See https://cryptography.io/en/latest/faq/#why-can-t-i-import-my-pem-file for more details. MalformedFraming"
2025-11-24 03:26:20,561 - app - WARNING - Firebase Admin SDK not initialized - database operations will be disabled
2025-11-24 03:26:20,561 - app - INFO - Initializing AI models...
2025-11-24 03:26:20,562 - app.models.skin_analysis_model - INFO - Attempting to load skin analysis model from: D:\Tek-UP\4eme SDIA\Semester2\Project\skinPredict\front\api\multitask_skin_model.h5
2025-11-24 03:26:20,563 - app.models.skin_analysis_model - WARNING - Using mock skin analysis model - replace with actual model loading
2025-11-24 03:26:20,563 - app.models.skin_analysis_model - INFO - Successfully loaded skin analysis model from: D:\Tek-UP\4eme SDIA\Semester2\Project\skinPredict\front\api\multitask_skin_model.h5
2025-11-24 03:26:20,564 - app.models.fairface_model - ERROR - Error loading FairFace model: 'str' object has no attribute 'exists'
2025-11-24 03:26:20,564 - app - INFO - Initializing business services...
2025-11-24 03:26:20,565 - app - INFO - All services initialized successfully
2025-11-24 03:26:20,575 - app - INFO - All API blueprints registered successfully
2025-11-24 03:26:20,576 - app - INFO - SkinPredict API application created successfully
2025-11-24 03:26:20,576 - __main__ - INFO - Starting server on 0.0.0.0:5000
2025-11-24 03:26:20,577 - __main__ - INFO - Debug mode: True
2025-11-24 03:26:20,577 - __main__ - INFO - Environment: development
2025-11-24 03:26:21,508 - werkzeug - INFO - [31m[1mWARNING: This is a development server. Do not use it in a production deployment. Use a production WSGI server instead.[0m
 * Running on all addresses (0.0.0.0)
 * Running on http://127.0.0.1:5000
 * Running on http://192.168.1.16:5000
2025-11-24 03:26:21,509 - werkzeug - INFO - [33mPress CTRL+C to quit[0m
2025-11-24 03:26:21,513 - werkzeug - INFO -  * Restarting with stat
2025-11-24 03:26:31,665 - app - INFO - Initializing utilities...
2025-11-24 03:26:31,703 - app.utils.image_processing - INFO - Face detection cascade loaded successfully
2025-11-24 03:26:31,703 - app - INFO - Initializing Firebase Admin SDK...
2025-11-24 03:26:31,704 - app.database.firebase_service - ERROR - Failed to initialize Firebase Admin SDK: Failed to initialize a certificate credential. Caused by: "Unable to load PEM file. See https://cryptography.io/en/latest/faq/#why-can-t-i-import-my-pem-file for more details. MalformedFraming"
2025-11-24 03:26:31,704 - app - WARNING - Firebase Admin SDK not initialized - database operations will be disabled
2025-11-24 03:26:31,704 - app - INFO - Initializing AI models...
2025-11-24 03:26:31,705 - app.models.skin_analysis_model - INFO - Attempting to load skin analysis model from: D:\Tek-UP\4eme SDIA\Semester2\Project\skinPredict\front\api\multitask_skin_model.h5
2025-11-24 03:26:31,706 - app.models.skin_analysis_model - WARNING - Using mock skin analysis model - replace with actual model loading
2025-11-24 03:26:31,706 - app.models.skin_analysis_model - INFO - Successfully loaded skin analysis model from: D:\Tek-UP\4eme SDIA\Semester2\Project\skinPredict\front\api\multitask_skin_model.h5
2025-11-24 03:26:31,707 - app.models.fairface_model - ERROR - Error loading FairFace model: 'str' object has no attribute 'exists'
2025-11-24 03:26:31,707 - app - INFO - Initializing business services...
2025-11-24 03:26:31,707 - app - INFO - All services initialized successfully
2025-11-24 03:26:31,719 - app - INFO - All API blueprints registered successfully
2025-11-24 03:26:31,720 - app - INFO - SkinPredict API application created successfully
2025-11-24 03:26:31,720 - __main__ - INFO - Starting server on 0.0.0.0:5000
2025-11-24 03:26:31,720 - __main__ - INFO - Debug mode: True
2025-11-24 03:26:31,721 - __main__ - INFO - Environment: development
2025-11-24 03:26:31,738 - werkzeug - WARNING -  * Debugger is active!
2025-11-24 03:26:31,753 - werkzeug - INFO -  * Debugger PIN: 523-896-134
2025-11-24 03:39:50,237 - werkzeug - INFO -  * Detected change in 'D:\\Tek-UP\\4eme SDIA\\Semester2\\Project\\skinPredict\\front\\api\\app\\config\\config.py', reloading
2025-11-24 03:39:51,943 - werkzeug - INFO -  * Restarting with stat
2025-11-24 16:33:36,435 - app - INFO - Initializing utilities...
2025-11-24 16:33:36,528 - app.utils.image_processing - INFO - Face detection cascade loaded successfully
2025-11-24 16:33:36,528 - app - INFO - Initializing AI models...
2025-11-24 16:33:36,529 - app.models.skin_analysis_model - INFO - Attempting to load skin analysis model from: D:\Tek-UP\4eme SDIA\Semester2\Project\skinPredict\front\api\multitask_skin_model.h5
2025-11-24 16:33:36,530 - app.models.skin_analysis_model - WARNING - Using mock skin analysis model - replace with actual model loading
2025-11-24 16:33:36,530 - app.models.skin_analysis_model - INFO - Successfully loaded skin analysis model from: D:\Tek-UP\4eme SDIA\Semester2\Project\skinPredict\front\api\multitask_skin_model.h5
2025-11-24 16:33:36,531 - app.models.fairface_model - ERROR - Error loading FairFace model: 'str' object has no attribute 'exists'
2025-11-24 16:33:36,531 - app - INFO - Initializing business services...
2025-11-24 16:33:36,532 - app - INFO - All services initialized successfully
2025-11-24 16:33:36,536 - app - INFO - All API blueprints registered successfully
2025-11-24 16:33:36,536 - app - INFO - SkinPredict API application created successfully
2025-11-24 16:33:36,537 - __main__ - INFO - Starting server on 0.0.0.0:5000
2025-11-24 16:33:36,537 - __main__ - INFO - Debug mode: True
2025-11-24 16:33:36,538 - __main__ - INFO - Environment: development
2025-11-24 16:33:37,895 - werkzeug - INFO - [31m[1mWARNING: This is a development server. Do not use it in a production deployment. Use a production WSGI server instead.[0m
 * Running on all addresses (0.0.0.0)
 * Running on http://127.0.0.1:5000
 * Running on http://192.168.1.16:5000
2025-11-24 16:33:37,897 - werkzeug - INFO - [33mPress CTRL+C to quit[0m
2025-11-24 16:33:37,903 - werkzeug - INFO -  * Restarting with stat
2025-11-24 16:33:48,172 - app - INFO - Initializing utilities...
2025-11-24 16:33:48,212 - app.utils.image_processing - INFO - Face detection cascade loaded successfully
2025-11-24 16:33:48,213 - app - INFO - Initializing AI models...
2025-11-24 16:33:48,214 - app.models.skin_analysis_model - INFO - Attempting to load skin analysis model from: D:\Tek-UP\4eme SDIA\Semester2\Project\skinPredict\front\api\multitask_skin_model.h5
2025-11-24 16:33:48,214 - app.models.skin_analysis_model - WARNING - Using mock skin analysis model - replace with actual model loading
2025-11-24 16:33:48,215 - app.models.skin_analysis_model - INFO - Successfully loaded skin analysis model from: D:\Tek-UP\4eme SDIA\Semester2\Project\skinPredict\front\api\multitask_skin_model.h5
2025-11-24 16:33:48,216 - app.models.fairface_model - ERROR - Error loading FairFace model: 'str' object has no attribute 'exists'
2025-11-24 16:33:48,217 - app - INFO - Initializing business services...
2025-11-24 16:33:48,217 - app - INFO - All services initialized successfully
2025-11-24 16:33:48,226 - app - INFO - All API blueprints registered successfully
2025-11-24 16:33:48,227 - app - INFO - SkinPredict API application created successfully
2025-11-24 16:33:48,227 - __main__ - INFO - Starting server on 0.0.0.0:5000
2025-11-24 16:33:48,227 - __main__ - INFO - Debug mode: True
2025-11-24 16:33:48,228 - __main__ - INFO - Environment: development
2025-11-24 16:33:48,262 - werkzeug - WARNING -  * Debugger is active!
2025-11-24 16:33:48,282 - werkzeug - INFO -  * Debugger PIN: 523-896-134
2025-11-24 16:36:55,991 - werkzeug - INFO - 127.0.0.1 - - [24/Nov/2025 16:36:55] "OPTIONS /api/analyze HTTP/1.1" 200 -
2025-11-24 16:36:57,171 - app.utils.image_processing - INFO - Face detected and cropped: 201x201 at (168, 181)
2025-11-24 16:36:57,180 - app.services.analysis_service - INFO - FairFace model not available - using default demographics
2025-11-24 16:36:57,181 - werkzeug - INFO - 127.0.0.1 - - [24/Nov/2025 16:36:57] "POST /api/analyze HTTP/1.1" 200 -
2025-11-24 16:36:57,483 - werkzeug - INFO - 127.0.0.1 - - [24/Nov/2025 16:36:57] "OPTIONS /api/chat HTTP/1.1" 200 -
2025-11-24 16:36:57,793 - app.services.chat_service - INFO - Classified intent: skin_analysis
2025-11-24 16:37:01,320 - werkzeug - INFO - 127.0.0.1 - - [24/Nov/2025 16:37:01] "POST /api/chat HTTP/1.1" 200 -
2025-11-24 16:37:30,751 - werkzeug - INFO - 127.0.0.1 - - [24/Nov/2025 16:37:30] "OPTIONS /api/chat HTTP/1.1" 200 -
2025-11-24 16:37:31,065 - app.services.chat_service - INFO - Classified intent: product_recommendation
2025-11-24 16:37:37,715 - werkzeug - INFO - 127.0.0.1 - - [24/Nov/2025 16:37:37] "POST /api/chat HTTP/1.1" 200 -
2025-11-24 16:48:34,106 - werkzeug - INFO - 127.0.0.1 - - [24/Nov/2025 16:48:34] "OPTIONS /api/chat HTTP/1.1" 200 -
2025-11-24 16:48:34,373 - app.services.chat_service - INFO - Classified intent: general_skincare
2025-11-24 16:48:37,888 - werkzeug - INFO - 127.0.0.1 - - [24/Nov/2025 16:48:37] "POST /api/chat HTTP/1.1" 200 -
2025-11-24 16:48:52,231 - werkzeug - INFO - 127.0.0.1 - - [24/Nov/2025 16:48:52] "OPTIONS /api/analyze HTTP/1.1" 200 -
2025-11-24 16:48:52,568 - app.utils.image_processing - INFO - Face detected and cropped: 149x138 at (191, 306)
2025-11-24 16:48:52,569 - app.services.analysis_service - INFO - FairFace model not available - using default demographics
2025-11-24 16:48:52,570 - werkzeug - INFO - 127.0.0.1 - - [24/Nov/2025 16:48:52] "POST /api/analyze HTTP/1.1" 200 -
2025-11-24 16:48:52,808 - werkzeug - INFO - 127.0.0.1 - - [24/Nov/2025 16:48:52] "OPTIONS /api/chat HTTP/1.1" 200 -
2025-11-24 16:48:52,975 - app.services.chat_service - INFO - Classified intent: skin_analysis
2025-11-24 16:48:55,621 - werkzeug - INFO - 127.0.0.1 - - [24/Nov/2025 16:48:55] "POST /api/chat HTTP/1.1" 200 -
2025-11-24 16:49:07,777 - werkzeug - INFO -  * Detected change in 'D:\\Tek-UP\\4eme SDIA\\Semester2\\Project\\skinPredict\\front\\api\\app\\routes\\__init__.py', reloading
2025-11-24 16:49:08,721 - werkzeug - INFO -  * Restarting with stat
2025-11-24 16:49:19,950 - app - INFO - Initializing utilities...
2025-11-24 16:49:19,991 - app.utils.image_processing - INFO - Face detection cascade loaded successfully
2025-11-24 16:49:19,991 - app - INFO - Initializing AI models...
2025-11-24 16:49:19,991 - app.models.skin_analysis_model - INFO - Attempting to load skin analysis model from: D:\Tek-UP\4eme SDIA\Semester2\Project\skinPredict\front\api\multitask_skin_model.h5
2025-11-24 16:49:19,992 - app.models.skin_analysis_model - WARNING - Using mock skin analysis model - replace with actual model loading
2025-11-24 16:49:19,993 - app.models.skin_analysis_model - INFO - Successfully loaded skin analysis model from: D:\Tek-UP\4eme SDIA\Semester2\Project\skinPredict\front\api\multitask_skin_model.h5
2025-11-24 16:49:19,994 - app.models.fairface_model - ERROR - Error loading FairFace model: 'str' object has no attribute 'exists'
2025-11-24 16:49:19,994 - app - INFO - Initializing business services...
2025-11-24 16:49:19,995 - app - INFO - All services initialized successfully
2025-11-24 16:49:20,000 - app - INFO - All API blueprints registered successfully
2025-11-24 16:49:20,001 - app - INFO - SkinPredict API application created successfully
2025-11-24 16:49:20,001 - __main__ - INFO - Starting server on 0.0.0.0:5000
2025-11-24 16:49:20,002 - __main__ - INFO - Debug mode: True
2025-11-24 16:49:20,002 - __main__ - INFO - Environment: development
2025-11-24 16:49:20,040 - werkzeug - WARNING -  * Debugger is active!
2025-11-24 16:49:20,055 - werkzeug - INFO -  * Debugger PIN: 523-896-134
2025-11-24 17:02:12,394 - app - INFO - Initializing utilities...
2025-11-24 17:02:12,427 - app.utils.image_processing - INFO - Face detection cascade loaded successfully
2025-11-24 17:02:12,428 - app - INFO - Initializing AI models...
2025-11-24 17:02:12,428 - app.models.skin_analysis_model - INFO - Attempting to load skin analysis model from: D:\Tek-UP\4eme SDIA\Semester2\Project\skinPredict\front\api\multitask_skin_model.h5
2025-11-24 17:02:12,429 - app.models.skin_analysis_model - WARNING - Using mock skin analysis model - replace with actual model loading
2025-11-24 17:02:12,429 - app.models.skin_analysis_model - INFO - Successfully loaded skin analysis model from: D:\Tek-UP\4eme SDIA\Semester2\Project\skinPredict\front\api\multitask_skin_model.h5
2025-11-24 17:02:12,430 - app.models.fairface_model - ERROR - Error loading FairFace model: 'str' object has no attribute 'exists'
2025-11-24 17:02:12,431 - app - INFO - Initializing business services...
2025-11-24 17:02:12,431 - app - INFO - All services initialized successfully
2025-11-24 17:02:12,436 - app - INFO - All API blueprints registered successfully
2025-11-24 17:02:12,437 - app - INFO - SkinPredict API application created successfully
2025-11-24 17:02:12,437 - __main__ - INFO - Starting server on 0.0.0.0:5000
2025-11-24 17:02:12,437 - __main__ - INFO - Debug mode: True
2025-11-24 17:02:12,438 - __main__ - INFO - Environment: development
2025-11-24 17:02:13,360 - werkzeug - INFO - [31m[1mWARNING: This is a development server. Do not use it in a production deployment. Use a production WSGI server instead.[0m
 * Running on all addresses (0.0.0.0)
 * Running on http://127.0.0.1:5000
 * Running on http://192.168.1.16:5000
2025-11-24 17:02:13,361 - werkzeug - INFO - [33mPress CTRL+C to quit[0m
2025-11-24 17:02:13,366 - werkzeug - INFO -  * Restarting with stat
2025-11-24 17:02:22,309 - app - INFO - Initializing utilities...
2025-11-24 17:02:22,351 - app.utils.image_processing - INFO - Face detection cascade loaded successfully
2025-11-24 17:02:22,351 - app - INFO - Initializing AI models...
2025-11-24 17:02:22,352 - app.models.skin_analysis_model - INFO - Attempting to load skin analysis model from: D:\Tek-UP\4eme SDIA\Semester2\Project\skinPredict\front\api\multitask_skin_model.h5
2025-11-24 17:02:22,352 - app.models.skin_analysis_model - WARNING - Using mock skin analysis model - replace with actual model loading
2025-11-24 17:02:22,353 - app.models.skin_analysis_model - INFO - Successfully loaded skin analysis model from: D:\Tek-UP\4eme SDIA\Semester2\Project\skinPredict\front\api\multitask_skin_model.h5
2025-11-24 17:02:22,353 - app.models.fairface_model - ERROR - Error loading FairFace model: 'str' object has no attribute 'exists'
2025-11-24 17:02:22,354 - app - INFO - Initializing business services...
2025-11-24 17:02:22,354 - app - INFO - All services initialized successfully
2025-11-24 17:02:22,359 - app - INFO - All API blueprints registered successfully
2025-11-24 17:02:22,360 - app - INFO - SkinPredict API application created successfully
2025-11-24 17:02:22,361 - __main__ - INFO - Starting server on 0.0.0.0:5000
2025-11-24 17:02:22,361 - __main__ - INFO - Debug mode: True
2025-11-24 17:02:22,362 - __main__ - INFO - Environment: development
2025-11-24 17:02:22,396 - werkzeug - WARNING -  * Debugger is active!
2025-11-24 17:02:22,413 - werkzeug - INFO -  * Debugger PIN: 523-896-134
2025-11-24 17:14:14,782 - werkzeug - INFO - 127.0.0.1 - - [24/Nov/2025 17:14:14] "OPTIONS /api/analyze HTTP/1.1" 200 -
2025-11-24 17:14:15,944 - app.utils.image_processing - INFO - Face detected and cropped: 254x254 at (180, 53)
2025-11-24 17:14:15,957 - app.services.analysis_service - INFO - FairFace model not available - using default demographics
2025-11-24 17:14:15,958 - werkzeug - INFO - 127.0.0.1 - - [24/Nov/2025 17:14:15] "POST /api/analyze HTTP/1.1" 200 -
2025-11-24 17:14:16,263 - werkzeug - INFO - 127.0.0.1 - - [24/Nov/2025 17:14:16] "OPTIONS /api/chat HTTP/1.1" 200 -
2025-11-24 17:14:16,584 - app.services.chat_service - INFO - Classified intent: skin_analysis
2025-11-24 17:14:19,678 - werkzeug - INFO - 127.0.0.1 - - [24/Nov/2025 17:14:19] "POST /api/chat HTTP/1.1" 200 -
2025-11-24 17:18:09,510 - werkzeug - INFO -  * Detected change in 'D:\\Tek-UP\\4eme SDIA\\Semester2\\Project\\skinPredict\\front\\api\\app\\models\\skin_analysis_model.py', reloading
2025-11-24 17:18:10,248 - werkzeug - INFO -  * Restarting with stat
2025-11-24 17:18:19,432 - app - INFO - Initializing utilities...
2025-11-24 17:18:19,467 - app.utils.image_processing - INFO - Face detection cascade loaded successfully
2025-11-24 17:18:19,467 - app - INFO - Initializing AI models...
2025-11-24 17:18:39,825 - app.models.skin_analysis_model - INFO - Attempting to load skin analysis model from: D:\Tek-UP\4eme SDIA\Semester2\Project\skinPredict\front\api\multitask_skin_model.h5
2025-11-24 17:18:41,866 - app.models.skin_analysis_model - INFO - Successfully loaded skin analysis model from: D:\Tek-UP\4eme SDIA\Semester2\Project\skinPredict\front\api\multitask_skin_model.h5
2025-11-24 17:18:41,867 - app.models.skin_analysis_model - INFO - Model input shape: (None, 224, 224, 3)
2025-11-24 17:18:41,868 - app.models.skin_analysis_model - INFO - Model output shapes: [(None, 3), (None, 3)]
2025-11-24 17:18:41,868 - app.models.fairface_model - ERROR - Error loading FairFace model: 'str' object has no attribute 'exists'
2025-11-24 17:18:41,869 - app - INFO - Initializing business services...
2025-11-24 17:18:41,869 - app - INFO - All services initialized successfully
2025-11-24 17:18:41,873 - app - INFO - All API blueprints registered successfully
2025-11-24 17:18:41,873 - app - INFO - SkinPredict API application created successfully
2025-11-24 17:18:41,874 - __main__ - INFO - Starting server on 0.0.0.0:5000
2025-11-24 17:18:41,874 - __main__ - INFO - Debug mode: True
2025-11-24 17:18:41,874 - __main__ - INFO - Environment: development
2025-11-24 17:18:41,918 - werkzeug - WARNING -  * Debugger is active!
2025-11-24 17:18:41,930 - werkzeug - INFO -  * Debugger PIN: 523-896-134
2025-11-24 17:20:24,209 - werkzeug - INFO -  * Detected change in 'D:\\Tek-UP\\4eme SDIA\\Semester2\\Project\\skinPredict\\front\\api\\app\\models\\skin_analysis_model.py', reloading
2025-11-24 17:20:25,690 - werkzeug - INFO -  * Restarting with stat
2025-11-24 17:20:33,701 - app - INFO - Initializing utilities...
2025-11-24 17:20:33,736 - app.utils.image_processing - INFO - Face detection cascade loaded successfully
2025-11-24 17:20:33,736 - app - INFO - Initializing AI models...
2025-11-24 17:20:33,737 - app.models.skin_analysis_model - INFO - Attempting to load skin analysis model from: D:\Tek-UP\4eme SDIA\Semester2\Project\skinPredict\front\api\multitask_skin_model.h5
2025-11-24 17:20:41,201 - absl - WARNING - Compiled the loaded model, but the compiled metrics have yet to be built. `model.compile_metrics` will be empty until you train or evaluate the model.
2025-11-24 17:20:41,209 - app.models.skin_analysis_model - INFO - Successfully loaded skin analysis model from: D:\Tek-UP\4eme SDIA\Semester2\Project\skinPredict\front\api\multitask_skin_model.h5
2025-11-24 17:20:41,210 - app.models.fairface_model - ERROR - Error loading FairFace model: 'str' object has no attribute 'exists'
2025-11-24 17:20:41,210 - app - INFO - Initializing business services...
2025-11-24 17:20:41,211 - app - INFO - All services initialized successfully
2025-11-24 17:20:41,216 - app - INFO - All API blueprints registered successfully
2025-11-24 17:20:41,216 - app - INFO - SkinPredict API application created successfully
2025-11-24 17:20:41,217 - __main__ - INFO - Starting server on 0.0.0.0:5000
2025-11-24 17:20:41,217 - __main__ - INFO - Debug mode: True
2025-11-24 17:20:41,217 - __main__ - INFO - Environment: development
2025-11-24 17:20:41,242 - werkzeug - WARNING -  * Debugger is active!
2025-11-24 17:20:41,255 - werkzeug - INFO -  * Debugger PIN: 523-896-134
2025-11-24 17:21:36,954 - app - INFO - Initializing utilities...
2025-11-24 17:21:37,002 - app.utils.image_processing - INFO - Face detection cascade loaded successfully
2025-11-24 17:21:37,003 - app - INFO - Initializing AI models...
2025-11-24 17:21:37,004 - app.models.skin_analysis_model - INFO - Attempting to load skin analysis model from: D:\Tek-UP\4eme SDIA\Semester2\Project\skinPredict\front\api\multitask_skin_model.h5
2025-11-24 17:21:44,396 - absl - WARNING - Compiled the loaded model, but the compiled metrics have yet to be built. `model.compile_metrics` will be empty until you train or evaluate the model.
2025-11-24 17:21:44,403 - app.models.skin_analysis_model - INFO - Successfully loaded skin analysis model from: D:\Tek-UP\4eme SDIA\Semester2\Project\skinPredict\front\api\multitask_skin_model.h5
2025-11-24 17:21:44,404 - app.models.fairface_model - ERROR - Error loading FairFace model: 'str' object has no attribute 'exists'
2025-11-24 17:21:44,404 - app - INFO - Initializing business services...
2025-11-24 17:21:44,405 - app - INFO - All services initialized successfully
2025-11-24 17:21:44,410 - app - INFO - All API blueprints registered successfully
2025-11-24 17:21:44,410 - app - INFO - SkinPredict API application created successfully
2025-11-24 17:21:44,411 - __main__ - INFO - Starting server on 0.0.0.0:5000
2025-11-24 17:21:44,411 - __main__ - INFO - Debug mode: True
2025-11-24 17:21:44,411 - __main__ - INFO - Environment: development
2025-11-24 17:21:46,550 - werkzeug - INFO - [31m[1mWARNING: This is a development server. Do not use it in a production deployment. Use a production WSGI server instead.[0m
 * Running on all addresses (0.0.0.0)
 * Running on http://127.0.0.1:5000
 * Running on http://192.168.1.16:5000
2025-11-24 17:21:46,551 - werkzeug - INFO - [33mPress CTRL+C to quit[0m
2025-11-24 17:21:46,555 - werkzeug - INFO -  * Restarting with stat
2025-11-24 17:24:01,743 - app - INFO - Initializing utilities...
2025-11-24 17:24:01,777 - app.utils.image_processing - INFO - Face detection cascade loaded successfully
2025-11-24 17:24:01,777 - app - INFO - Initializing AI models...
2025-11-24 17:24:01,778 - app.models.skin_analysis_model - INFO - Attempting to load skin analysis model from: D:\Tek-UP\4eme SDIA\Semester2\Project\skinPredict\front\api\multitask_skin_model.h5
2025-11-24 17:24:09,121 - absl - WARNING - Compiled the loaded model, but the compiled metrics have yet to be built. `model.compile_metrics` will be empty until you train or evaluate the model.
2025-11-24 17:24:09,128 - app.models.skin_analysis_model - INFO - Successfully loaded skin analysis model from: D:\Tek-UP\4eme SDIA\Semester2\Project\skinPredict\front\api\multitask_skin_model.h5
2025-11-24 17:24:09,129 - app.models.fairface_model - ERROR - Error loading FairFace model: 'str' object has no attribute 'exists'
2025-11-24 17:24:09,129 - app - INFO - Initializing business services...
2025-11-24 17:24:09,130 - app - INFO - All services initialized successfully
2025-11-24 17:24:09,134 - app - INFO - All API blueprints registered successfully
2025-11-24 17:24:09,135 - app - INFO - SkinPredict API application created successfully
2025-11-24 17:24:09,136 - __main__ - INFO - Starting server on 0.0.0.0:5000
2025-11-24 17:24:09,137 - __main__ - INFO - Debug mode: True
2025-11-24 17:24:09,138 - __main__ - INFO - Environment: development
2025-11-24 17:24:10,095 - werkzeug - INFO - [31m[1mWARNING: This is a development server. Do not use it in a production deployment. Use a production WSGI server instead.[0m
 * Running on all addresses (0.0.0.0)
 * Running on http://127.0.0.1:5000
 * Running on http://192.168.1.16:5000
2025-11-24 17:24:10,096 - werkzeug - INFO - [33mPress CTRL+C to quit[0m
2025-11-24 17:24:10,099 - werkzeug - INFO -  * Restarting with stat
2025-11-24 17:24:17,548 - app - INFO - Initializing utilities...
2025-11-24 17:24:17,587 - app.utils.image_processing - INFO - Face detection cascade loaded successfully
2025-11-24 17:24:17,588 - app - INFO - Initializing AI models...
2025-11-24 17:24:17,588 - app.models.skin_analysis_model - INFO - Attempting to load skin analysis model from: D:\Tek-UP\4eme SDIA\Semester2\Project\skinPredict\front\api\multitask_skin_model.h5
2025-11-24 17:24:24,228 - absl - WARNING - Compiled the loaded model, but the compiled metrics have yet to be built. `model.compile_metrics` will be empty until you train or evaluate the model.
2025-11-24 17:24:24,234 - app.models.skin_analysis_model - INFO - Successfully loaded skin analysis model from: D:\Tek-UP\4eme SDIA\Semester2\Project\skinPredict\front\api\multitask_skin_model.h5
2025-11-24 17:24:24,235 - app.models.fairface_model - ERROR - Error loading FairFace model: 'str' object has no attribute 'exists'
2025-11-24 17:24:24,235 - app - INFO - Initializing business services...
2025-11-24 17:24:24,236 - app - INFO - All services initialized successfully
2025-11-24 17:24:24,242 - app - INFO - All API blueprints registered successfully
2025-11-24 17:24:24,243 - app - INFO - SkinPredict API application created successfully
2025-11-24 17:24:24,244 - __main__ - INFO - Starting server on 0.0.0.0:5000
2025-11-24 17:24:24,244 - __main__ - INFO - Debug mode: True
2025-11-24 17:24:24,245 - __main__ - INFO - Environment: development
2025-11-24 17:24:24,275 - werkzeug - WARNING -  * Debugger is active!
2025-11-24 17:24:24,294 - werkzeug - INFO -  * Debugger PIN: 523-896-134
2025-11-24 17:26:33,485 - werkzeug - INFO - 127.0.0.1 - - [24/Nov/2025 17:26:33] "OPTIONS /api/analyze HTTP/1.1" 200 -
2025-11-24 17:26:34,478 - app.utils.image_processing - INFO - Face detected and cropped: 254x254 at (180, 53)
2025-11-24 17:26:37,059 - app.services.analysis_service - INFO - FairFace model not available - using default demographics
2025-11-24 17:26:37,061 - werkzeug - INFO - 127.0.0.1 - - [24/Nov/2025 17:26:37] "POST /api/analyze HTTP/1.1" 200 -
2025-11-24 17:26:37,645 - werkzeug - INFO - 127.0.0.1 - - [24/Nov/2025 17:26:37] "OPTIONS /api/chat HTTP/1.1" 200 -
2025-11-24 17:26:37,897 - app.services.chat_service - INFO - Classified intent: skin_analysis
2025-11-24 17:26:42,958 - werkzeug - INFO - 127.0.0.1 - - [24/Nov/2025 17:26:42] "POST /api/chat HTTP/1.1" 200 -
2025-11-24 17:29:03,550 - werkzeug - INFO - 127.0.0.1 - - [24/Nov/2025 17:29:03] "OPTIONS /api/analyze HTTP/1.1" 200 -
2025-11-24 17:29:03,860 - app.utils.image_processing - INFO - Face detected and cropped: 254x254 at (180, 53)
2025-11-24 17:29:04,027 - app.services.analysis_service - INFO - FairFace model not available - using default demographics
2025-11-24 17:29:04,028 - werkzeug - INFO - 127.0.0.1 - - [24/Nov/2025 17:29:04] "POST /api/analyze HTTP/1.1" 200 -
2025-11-24 17:29:04,284 - werkzeug - INFO - 127.0.0.1 - - [24/Nov/2025 17:29:04] "OPTIONS /api/chat HTTP/1.1" 200 -
2025-11-24 17:29:04,596 - app.services.chat_service - INFO - Classified intent: skin_analysis
2025-11-24 17:29:09,219 - werkzeug - INFO - 127.0.0.1 - - [24/Nov/2025 17:29:09] "POST /api/chat HTTP/1.1" 200 -
2025-11-24 17:29:25,857 - werkzeug - INFO -  * Detected change in 'D:\\Tek-UP\\4eme SDIA\\Semester2\\Project\\skinPredict\\front\\api\\app\\models\\skin_analysis_model.py', reloading
2025-11-24 17:29:27,727 - werkzeug - INFO -  * Restarting with stat
2025-11-24 17:29:38,776 - app - INFO - Initializing utilities...
2025-11-24 17:29:38,826 - app.utils.image_processing - INFO - Face detection cascade loaded successfully
2025-11-24 17:29:38,826 - app - INFO - Initializing AI models...
2025-11-24 17:29:38,828 - app.models.skin_analysis_model - INFO - Attempting to load skin analysis model from: D:\Tek-UP\4eme SDIA\Semester2\Project\skinPredict\front\api\multitask_skin_model.h5
2025-11-24 17:29:48,164 - absl - WARNING - Compiled the loaded model, but the compiled metrics have yet to be built. `model.compile_metrics` will be empty until you train or evaluate the model.
2025-11-24 17:29:48,170 - app.models.skin_analysis_model - INFO - Successfully loaded skin analysis model from: D:\Tek-UP\4eme SDIA\Semester2\Project\skinPredict\front\api\multitask_skin_model.h5
2025-11-24 17:29:48,171 - app.models.fairface_model - ERROR - Error loading FairFace model: 'str' object has no attribute 'exists'
2025-11-24 17:29:48,171 - app - INFO - Initializing business services...
2025-11-24 17:29:48,172 - app - INFO - All services initialized successfully
2025-11-24 17:29:48,177 - app - INFO - All API blueprints registered successfully
2025-11-24 17:29:48,177 - app - INFO - SkinPredict API application created successfully
2025-11-24 17:29:48,177 - __main__ - INFO - Starting server on 0.0.0.0:5000
2025-11-24 17:29:48,178 - __main__ - INFO - Debug mode: True
2025-11-24 17:29:48,178 - __main__ - INFO - Environment: development
2025-11-24 17:29:48,217 - werkzeug - WARNING -  * Debugger is active!
2025-11-24 17:29:48,233 - werkzeug - INFO -  * Debugger PIN: 523-896-134
2025-12-06 07:05:42,925 - __main__ - ERROR - Failed to start server: No module named 'celery'
2025-12-06 07:06:36,509 - app - INFO - Initializing utilities...
2025-12-06 07:06:36,617 - app.utils.image_processing - INFO - Face detection cascade loaded successfully
2025-12-06 07:06:36,618 - app - INFO - Initializing AI models...
2025-12-06 07:06:36,619 - app.models.skin_analysis_model - ERROR - Error loading skin analysis model: 'NoneType' object has no attribute 'get'
2025-12-06 07:06:36,619 - app - INFO - FairFace model not configured - demographics will use defaults
2025-12-06 07:06:36,620 - app - INFO - Initializing business services...
2025-12-06 07:06:36,620 - app - INFO - All services initialized successfully
2025-12-06 07:06:36,788 - app.database - INFO - Database initialized successfully.
2025-12-06 07:06:36,789 - app - INFO - Database initialized successfully
2025-12-06 07:06:36,795 - app - ERROR - Agent initialization failed: No module named 'langchain_core'
2025-12-06 07:06:36,805 - app - INFO - All API blueprints registered successfully
2025-12-06 07:06:36,806 - app - INFO - SkinPredict API application created successfully
2025-12-06 07:06:36,806 - __main__ - INFO - Starting server on 0.0.0.0:5000
2025-12-06 07:06:36,806 - __main__ - INFO - Debug mode: True
2025-12-06 07:06:36,807 - __main__ - INFO - Environment: development
2025-12-06 07:06:37,704 - werkzeug - INFO - [31m[1mWARNING: This is a development server. Do not use it in a production deployment. Use a production WSGI server instead.[0m
 * Running on all addresses (0.0.0.0)
 * Running on http://127.0.0.1:5000
 * Running on http://10.254.240.211:5000
2025-12-06 07:06:37,705 - werkzeug - INFO - [33mPress CTRL+C to quit[0m
2025-12-06 07:06:37,710 - werkzeug - INFO -  * Restarting with stat
2025-12-06 07:06:48,214 - app - INFO - Initializing utilities...
2025-12-06 07:06:48,258 - app.utils.image_processing - INFO - Face detection cascade loaded successfully
2025-12-06 07:06:48,258 - app - INFO - Initializing AI models...
2025-12-06 07:06:48,259 - app.models.skin_analysis_model - ERROR - Error loading skin analysis model: 'str' object has no attribute 'get'
2025-12-06 07:06:48,259 - app - INFO - FairFace model not configured - demographics will use defaults
2025-12-06 07:06:48,260 - app - INFO - Initializing business services...
2025-12-06 07:06:48,260 - app - INFO - All services initialized successfully
2025-12-06 07:06:48,265 - app.database - INFO - Database initialized successfully.
2025-12-06 07:06:48,266 - app - INFO - Database initialized successfully
2025-12-06 07:06:48,272 - app - ERROR - Agent initialization failed: No module named 'langchain_core'
2025-12-06 07:06:48,284 - app - INFO - All API blueprints registered successfully
2025-12-06 07:06:48,285 - app - INFO - SkinPredict API application created successfully
2025-12-06 07:06:48,285 - __main__ - INFO - Starting server on 0.0.0.0:5000
2025-12-06 07:06:48,285 - __main__ - INFO - Debug mode: True
2025-12-06 07:06:48,286 - __main__ - INFO - Environment: development
2025-12-06 07:06:48,316 - werkzeug - WARNING -  * Debugger is active!
2025-12-06 07:06:48,331 - werkzeug - INFO -  * Debugger PIN: 636-306-072
2025-12-06 07:07:14,536 - werkzeug - INFO - 127.0.0.1 - - [06/Dec/2025 07:07:14] "OPTIONS /api/analyze HTTP/1.1" 200 -
2025-12-06 07:07:14,799 - app.routes.analysis_routes - ERROR - Analysis service not available
2025-12-06 07:07:14,800 - werkzeug - INFO - 127.0.0.1 - - [06/Dec/2025 07:07:14] "[35m[1mPOST /api/analyze HTTP/1.1[0m" 500 -
2025-12-06 07:08:26,760 - werkzeug - INFO -  * Detected change in 'D:\\Tek-UP\\5eme SDIA\\Projects\\SkinPredict\\api\\app\\config\\config.py', reloading
2025-12-06 07:08:27,601 - werkzeug - INFO -  * Restarting with stat
2025-12-06 07:08:38,635 - app - INFO - Initializing utilities...
2025-12-06 07:08:38,683 - app.utils.image_processing - INFO - Face detection cascade loaded successfully
2025-12-06 07:08:38,684 - app - INFO - Initializing AI models...
2025-12-06 07:08:38,684 - app.models.skin_analysis_model - INFO - Attempting to load skin analysis model from: D:\Tek-UP\5eme SDIA\Projects\SkinPredict\api\models\multitask_skin_model.h5
2025-12-06 07:09:00,975 - absl - WARNING - Compiled the loaded model, but the compiled metrics have yet to be built. `model.compile_metrics` will be empty until you train or evaluate the model.
2025-12-06 07:09:00,985 - app.models.skin_analysis_model - INFO - Successfully loaded skin analysis model from: D:\Tek-UP\5eme SDIA\Projects\SkinPredict\api\models\multitask_skin_model.h5
2025-12-06 07:09:00,986 - app - INFO - FairFace model not configured - demographics will use defaults
2025-12-06 07:09:00,986 - app - INFO - Initializing business services...
2025-12-06 07:09:00,987 - app - INFO - All services initialized successfully
2025-12-06 07:09:00,989 - app.database - INFO - Database initialized successfully.
2025-12-06 07:09:00,990 - app - INFO - Database initialized successfully
2025-12-06 07:09:00,996 - app - ERROR - Agent initialization failed: No module named 'langchain_core'
2025-12-06 07:09:01,006 - app - INFO - All API blueprints registered successfully
2025-12-06 07:09:01,007 - app - INFO - SkinPredict API application created successfully
2025-12-06 07:09:01,007 - __main__ - INFO - Starting server on 0.0.0.0:5000
2025-12-06 07:09:01,008 - __main__ - INFO - Debug mode: True
2025-12-06 07:09:01,009 - __main__ - INFO - Environment: development
2025-12-06 07:09:01,036 - werkzeug - WARNING -  * Debugger is active!
2025-12-06 07:09:01,054 - werkzeug - INFO -  * Debugger PIN: 636-306-072
2025-12-06 07:10:07,603 - werkzeug - INFO - 127.0.0.1 - - [06/Dec/2025 07:10:07] "OPTIONS /api/analyze HTTP/1.1" 200 -
2025-12-06 07:10:07,853 - app.routes.analysis_routes - ERROR - Analysis service not available
2025-12-06 07:10:07,854 - werkzeug - INFO - 127.0.0.1 - - [06/Dec/2025 07:10:07] "[35m[1mPOST /api/analyze HTTP/1.1[0m" 500 -
2025-12-06 07:10:55,603 - app - INFO - Initializing utilities...
2025-12-06 07:10:55,639 - app.utils.image_processing - INFO - Face detection cascade loaded successfully
2025-12-06 07:10:55,639 - app - INFO - Initializing AI models...
2025-12-06 07:10:55,640 - app.models.skin_analysis_model - INFO - Attempting to load skin analysis model from: D:\Tek-UP\5eme SDIA\Projects\SkinPredict\api\models\multitask_skin_model.h5
2025-12-06 07:11:06,530 - absl - WARNING - Compiled the loaded model, but the compiled metrics have yet to be built. `model.compile_metrics` will be empty until you train or evaluate the model.
2025-12-06 07:11:06,536 - app.models.skin_analysis_model - INFO - Successfully loaded skin analysis model from: D:\Tek-UP\5eme SDIA\Projects\SkinPredict\api\models\multitask_skin_model.h5
2025-12-06 07:11:06,537 - app - INFO - FairFace model not configured - demographics will use defaults
2025-12-06 07:11:06,537 - app - INFO - Initializing business services...
2025-12-06 07:11:06,538 - app - INFO - All services initialized successfully
2025-12-06 07:11:06,541 - app.database - INFO - Database initialized successfully.
2025-12-06 07:11:06,542 - app - INFO - Database initialized successfully
2025-12-06 07:11:06,548 - app - ERROR - Agent initialization failed: No module named 'langchain_core'
2025-12-06 07:11:06,558 - app - INFO - All API blueprints registered successfully
2025-12-06 07:11:06,559 - app - INFO - SkinPredict API application created successfully
2025-12-06 07:11:06,559 - __main__ - INFO - Starting server on 0.0.0.0:5000
2025-12-06 07:11:06,560 - __main__ - INFO - Debug mode: True
2025-12-06 07:11:06,560 - __main__ - INFO - Environment: development
2025-12-06 07:11:07,446 - werkzeug - INFO - [31m[1mWARNING: This is a development server. Do not use it in a production deployment. Use a production WSGI server instead.[0m
 * Running on all addresses (0.0.0.0)
 * Running on http://127.0.0.1:5000
 * Running on http://10.254.240.211:5000
2025-12-06 07:11:07,447 - werkzeug - INFO - [33mPress CTRL+C to quit[0m
2025-12-06 07:11:07,450 - werkzeug - INFO -  * Restarting with stat
2025-12-06 07:11:17,339 - app - INFO - Initializing utilities...
2025-12-06 07:11:17,374 - app.utils.image_processing - INFO - Face detection cascade loaded successfully
2025-12-06 07:11:17,375 - app - INFO - Initializing AI models...
2025-12-06 07:11:17,376 - app.models.skin_analysis_model - INFO - Attempting to load skin analysis model from: D:\Tek-UP\5eme SDIA\Projects\SkinPredict\api\models\multitask_skin_model.h5
2025-12-06 07:11:25,013 - absl - WARNING - Compiled the loaded model, but the compiled metrics have yet to be built. `model.compile_metrics` will be empty until you train or evaluate the model.
2025-12-06 07:11:25,020 - app.models.skin_analysis_model - INFO - Successfully loaded skin analysis model from: D:\Tek-UP\5eme SDIA\Projects\SkinPredict\api\models\multitask_skin_model.h5
2025-12-06 07:11:25,020 - app - INFO - FairFace model not configured - demographics will use defaults
2025-12-06 07:11:25,021 - app - INFO - Initializing business services...
2025-12-06 07:11:25,022 - app - INFO - All services initialized successfully
2025-12-06 07:11:25,025 - app.database - INFO - Database initialized successfully.
2025-12-06 07:11:25,026 - app - INFO - Database initialized successfully
2025-12-06 07:11:25,030 - app - ERROR - Agent initialization failed: No module named 'langchain_core'
2025-12-06 07:11:25,041 - app - INFO - All API blueprints registered successfully
2025-12-06 07:11:25,042 - app - INFO - SkinPredict API application created successfully
2025-12-06 07:11:25,042 - __main__ - INFO - Starting server on 0.0.0.0:5000
2025-12-06 07:11:25,043 - __main__ - INFO - Debug mode: True
2025-12-06 07:11:25,043 - __main__ - INFO - Environment: development
2025-12-06 07:11:25,067 - werkzeug - WARNING -  * Debugger is active!
2025-12-06 07:11:25,079 - werkzeug - INFO -  * Debugger PIN: 636-306-072
2025-12-06 07:11:26,258 - werkzeug - INFO - 127.0.0.1 - - [06/Dec/2025 07:11:26] "OPTIONS /api/user/profile HTTP/1.1" 200 -
2025-12-06 07:11:26,261 - werkzeug - INFO - 127.0.0.1 - - [06/Dec/2025 07:11:26] "OPTIONS /api/user/profile HTTP/1.1" 200 -
2025-12-06 07:11:26,265 - werkzeug - INFO - 127.0.0.1 - - [06/Dec/2025 07:11:26] "OPTIONS /api/user/profile HTTP/1.1" 200 -
2025-12-06 07:11:26,271 - app.utils.auth_middleware - INFO - Firebase Admin initialized with default credentials
2025-12-06 07:11:29,442 - app.utils.auth_middleware - ERROR - Token verification failed: A project ID is required to access the auth service.
            1. Use a service account credential, or
            2. set the project ID explicitly via Firebase App options, or
            3. set the project ID via the GOOGLE_CLOUD_PROJECT environment variable.
2025-12-06 07:11:29,444 - werkzeug - INFO - 127.0.0.1 - - [06/Dec/2025 07:11:29] "[31m[1mGET /api/user/profile HTTP/1.1[0m" 401 -
2025-12-06 07:11:31,117 - app.utils.auth_middleware - ERROR - Token verification failed: A project ID is required to access the auth service.
            1. Use a service account credential, or
            2. set the project ID explicitly via Firebase App options, or
            3. set the project ID via the GOOGLE_CLOUD_PROJECT environment variable.
2025-12-06 07:11:31,119 - werkzeug - INFO - 127.0.0.1 - - [06/Dec/2025 07:11:31] "[31m[1mGET /api/user/profile HTTP/1.1[0m" 401 -
2025-12-06 07:11:41,375 - werkzeug - INFO - 127.0.0.1 - - [06/Dec/2025 07:11:41] "OPTIONS /api/analyze HTTP/1.1" 200 -
2025-12-06 07:11:41,636 - app.routes.analysis_routes - ERROR - Analysis service not available
2025-12-06 07:11:41,637 - werkzeug - INFO - 127.0.0.1 - - [06/Dec/2025 07:11:41] "[35m[1mPOST /api/analyze HTTP/1.1[0m" 500 -
2025-12-06 07:14:28,687 - werkzeug - INFO -  * Detected change in 'D:\\Tek-UP\\5eme SDIA\\Projects\\SkinPredict\\api\\app\\routes\\analysis_routes.py', reloading
2025-12-06 07:14:30,362 - werkzeug - INFO -  * Restarting with stat
2025-12-06 07:14:41,725 - app - INFO - Initializing utilities...
2025-12-06 07:14:41,762 - app.utils.image_processing - INFO - Face detection cascade loaded successfully
2025-12-06 07:14:41,762 - app - INFO - Initializing AI models...
2025-12-06 07:14:41,763 - app.models.skin_analysis_model - INFO - Attempting to load skin analysis model from: D:\Tek-UP\5eme SDIA\Projects\SkinPredict\api\models\multitask_skin_model.h5
2025-12-06 07:14:50,364 - absl - WARNING - Compiled the loaded model, but the compiled metrics have yet to be built. `model.compile_metrics` will be empty until you train or evaluate the model.
2025-12-06 07:14:50,373 - app.models.skin_analysis_model - INFO - Successfully loaded skin analysis model from: D:\Tek-UP\5eme SDIA\Projects\SkinPredict\api\models\multitask_skin_model.h5
2025-12-06 07:14:50,374 - app - INFO - FairFace model not configured - demographics will use defaults
2025-12-06 07:14:50,374 - app - INFO - Initializing business services...
2025-12-06 07:14:50,375 - app - INFO - All services initialized successfully
2025-12-06 07:14:50,380 - app.database - INFO - Database initialized successfully.
2025-12-06 07:14:50,380 - app - INFO - Database initialized successfully
2025-12-06 07:14:50,386 - app - ERROR - Agent initialization failed: No module named 'langchain_core'
2025-12-06 07:14:50,398 - app - INFO - All API blueprints registered successfully
2025-12-06 07:14:50,398 - app - INFO - SkinPredict API application created successfully
2025-12-06 07:14:50,399 - __main__ - INFO - Starting server on 0.0.0.0:5000
2025-12-06 07:14:50,399 - __main__ - INFO - Debug mode: True
2025-12-06 07:14:50,400 - __main__ - INFO - Environment: development
2025-12-06 07:14:50,426 - werkzeug - WARNING -  * Debugger is active!
2025-12-06 07:14:50,440 - werkzeug - INFO -  * Debugger PIN: 636-306-072
2025-12-06 07:15:54,756 - app - INFO - Initializing utilities...
2025-12-06 07:15:54,795 - app.utils.image_processing - INFO - Face detection cascade loaded successfully
2025-12-06 07:15:54,796 - app - INFO - Initializing AI models...
2025-12-06 07:15:54,797 - app.models.skin_analysis_model - INFO - Attempting to load skin analysis model from: D:\Tek-UP\5eme SDIA\Projects\SkinPredict\api\models\multitask_skin_model.h5
2025-12-06 07:16:03,405 - absl - WARNING - Compiled the loaded model, but the compiled metrics have yet to be built. `model.compile_metrics` will be empty until you train or evaluate the model.
2025-12-06 07:16:03,415 - app.models.skin_analysis_model - INFO - Successfully loaded skin analysis model from: D:\Tek-UP\5eme SDIA\Projects\SkinPredict\api\models\multitask_skin_model.h5
2025-12-06 07:16:03,415 - app - INFO - FairFace model not configured - demographics will use defaults
2025-12-06 07:16:03,416 - app - INFO - Initializing business services...
2025-12-06 07:16:03,417 - app - INFO - All services initialized successfully
2025-12-06 07:16:03,420 - app.database - INFO - Database initialized successfully.
2025-12-06 07:16:03,421 - app - INFO - Database initialized successfully
2025-12-06 07:16:03,427 - app - ERROR - Agent initialization failed: No module named 'langchain_core'
2025-12-06 07:16:03,437 - app - INFO - All API blueprints registered successfully
2025-12-06 07:16:03,438 - app - INFO - SkinPredict API application created successfully
2025-12-06 07:16:03,438 - __main__ - INFO - Starting server on 0.0.0.0:5000
2025-12-06 07:16:03,439 - __main__ - INFO - Debug mode: True
2025-12-06 07:16:03,440 - __main__ - INFO - Environment: development
2025-12-06 07:16:04,338 - werkzeug - INFO - [31m[1mWARNING: This is a development server. Do not use it in a production deployment. Use a production WSGI server instead.[0m
 * Running on all addresses (0.0.0.0)
 * Running on http://127.0.0.1:5000
 * Running on http://10.254.240.211:5000
2025-12-06 07:16:04,339 - werkzeug - INFO - [33mPress CTRL+C to quit[0m
2025-12-06 07:16:04,342 - werkzeug - INFO -  * Restarting with stat
2025-12-06 07:16:15,905 - app - INFO - Initializing utilities...
2025-12-06 07:16:15,949 - app.utils.image_processing - INFO - Face detection cascade loaded successfully
2025-12-06 07:16:15,950 - app - INFO - Initializing AI models...
2025-12-06 07:16:15,951 - app.models.skin_analysis_model - INFO - Attempting to load skin analysis model from: D:\Tek-UP\5eme SDIA\Projects\SkinPredict\api\models\multitask_skin_model.h5
2025-12-06 07:16:28,464 - absl - WARNING - Compiled the loaded model, but the compiled metrics have yet to be built. `model.compile_metrics` will be empty until you train or evaluate the model.
2025-12-06 07:16:28,472 - app.models.skin_analysis_model - INFO - Successfully loaded skin analysis model from: D:\Tek-UP\5eme SDIA\Projects\SkinPredict\api\models\multitask_skin_model.h5
2025-12-06 07:16:28,473 - app - INFO - FairFace model not configured - demographics will use defaults
2025-12-06 07:16:28,474 - app - INFO - Initializing business services...
2025-12-06 07:16:28,474 - app - INFO - All services initialized successfully
2025-12-06 07:16:28,477 - app.database - INFO - Database initialized successfully.
2025-12-06 07:16:28,478 - app - INFO - Database initialized successfully
2025-12-06 07:16:28,484 - app - ERROR - Agent initialization failed: No module named 'langchain_core'
2025-12-06 07:16:28,500 - app - INFO - All API blueprints registered successfully
2025-12-06 07:16:28,500 - app - INFO - SkinPredict API application created successfully
2025-12-06 07:16:28,501 - __main__ - INFO - Starting server on 0.0.0.0:5000
2025-12-06 07:16:28,501 - __main__ - INFO - Debug mode: True
2025-12-06 07:16:28,501 - __main__ - INFO - Environment: development
2025-12-06 07:16:28,528 - werkzeug - WARNING -  * Debugger is active!
2025-12-06 07:16:28,544 - werkzeug - INFO -  * Debugger PIN: 636-306-072
2025-12-06 07:16:29,887 - werkzeug - INFO - 127.0.0.1 - - [06/Dec/2025 07:16:29] "OPTIONS /api/user/profile HTTP/1.1" 200 -
2025-12-06 07:16:29,894 - app.utils.auth_middleware - INFO - Firebase Admin initialized with default credentials
2025-12-06 07:16:33,016 - app.utils.auth_middleware - ERROR - Token verification failed: A project ID is required to access the auth service.
            1. Use a service account credential, or
            2. set the project ID explicitly via Firebase App options, or
            3. set the project ID via the GOOGLE_CLOUD_PROJECT environment variable.
2025-12-06 07:16:33,018 - werkzeug - INFO - 127.0.0.1 - - [06/Dec/2025 07:16:33] "[31m[1mGET /api/user/profile HTTP/1.1[0m" 401 -
2025-12-06 07:16:47,381 - werkzeug - INFO - 127.0.0.1 - - [06/Dec/2025 07:16:47] "OPTIONS /api/analyze HTTP/1.1" 200 -
2025-12-06 07:16:48,568 - app.utils.image_processing - INFO - Face detected and cropped: 252x252 at (91, 129)
2025-12-06 07:16:51,936 - app.services.analysis_service - ERROR - Error in skin analysis: 'NoneType' object has no attribute 'is_model_loaded'
2025-12-06 07:16:51,937 - app.routes.analysis_routes - ERROR - Error analyzing skin: Analysis failed: 'NoneType' object has no attribute 'is_model_loaded'
Traceback (most recent call last):
  File "D:\Tek-UP\5eme SDIA\Projects\SkinPredict\api\app\services\analysis_service.py", line 85, in analyze_skin
    return self._analyze_with_local_models(face)
           ^^^^^^^^^^^^^^^^^^^^^^^^^^^^^^^^^^^^^
  File "D:\Tek-UP\5eme SDIA\Projects\SkinPredict\api\app\services\analysis_service.py", line 147, in _analyze_with_local_models
    if self.fairface_model.is_model_loaded():
       ^^^^^^^^^^^^^^^^^^^^^^^^^^^^^^^^^^^
AttributeError: 'NoneType' object has no attribute 'is_model_loaded'

During handling of the above exception, another exception occurred:

Traceback (most recent call last):
  File "D:\Tek-UP\5eme SDIA\Projects\SkinPredict\api\app\routes\analysis_routes.py", line 41, in analyze_skin
    result = analysis_service.analyze_skin(data['image'], use_groq=use_groq)
             ^^^^^^^^^^^^^^^^^^^^^^^^^^^^^^^^^^^^^^^^^^^^^^^^^^^^^^^^^^^^^^^
  File "D:\Tek-UP\5eme SDIA\Projects\SkinPredict\api\app\services\analysis_service.py", line 89, in analyze_skin
    raise ValueError(f"Analysis failed: {e}")
ValueError: Analysis failed: 'NoneType' object has no attribute 'is_model_loaded'
2025-12-06 07:16:51,942 - werkzeug - INFO - 127.0.0.1 - - [06/Dec/2025 07:16:51] "[35m[1mPOST /api/analyze HTTP/1.1[0m" 500 -
2025-12-06 07:18:15,288 - werkzeug - INFO -  * Detected change in 'D:\\Tek-UP\\5eme SDIA\\Projects\\SkinPredict\\api\\app\\services\\analysis_service.py', reloading
2025-12-06 07:18:16,720 - werkzeug - INFO -  * Restarting with stat
2025-12-06 07:18:27,588 - app - INFO - Initializing utilities...
2025-12-06 07:18:27,649 - app.utils.image_processing - INFO - Face detection cascade loaded successfully
2025-12-06 07:18:27,649 - app - INFO - Initializing AI models...
2025-12-06 07:18:27,651 - app.models.skin_analysis_model - INFO - Attempting to load skin analysis model from: D:\Tek-UP\5eme SDIA\Projects\SkinPredict\api\models\multitask_skin_model.h5
2025-12-06 07:18:36,206 - absl - WARNING - Compiled the loaded model, but the compiled metrics have yet to be built. `model.compile_metrics` will be empty until you train or evaluate the model.
2025-12-06 07:18:36,215 - app.models.skin_analysis_model - INFO - Successfully loaded skin analysis model from: D:\Tek-UP\5eme SDIA\Projects\SkinPredict\api\models\multitask_skin_model.h5
2025-12-06 07:18:36,216 - app - INFO - FairFace model not configured - demographics will use defaults
2025-12-06 07:18:36,217 - app - INFO - Initializing business services...
2025-12-06 07:18:36,218 - app - INFO - All services initialized successfully
2025-12-06 07:18:36,221 - app.database - INFO - Database initialized successfully.
2025-12-06 07:18:36,221 - app - INFO - Database initialized successfully
2025-12-06 07:18:36,231 - app - ERROR - Agent initialization failed: No module named 'langchain_core'
2025-12-06 07:18:36,242 - app - INFO - All API blueprints registered successfully
2025-12-06 07:18:36,242 - app - INFO - SkinPredict API application created successfully
2025-12-06 07:18:36,242 - __main__ - INFO - Starting server on 0.0.0.0:5000
2025-12-06 07:18:36,244 - __main__ - INFO - Debug mode: True
2025-12-06 07:18:36,244 - __main__ - INFO - Environment: development
2025-12-06 07:18:36,272 - werkzeug - WARNING -  * Debugger is active!
2025-12-06 07:18:36,288 - werkzeug - INFO -  * Debugger PIN: 636-306-072
2025-12-06 07:19:58,561 - app - INFO - Initializing utilities...
2025-12-06 07:19:58,596 - app.utils.image_processing - INFO - Face detection cascade loaded successfully
2025-12-06 07:19:58,597 - app - INFO - Initializing AI models...
2025-12-06 07:19:58,598 - app.models.skin_analysis_model - INFO - Attempting to load skin analysis model from: D:\Tek-UP\5eme SDIA\Projects\SkinPredict\api\models\multitask_skin_model.h5
2025-12-06 07:20:07,512 - absl - WARNING - Compiled the loaded model, but the compiled metrics have yet to be built. `model.compile_metrics` will be empty until you train or evaluate the model.
2025-12-06 07:20:07,518 - app.models.skin_analysis_model - INFO - Successfully loaded skin analysis model from: D:\Tek-UP\5eme SDIA\Projects\SkinPredict\api\models\multitask_skin_model.h5
2025-12-06 07:20:07,519 - app - INFO - FairFace model not configured - demographics will use defaults
2025-12-06 07:20:07,519 - app - INFO - Initializing business services...
2025-12-06 07:20:07,520 - app - INFO - All services initialized successfully
2025-12-06 07:20:07,524 - app.database - INFO - Database initialized successfully.
2025-12-06 07:20:07,525 - app - INFO - Database initialized successfully
2025-12-06 07:20:07,531 - app - ERROR - Agent initialization failed: No module named 'langchain_core'
2025-12-06 07:20:07,545 - app - INFO - All API blueprints registered successfully
2025-12-06 07:20:07,545 - app - INFO - SkinPredict API application created successfully
2025-12-06 07:20:07,546 - __main__ - INFO - Starting server on 0.0.0.0:5000
2025-12-06 07:20:07,547 - __main__ - INFO - Debug mode: True
2025-12-06 07:20:07,547 - __main__ - INFO - Environment: development
2025-12-06 07:20:08,451 - werkzeug - INFO - [31m[1mWARNING: This is a development server. Do not use it in a production deployment. Use a production WSGI server instead.[0m
 * Running on all addresses (0.0.0.0)
 * Running on http://127.0.0.1:5000
 * Running on http://10.254.240.211:5000
2025-12-06 07:20:08,451 - werkzeug - INFO - [33mPress CTRL+C to quit[0m
2025-12-06 07:20:08,456 - werkzeug - INFO -  * Restarting with stat
2025-12-06 07:20:20,931 - app - INFO - Initializing utilities...
2025-12-06 07:20:20,982 - app.utils.image_processing - INFO - Face detection cascade loaded successfully
2025-12-06 07:20:20,984 - app - INFO - Initializing AI models...
2025-12-06 07:20:20,985 - app.models.skin_analysis_model - INFO - Attempting to load skin analysis model from: D:\Tek-UP\5eme SDIA\Projects\SkinPredict\api\models\multitask_skin_model.h5
2025-12-06 07:20:30,814 - absl - WARNING - Compiled the loaded model, but the compiled metrics have yet to be built. `model.compile_metrics` will be empty until you train or evaluate the model.
2025-12-06 07:20:30,823 - app.models.skin_analysis_model - INFO - Successfully loaded skin analysis model from: D:\Tek-UP\5eme SDIA\Projects\SkinPredict\api\models\multitask_skin_model.h5
2025-12-06 07:20:30,824 - app - INFO - FairFace model not configured - demographics will use defaults
2025-12-06 07:20:30,824 - app - INFO - Initializing business services...
2025-12-06 07:20:30,825 - app - INFO - All services initialized successfully
2025-12-06 07:20:30,828 - app.database - INFO - Database initialized successfully.
2025-12-06 07:20:30,828 - app - INFO - Database initialized successfully
2025-12-06 07:20:30,838 - app - ERROR - Agent initialization failed: No module named 'langchain_core'
2025-12-06 07:20:30,853 - app - INFO - All API blueprints registered successfully
2025-12-06 07:20:30,853 - app - INFO - SkinPredict API application created successfully
2025-12-06 07:20:30,854 - __main__ - INFO - Starting server on 0.0.0.0:5000
2025-12-06 07:20:30,855 - __main__ - INFO - Debug mode: True
2025-12-06 07:20:30,855 - __main__ - INFO - Environment: development
2025-12-06 07:20:30,889 - werkzeug - WARNING -  * Debugger is active!
2025-12-06 07:20:30,904 - werkzeug - INFO -  * Debugger PIN: 636-306-072
2025-12-06 07:21:35,333 - werkzeug - INFO - 127.0.0.1 - - [06/Dec/2025 07:21:35] "OPTIONS /api/analyze HTTP/1.1" 200 -
2025-12-06 07:21:36,297 - app.utils.image_processing - INFO - Face detected and cropped: 234x234 at (133, 119)
2025-12-06 07:21:38,777 - app.services.analysis_service - INFO - FairFace model not available - using default demographics
2025-12-06 07:21:38,783 - app.routes.analysis_routes - WARNING - Failed to save scan data: save_scan_to_db() got an unexpected keyword argument 'skin_type'
2025-12-06 07:21:38,785 - werkzeug - INFO - 127.0.0.1 - - [06/Dec/2025 07:21:38] "POST /api/analyze HTTP/1.1" 200 -
2025-12-06 07:21:42,608 - werkzeug - INFO - 127.0.0.1 - - [06/Dec/2025 07:21:42] "OPTIONS /api/chat HTTP/1.1" 200 -
2025-12-06 07:21:42,930 - app.services.chat_service - INFO - Classified intent: skin_analysis
2025-12-06 07:21:48,091 - werkzeug - INFO - 127.0.0.1 - - [06/Dec/2025 07:21:48] "POST /api/chat HTTP/1.1" 200 -
2025-12-06 07:24:32,132 - werkzeug - INFO -  * Detected change in 'D:\\Tek-UP\\5eme SDIA\\Projects\\SkinPredict\\api\\app\\routes\\analysis_routes.py', reloading
2025-12-06 07:24:34,131 - werkzeug - INFO -  * Restarting with stat
2025-12-06 07:24:45,807 - app - INFO - Initializing utilities...
2025-12-06 07:24:45,862 - app.utils.image_processing - INFO - Face detection cascade loaded successfully
2025-12-06 07:24:45,863 - app - INFO - Initializing AI models...
2025-12-06 07:24:45,864 - app.models.skin_analysis_model - INFO - Attempting to load skin analysis model from: D:\Tek-UP\5eme SDIA\Projects\SkinPredict\api\models\multitask_skin_model.h5
2025-12-06 07:24:56,194 - absl - WARNING - Compiled the loaded model, but the compiled metrics have yet to be built. `model.compile_metrics` will be empty until you train or evaluate the model.
2025-12-06 07:24:56,201 - app.models.skin_analysis_model - INFO - Successfully loaded skin analysis model from: D:\Tek-UP\5eme SDIA\Projects\SkinPredict\api\models\multitask_skin_model.h5
2025-12-06 07:24:56,202 - app - INFO - FairFace model not configured - demographics will use defaults
2025-12-06 07:24:56,203 - app - INFO - Initializing business services...
2025-12-06 07:24:56,204 - app - INFO - All services initialized successfully
2025-12-06 07:24:56,207 - app.database - INFO - Database initialized successfully.
2025-12-06 07:24:56,208 - app - INFO - Database initialized successfully
2025-12-06 07:24:56,214 - app - ERROR - Agent initialization failed: No module named 'langchain_core'
2025-12-06 07:24:56,228 - app - INFO - All API blueprints registered successfully
2025-12-06 07:24:56,228 - app - INFO - SkinPredict API application created successfully
2025-12-06 07:24:56,229 - __main__ - INFO - Starting server on 0.0.0.0:5000
2025-12-06 07:24:56,229 - __main__ - INFO - Debug mode: True
2025-12-06 07:24:56,230 - __main__ - INFO - Environment: development
2025-12-06 07:24:56,263 - werkzeug - WARNING -  * Debugger is active!
2025-12-06 07:24:56,278 - werkzeug - INFO -  * Debugger PIN: 636-306-072
2025-12-06 07:26:04,697 - werkzeug - INFO - 127.0.0.1 - - [06/Dec/2025 07:26:04] "OPTIONS /api/analyze HTTP/1.1" 200 -
2025-12-06 07:26:05,707 - app.utils.image_processing - INFO - Face detected and cropped: 233x233 at (113, 135)
2025-12-06 07:26:08,321 - app.services.analysis_service - INFO - FairFace model not available - using default demographics
2025-12-06 07:26:08,326 - app.utils.scan_utils - ERROR - Failed to save scan to database: Could not determine join condition between parent/child tables on relationship User.scans - there are no foreign keys linking these tables.  Ensure that referencing columns are associated with a ForeignKey or ForeignKeyConstraint, or specify a 'primaryjoin' expression.
2025-12-06 07:26:08,328 - werkzeug - INFO - 127.0.0.1 - - [06/Dec/2025 07:26:08] "POST /api/analyze HTTP/1.1" 200 -
2025-12-06 07:26:08,656 - werkzeug - INFO - 127.0.0.1 - - [06/Dec/2025 07:26:08] "OPTIONS /api/chat HTTP/1.1" 200 -
2025-12-06 07:26:08,988 - app.services.chat_service - INFO - Classified intent: skin_analysis
2025-12-06 07:26:14,037 - werkzeug - INFO - 127.0.0.1 - - [06/Dec/2025 07:26:14] "POST /api/chat HTTP/1.1" 200 -
2025-12-06 09:07:49,452 - werkzeug - INFO - 127.0.0.1 - - [06/Dec/2025 09:07:49] "OPTIONS /api/user/profile HTTP/1.1" 200 -
2025-12-06 09:07:49,457 - werkzeug - INFO - 127.0.0.1 - - [06/Dec/2025 09:07:49] "OPTIONS /api/user/profile HTTP/1.1" 200 -
2025-12-06 09:07:49,519 - werkzeug - INFO - 127.0.0.1 - - [06/Dec/2025 09:07:49] "OPTIONS /api/user/profile HTTP/1.1" 200 -
2025-12-06 09:07:49,527 - werkzeug - INFO - 127.0.0.1 - - [06/Dec/2025 09:07:49] "OPTIONS /api/user/profile HTTP/1.1" 200 -
2025-12-06 09:07:49,677 - app.utils.auth_middleware - INFO - Firebase Admin initialized with default credentials
2025-12-06 09:07:52,607 - app.utils.auth_middleware - ERROR - Token verification failed: A project ID is required to access the auth service.
            1. Use a service account credential, or
            2. set the project ID explicitly via Firebase App options, or
            3. set the project ID via the GOOGLE_CLOUD_PROJECT environment variable.
2025-12-06 09:07:52,608 - werkzeug - INFO - 127.0.0.1 - - [06/Dec/2025 09:07:52] "[31m[1mGET /api/user/profile HTTP/1.1[0m" 401 -
2025-12-06 09:07:52,624 - app.utils.auth_middleware - ERROR - Token verification failed: A project ID is required to access the auth service.
            1. Use a service account credential, or
            2. set the project ID explicitly via Firebase App options, or
            3. set the project ID via the GOOGLE_CLOUD_PROJECT environment variable.
2025-12-06 09:07:52,628 - werkzeug - INFO - 127.0.0.1 - - [06/Dec/2025 09:07:52] "[31m[1mGET /api/user/profile HTTP/1.1[0m" 401 -
2025-12-06 09:07:52,945 - app.utils.auth_middleware - ERROR - Token verification failed: A project ID is required to access the auth service.
            1. Use a service account credential, or
            2. set the project ID explicitly via Firebase App options, or
            3. set the project ID via the GOOGLE_CLOUD_PROJECT environment variable.
2025-12-06 09:07:52,953 - werkzeug - INFO - 127.0.0.1 - - [06/Dec/2025 09:07:52] "[31m[1mGET /api/user/profile HTTP/1.1[0m" 401 -
2025-12-06 09:07:53,237 - app.utils.auth_middleware - ERROR - Token verification failed: A project ID is required to access the auth service.
            1. Use a service account credential, or
            2. set the project ID explicitly via Firebase App options, or
            3. set the project ID via the GOOGLE_CLOUD_PROJECT environment variable.
2025-12-06 09:07:53,270 - werkzeug - INFO - 127.0.0.1 - - [06/Dec/2025 09:07:53] "[31m[1mGET /api/user/profile HTTP/1.1[0m" 401 -
2025-12-06 09:19:07,531 - werkzeug - INFO - 127.0.0.1 - - [06/Dec/2025 09:19:07] "OPTIONS /api/user/profile HTTP/1.1" 200 -
2025-12-06 09:19:07,565 - werkzeug - INFO - 127.0.0.1 - - [06/Dec/2025 09:19:07] "OPTIONS /api/user/profile HTTP/1.1" 200 -
2025-12-06 09:19:07,790 - app.utils.auth_middleware - ERROR - Token verification failed: A project ID is required to access the auth service.
            1. Use a service account credential, or
            2. set the project ID explicitly via Firebase App options, or
            3. set the project ID via the GOOGLE_CLOUD_PROJECT environment variable.
2025-12-06 09:19:07,791 - werkzeug - INFO - 127.0.0.1 - - [06/Dec/2025 09:19:07] "[31m[1mGET /api/user/profile HTTP/1.1[0m" 401 -
2025-12-06 09:19:07,838 - app.utils.auth_middleware - ERROR - Token verification failed: A project ID is required to access the auth service.
            1. Use a service account credential, or
            2. set the project ID explicitly via Firebase App options, or
            3. set the project ID via the GOOGLE_CLOUD_PROJECT environment variable.
2025-12-06 09:19:07,840 - werkzeug - INFO - 127.0.0.1 - - [06/Dec/2025 09:19:07] "[31m[1mGET /api/user/profile HTTP/1.1[0m" 401 -
2025-12-06 09:22:37,819 - werkzeug - INFO - 127.0.0.1 - - [06/Dec/2025 09:22:37] "OPTIONS /api/user/profile HTTP/1.1" 200 -
2025-12-06 09:22:38,092 - app.utils.auth_middleware - ERROR - Token verification failed: A project ID is required to access the auth service.
            1. Use a service account credential, or
            2. set the project ID explicitly via Firebase App options, or
            3. set the project ID via the GOOGLE_CLOUD_PROJECT environment variable.
2025-12-06 09:22:38,094 - werkzeug - INFO - 127.0.0.1 - - [06/Dec/2025 09:22:38] "[31m[1mGET /api/user/profile HTTP/1.1[0m" 401 -
2025-12-06 09:41:47,155 - werkzeug - INFO -  * Detected change in 'D:\\Tek-UP\\5eme SDIA\\Projects\\SkinPredict\\api\\app\\config\\config.py', reloading
2025-12-06 09:41:50,443 - werkzeug - INFO -  * Restarting with stat
2025-12-06 09:42:02,435 - app - INFO - Initializing utilities...
2025-12-06 09:42:02,494 - app.utils.image_processing - INFO - Face detection cascade loaded successfully
2025-12-06 09:42:02,495 - app - INFO - Initializing AI models...
2025-12-06 09:42:02,496 - app.models.skin_analysis_model - INFO - Attempting to load skin analysis model from: D:\Tek-UP\5eme SDIA\Projects\SkinPredict\api\models\multitask_skin_model.h5
2025-12-06 09:42:12,582 - absl - WARNING - Compiled the loaded model, but the compiled metrics have yet to be built. `model.compile_metrics` will be empty until you train or evaluate the model.
2025-12-06 09:42:12,589 - app.models.skin_analysis_model - INFO - Successfully loaded skin analysis model from: D:\Tek-UP\5eme SDIA\Projects\SkinPredict\api\models\multitask_skin_model.h5
2025-12-06 09:42:12,589 - app - INFO - FairFace model not configured - demographics will use defaults
2025-12-06 09:42:12,590 - app - INFO - Initializing business services...
2025-12-06 09:42:12,590 - app - INFO - All services initialized successfully
2025-12-06 09:42:12,596 - app.database - INFO - Database initialized successfully.
2025-12-06 09:42:12,597 - app - INFO - Database initialized successfully
2025-12-06 09:42:12,603 - app - ERROR - Agent initialization failed: No module named 'langchain_core'
2025-12-06 09:42:12,615 - app - INFO - All API blueprints registered successfully
2025-12-06 09:42:12,616 - app - INFO - SkinPredict API application created successfully
2025-12-06 09:42:12,616 - __main__ - INFO - Starting server on 0.0.0.0:5000
2025-12-06 09:42:12,617 - __main__ - INFO - Debug mode: True
2025-12-06 09:42:12,617 - __main__ - INFO - Environment: development
2025-12-06 09:42:12,648 - werkzeug - WARNING -  * Debugger is active!
2025-12-06 09:42:12,662 - werkzeug - INFO -  * Debugger PIN: 636-306-072
2025-12-07 20:15:10,989 - app - INFO - Initializing utilities...
2025-12-07 20:15:11,104 - app.utils.image_processing - INFO - Face detection cascade loaded successfully
2025-12-07 20:15:11,104 - app - INFO - Initializing AI models...
2025-12-07 20:15:11,105 - app.models.skin_analysis_model - INFO - Attempting to load skin analysis model from: D:\Tek-UP\5eme SDIA\Projects\SkinPredict\api\models\multitask_skin_model.h5
2025-12-07 20:15:31,996 - absl - WARNING - Compiled the loaded model, but the compiled metrics have yet to be built. `model.compile_metrics` will be empty until you train or evaluate the model.
2025-12-07 20:15:32,004 - app.models.skin_analysis_model - INFO - Successfully loaded skin analysis model from: D:\Tek-UP\5eme SDIA\Projects\SkinPredict\api\models\multitask_skin_model.h5
2025-12-07 20:15:32,005 - app - INFO - FairFace model not configured - demographics will use defaults
2025-12-07 20:15:32,005 - app - INFO - Initializing business services...
2025-12-07 20:15:32,006 - app - INFO - All services initialized successfully
2025-12-07 20:15:32,093 - app.database - INFO - Database initialized successfully.
2025-12-07 20:15:32,094 - app - INFO - Database initialized successfully
2025-12-07 20:15:32,103 - app - ERROR - Agent initialization failed: No module named 'langchain_core'
2025-12-07 20:15:32,115 - app - INFO - All API blueprints registered successfully
2025-12-07 20:15:32,116 - app - INFO - SkinPredict API application created successfully
2025-12-07 20:15:32,116 - __main__ - INFO - Starting server on 0.0.0.0:5000
2025-12-07 20:15:32,117 - __main__ - INFO - Debug mode: True
2025-12-07 20:15:32,117 - __main__ - INFO - Environment: development
2025-12-07 20:15:33,097 - werkzeug - INFO - [31m[1mWARNING: This is a development server. Do not use it in a production deployment. Use a production WSGI server instead.[0m
 * Running on all addresses (0.0.0.0)
 * Running on http://127.0.0.1:5000
 * Running on http://192.168.1.11:5000
2025-12-07 20:15:33,097 - werkzeug - INFO - [33mPress CTRL+C to quit[0m
2025-12-07 20:15:33,101 - werkzeug - INFO -  * Restarting with stat
2025-12-07 20:15:44,002 - app - INFO - Initializing utilities...
2025-12-07 20:15:44,049 - app.utils.image_processing - INFO - Face detection cascade loaded successfully
2025-12-07 20:15:44,050 - app - INFO - Initializing AI models...
2025-12-07 20:15:44,050 - app.models.skin_analysis_model - INFO - Attempting to load skin analysis model from: D:\Tek-UP\5eme SDIA\Projects\SkinPredict\api\models\multitask_skin_model.h5
2025-12-07 20:15:54,225 - absl - WARNING - Compiled the loaded model, but the compiled metrics have yet to be built. `model.compile_metrics` will be empty until you train or evaluate the model.
2025-12-07 20:15:54,238 - app.models.skin_analysis_model - INFO - Successfully loaded skin analysis model from: D:\Tek-UP\5eme SDIA\Projects\SkinPredict\api\models\multitask_skin_model.h5
2025-12-07 20:15:54,239 - app - INFO - FairFace model not configured - demographics will use defaults
2025-12-07 20:15:54,239 - app - INFO - Initializing business services...
2025-12-07 20:15:54,240 - app - INFO - All services initialized successfully
2025-12-07 20:15:54,244 - app.database - INFO - Database initialized successfully.
2025-12-07 20:15:54,244 - app - INFO - Database initialized successfully
2025-12-07 20:15:54,250 - app - ERROR - Agent initialization failed: No module named 'langchain_core'
2025-12-07 20:15:54,266 - app - INFO - All API blueprints registered successfully
2025-12-07 20:15:54,266 - app - INFO - SkinPredict API application created successfully
2025-12-07 20:15:54,267 - __main__ - INFO - Starting server on 0.0.0.0:5000
2025-12-07 20:15:54,268 - __main__ - INFO - Debug mode: True
2025-12-07 20:15:54,269 - __main__ - INFO - Environment: development
2025-12-07 20:15:54,311 - werkzeug - WARNING -  * Debugger is active!
2025-12-07 20:15:54,327 - werkzeug - INFO -  * Debugger PIN: 457-400-097
2025-12-07 22:47:32,081 - app - INFO - Initializing utilities...
2025-12-07 22:47:32,204 - app.utils.image_processing - INFO - Face detection cascade loaded successfully
2025-12-07 22:47:32,206 - app - INFO - Initializing AI models...
2025-12-07 22:47:32,206 - app.models.skin_analysis_model - INFO - Attempting to load skin analysis model from: D:\Tek-UP\5eme SDIA\Projects\SkinPredict\api\models\multitask_skin_model.h5
2025-12-07 22:47:52,181 - absl - WARNING - Compiled the loaded model, but the compiled metrics have yet to be built. `model.compile_metrics` will be empty until you train or evaluate the model.
2025-12-07 22:47:52,181 - app.models.skin_analysis_model - INFO - Successfully loaded skin analysis model from: D:\Tek-UP\5eme SDIA\Projects\SkinPredict\api\models\multitask_skin_model.h5
2025-12-07 22:47:52,181 - app - INFO - FairFace model not configured - demographics will use defaults
2025-12-07 22:47:52,181 - app - INFO - Initializing business services...
2025-12-07 22:47:52,181 - app - INFO - All services initialized successfully
2025-12-07 22:47:52,218 - app.database - INFO - Database initialized successfully.
2025-12-07 22:47:52,218 - app - INFO - Database initialized successfully
2025-12-07 22:47:52,224 - app - ERROR - Agent initialization failed: No module named 'langchain_core'
2025-12-07 22:47:52,235 - app - INFO - All API blueprints registered successfully
2025-12-07 22:47:52,235 - app - INFO - SkinPredict API application created successfully
2025-12-07 22:47:52,236 - __main__ - INFO - Starting server on 0.0.0.0:5000
2025-12-07 22:47:52,236 - __main__ - INFO - Debug mode: True
2025-12-07 22:47:52,237 - __main__ - INFO - Environment: development
2025-12-07 22:47:52,316 - werkzeug - INFO - [31m[1mWARNING: This is a development server. Do not use it in a production deployment. Use a production WSGI server instead.[0m
 * Running on all addresses (0.0.0.0)
 * Running on http://127.0.0.1:5000
 * Running on http://192.168.1.11:5000
2025-12-07 22:47:52,317 - werkzeug - INFO - [33mPress CTRL+C to quit[0m
2025-12-07 22:47:52,322 - werkzeug - INFO -  * Restarting with stat
2025-12-07 22:48:01,183 - app - INFO - Initializing utilities...
2025-12-07 22:48:01,217 - app.utils.image_processing - INFO - Face detection cascade loaded successfully
2025-12-07 22:48:01,218 - app - INFO - Initializing AI models...
2025-12-07 22:48:01,218 - app.models.skin_analysis_model - INFO - Attempting to load skin analysis model from: D:\Tek-UP\5eme SDIA\Projects\SkinPredict\api\models\multitask_skin_model.h5
2025-12-07 22:48:08,555 - absl - WARNING - Compiled the loaded model, but the compiled metrics have yet to be built. `model.compile_metrics` will be empty until you train or evaluate the model.
2025-12-07 22:48:08,564 - app.models.skin_analysis_model - INFO - Successfully loaded skin analysis model from: D:\Tek-UP\5eme SDIA\Projects\SkinPredict\api\models\multitask_skin_model.h5
2025-12-07 22:48:08,564 - app - INFO - FairFace model not configured - demographics will use defaults
2025-12-07 22:48:08,565 - app - INFO - Initializing business services...
2025-12-07 22:48:08,565 - app - INFO - All services initialized successfully
2025-12-07 22:48:08,568 - app.database - INFO - Database initialized successfully.
2025-12-07 22:48:08,568 - app - INFO - Database initialized successfully
2025-12-07 22:48:08,574 - app - ERROR - Agent initialization failed: No module named 'langchain_core'
2025-12-07 22:48:08,583 - app - INFO - All API blueprints registered successfully
2025-12-07 22:48:08,584 - app - INFO - SkinPredict API application created successfully
2025-12-07 22:48:08,584 - __main__ - INFO - Starting server on 0.0.0.0:5000
2025-12-07 22:48:08,584 - __main__ - INFO - Debug mode: True
2025-12-07 22:48:08,585 - __main__ - INFO - Environment: development
2025-12-07 22:48:08,609 - werkzeug - WARNING -  * Debugger is active!
2025-12-07 22:48:08,623 - werkzeug - INFO -  * Debugger PIN: 457-400-097
2025-12-07 22:51:50,934 - werkzeug - INFO - 127.0.0.1 - - [07/Dec/2025 22:51:50] "OPTIONS /api/analyze HTTP/1.1" 200 -
2025-12-07 22:51:53,252 - app.utils.image_processing - INFO - Face detected and cropped: 229x229 at (109, 155)
2025-12-07 22:51:57,831 - app.services.analysis_service - INFO - FairFace model not available - using default demographics
2025-12-07 22:51:57,839 - app.utils.scan_utils - ERROR - Failed to save scan to database: Could not determine join condition between parent/child tables on relationship User.scans - there are no foreign keys linking these tables.  Ensure that referencing columns are associated with a ForeignKey or ForeignKeyConstraint, or specify a 'primaryjoin' expression.
2025-12-07 22:51:57,842 - werkzeug - INFO - 127.0.0.1 - - [07/Dec/2025 22:51:57] "POST /api/analyze HTTP/1.1" 200 -
2025-12-07 22:51:58,456 - werkzeug - INFO - 127.0.0.1 - - [07/Dec/2025 22:51:58] "OPTIONS /api/chat HTTP/1.1" 200 -
2025-12-07 22:51:58,789 - app.services.chat_service - INFO - Classified intent: skin_analysis
2025-12-07 22:52:04,034 - werkzeug - INFO - 127.0.0.1 - - [07/Dec/2025 22:52:04] "POST /api/chat HTTP/1.1" 200 -
2025-12-07 22:52:33,025 - werkzeug - INFO - 127.0.0.1 - - [07/Dec/2025 22:52:33] "OPTIONS /api/chat HTTP/1.1" 200 -
2025-12-07 22:52:33,343 - app.services.chat_service - INFO - Classified intent: ingredient_inquiry
2025-12-07 22:52:40,498 - werkzeug - INFO - 127.0.0.1 - - [07/Dec/2025 22:52:40] "POST /api/chat HTTP/1.1" 200 -
2025-12-07 22:53:44,619 - werkzeug - INFO - 127.0.0.1 - - [07/Dec/2025 22:53:44] "[33mGET /ajax-api/2.0/mlflow/experiments/search?max_results=25&order_by=last_update_time+DESC HTTP/1.1[0m" 404 -
2025-12-07 22:53:46,821 - werkzeug - INFO - 127.0.0.1 - - [07/Dec/2025 22:53:46] "[33mGET / HTTP/1.1[0m" 404 -
2025-12-07 22:53:47,017 - werkzeug - INFO - 127.0.0.1 - - [07/Dec/2025 22:53:47] "[33mGET /favicon.ico HTTP/1.1[0m" 404 -
2025-12-07 23:33:12,478 - app - INFO - Initializing utilities...
2025-12-07 23:33:12,560 - app.utils.image_processing - INFO - Face detection cascade loaded successfully
2025-12-07 23:33:12,567 - app - INFO - Initializing AI models...
2025-12-07 23:33:12,567 - app.models.skin_analysis_model - INFO - Attempting to load skin analysis model from: D:\Tek-UP\5eme SDIA\Projects\SkinPredict\api\models\multitask_skin_model.h5
2025-12-07 23:33:34,189 - absl - WARNING - Compiled the loaded model, but the compiled metrics have yet to be built. `model.compile_metrics` will be empty until you train or evaluate the model.
2025-12-07 23:33:34,195 - app.models.skin_analysis_model - INFO - Successfully loaded skin analysis model from: D:\Tek-UP\5eme SDIA\Projects\SkinPredict\api\models\multitask_skin_model.h5
2025-12-07 23:33:34,195 - app - INFO - FairFace model not configured - demographics will use defaults
2025-12-07 23:33:34,196 - app - INFO - Initializing business services...
2025-12-07 23:33:34,196 - app - INFO - All services initialized successfully
2025-12-07 23:33:34,284 - app.database - INFO - Database initialized successfully.
2025-12-07 23:33:34,284 - app - INFO - Database initialized successfully
2025-12-07 23:33:34,290 - app - ERROR - Agent initialization failed: No module named 'langchain_core'
2025-12-07 23:33:34,306 - app - INFO - All API blueprints registered successfully
2025-12-07 23:33:34,307 - app - INFO - SkinPredict API application created successfully
2025-12-07 23:33:34,309 - __main__ - INFO - Starting server on 0.0.0.0:5000
2025-12-07 23:33:34,310 - __main__ - INFO - Debug mode: True
2025-12-07 23:33:34,310 - __main__ - INFO - Environment: development
2025-12-07 23:33:35,293 - werkzeug - INFO - [31m[1mWARNING: This is a development server. Do not use it in a production deployment. Use a production WSGI server instead.[0m
 * Running on all addresses (0.0.0.0)
 * Running on http://127.0.0.1:5000
 * Running on http://192.168.1.11:5000
2025-12-07 23:33:35,294 - werkzeug - INFO - [33mPress CTRL+C to quit[0m
2025-12-07 23:33:35,299 - werkzeug - INFO -  * Restarting with stat
2025-12-07 23:33:45,811 - app - INFO - Initializing utilities...
2025-12-07 23:33:45,861 - app.utils.image_processing - INFO - Face detection cascade loaded successfully
2025-12-07 23:33:45,863 - app - INFO - Initializing AI models...
2025-12-07 23:33:45,863 - app.models.skin_analysis_model - INFO - Attempting to load skin analysis model from: D:\Tek-UP\5eme SDIA\Projects\SkinPredict\api\models\multitask_skin_model.h5
2025-12-07 23:33:54,018 - absl - WARNING - Compiled the loaded model, but the compiled metrics have yet to be built. `model.compile_metrics` will be empty until you train or evaluate the model.
2025-12-07 23:33:54,026 - app.models.skin_analysis_model - INFO - Successfully loaded skin analysis model from: D:\Tek-UP\5eme SDIA\Projects\SkinPredict\api\models\multitask_skin_model.h5
2025-12-07 23:33:54,026 - app - INFO - FairFace model not configured - demographics will use defaults
2025-12-07 23:33:54,026 - app - INFO - Initializing business services...
2025-12-07 23:33:54,031 - app - INFO - All services initialized successfully
2025-12-07 23:33:54,034 - app.database - INFO - Database initialized successfully.
2025-12-07 23:33:54,034 - app - INFO - Database initialized successfully
2025-12-07 23:33:54,040 - app - ERROR - Agent initialization failed: No module named 'langchain_core'
2025-12-07 23:33:54,054 - app - INFO - All API blueprints registered successfully
2025-12-07 23:33:54,055 - app - INFO - SkinPredict API application created successfully
2025-12-07 23:33:54,056 - __main__ - INFO - Starting server on 0.0.0.0:5000
2025-12-07 23:33:54,057 - __main__ - INFO - Debug mode: True
2025-12-07 23:33:54,057 - __main__ - INFO - Environment: development
2025-12-07 23:33:54,087 - werkzeug - WARNING -  * Debugger is active!
2025-12-07 23:33:54,104 - werkzeug - INFO -  * Debugger PIN: 457-400-097
2025-12-07 23:33:55,294 - werkzeug - INFO - 127.0.0.1 - - [07/Dec/2025 23:33:55] "OPTIONS /api/user/profile HTTP/1.1" 200 -
2025-12-07 23:33:55,297 - werkzeug - INFO - 127.0.0.1 - - [07/Dec/2025 23:33:55] "OPTIONS /api/user/profile HTTP/1.1" 200 -
2025-12-07 23:33:55,620 - app.utils.auth_middleware - INFO - Firebase Admin initialized with default credentials
2025-12-07 23:33:58,490 - app.utils.auth_middleware - ERROR - Token verification failed: A project ID is required to access the auth service.
            1. Use a service account credential, or
            2. set the project ID explicitly via Firebase App options, or
            3. set the project ID via the GOOGLE_CLOUD_PROJECT environment variable.
2025-12-07 23:33:58,491 - werkzeug - INFO - 127.0.0.1 - - [07/Dec/2025 23:33:58] "[31m[1mGET /api/user/profile HTTP/1.1[0m" 401 -
2025-12-07 23:34:00,479 - werkzeug - INFO - 127.0.0.1 - - [07/Dec/2025 23:34:00] "OPTIONS /api/user/profile HTTP/1.1" 200 -
2025-12-07 23:34:00,790 - werkzeug - INFO - 127.0.0.1 - - [07/Dec/2025 23:34:00] "OPTIONS /api/user/profile HTTP/1.1" 200 -
2025-12-07 23:34:00,824 - app.utils.auth_middleware - ERROR - Token verification failed: A project ID is required to access the auth service.
            1. Use a service account credential, or
            2. set the project ID explicitly via Firebase App options, or
            3. set the project ID via the GOOGLE_CLOUD_PROJECT environment variable.
2025-12-07 23:34:00,826 - werkzeug - INFO - 127.0.0.1 - - [07/Dec/2025 23:34:00] "[31m[1mGET /api/user/profile HTTP/1.1[0m" 401 -
2025-12-07 23:34:01,141 - app.utils.auth_middleware - ERROR - Token verification failed: A project ID is required to access the auth service.
            1. Use a service account credential, or
            2. set the project ID explicitly via Firebase App options, or
            3. set the project ID via the GOOGLE_CLOUD_PROJECT environment variable.
2025-12-07 23:34:01,142 - werkzeug - INFO - 127.0.0.1 - - [07/Dec/2025 23:34:01] "[31m[1mGET /api/user/profile HTTP/1.1[0m" 401 -
2025-12-07 23:34:06,674 - werkzeug - INFO - 127.0.0.1 - - [07/Dec/2025 23:34:06] "OPTIONS /api/user/profile HTTP/1.1" 200 -
2025-12-07 23:34:06,987 - werkzeug - INFO - 127.0.0.1 - - [07/Dec/2025 23:34:06] "OPTIONS /api/user/profile HTTP/1.1" 200 -
2025-12-07 23:34:07,085 - app.utils.auth_middleware - ERROR - Token verification failed: A project ID is required to access the auth service.
            1. Use a service account credential, or
            2. set the project ID explicitly via Firebase App options, or
            3. set the project ID via the GOOGLE_CLOUD_PROJECT environment variable.
2025-12-07 23:34:07,133 - werkzeug - INFO - 127.0.0.1 - - [07/Dec/2025 23:34:07] "[31m[1mGET /api/user/profile HTTP/1.1[0m" 401 -
2025-12-07 23:34:07,490 - app.utils.auth_middleware - ERROR - Token verification failed: A project ID is required to access the auth service.
            1. Use a service account credential, or
            2. set the project ID explicitly via Firebase App options, or
            3. set the project ID via the GOOGLE_CLOUD_PROJECT environment variable.
2025-12-07 23:34:07,491 - werkzeug - INFO - 127.0.0.1 - - [07/Dec/2025 23:34:07] "[31m[1mGET /api/user/profile HTTP/1.1[0m" 401 -
2025-12-07 23:56:28,899 - werkzeug - INFO - 127.0.0.1 - - [07/Dec/2025 23:56:28] "[33mGET / HTTP/1.1[0m" 404 -
2025-12-07 23:56:29,119 - werkzeug - INFO - 127.0.0.1 - - [07/Dec/2025 23:56:29] "[33mGET /favicon.ico HTTP/1.1[0m" 404 -
2025-12-08 00:01:29,279 - werkzeug - INFO - 127.0.0.1 - - [08/Dec/2025 00:01:29] "OPTIONS /api/user/profile HTTP/1.1" 200 -
2025-12-08 00:01:29,530 - app.utils.auth_middleware - ERROR - Token verification failed: A project ID is required to access the auth service.
            1. Use a service account credential, or
            2. set the project ID explicitly via Firebase App options, or
            3. set the project ID via the GOOGLE_CLOUD_PROJECT environment variable.
2025-12-08 00:01:29,532 - werkzeug - INFO - 127.0.0.1 - - [08/Dec/2025 00:01:29] "[31m[1mGET /api/user/profile HTTP/1.1[0m" 401 -
2025-12-08 00:01:38,240 - werkzeug - INFO - 127.0.0.1 - - [08/Dec/2025 00:01:38] "OPTIONS /api/user/profile HTTP/1.1" 200 -
2025-12-08 00:01:38,560 - app.utils.auth_middleware - ERROR - Token verification failed: A project ID is required to access the auth service.
            1. Use a service account credential, or
            2. set the project ID explicitly via Firebase App options, or
            3. set the project ID via the GOOGLE_CLOUD_PROJECT environment variable.
2025-12-08 00:01:38,563 - werkzeug - INFO - 127.0.0.1 - - [08/Dec/2025 00:01:38] "[31m[1mGET /api/user/profile HTTP/1.1[0m" 401 -
2025-12-08 00:01:42,185 - app.utils.auth_middleware - ERROR - Token verification failed: A project ID is required to access the auth service.
            1. Use a service account credential, or
            2. set the project ID explicitly via Firebase App options, or
            3. set the project ID via the GOOGLE_CLOUD_PROJECT environment variable.
2025-12-08 00:01:42,187 - werkzeug - INFO - 127.0.0.1 - - [08/Dec/2025 00:01:42] "[31m[1mGET /api/user/profile HTTP/1.1[0m" 401 -
2025-12-08 00:01:42,509 - app.utils.auth_middleware - ERROR - Token verification failed: A project ID is required to access the auth service.
            1. Use a service account credential, or
            2. set the project ID explicitly via Firebase App options, or
            3. set the project ID via the GOOGLE_CLOUD_PROJECT environment variable.
2025-12-08 00:01:42,510 - werkzeug - INFO - 127.0.0.1 - - [08/Dec/2025 00:01:42] "[31m[1mGET /api/user/profile HTTP/1.1[0m" 401 -
2025-12-08 02:33:50,042 - werkzeug - INFO -  * Detected change in 'D:\\Tek-UP\\5eme SDIA\\Projects\\SkinPredict\\api\\app\\models\\sql_models.py', reloading
2025-12-08 02:33:53,146 - werkzeug - INFO -  * Restarting with stat
2025-12-08 02:34:03,007 - app - INFO - Initializing utilities...
2025-12-08 02:34:03,059 - app.utils.image_processing - INFO - Face detection cascade loaded successfully
2025-12-08 02:34:03,060 - app - INFO - Initializing AI models...
2025-12-08 02:34:03,061 - app.models.skin_analysis_model - INFO - Attempting to load skin analysis model from: D:\Tek-UP\5eme SDIA\Projects\SkinPredict\api\models\multitask_skin_model.h5
2025-12-08 02:34:12,314 - absl - WARNING - Compiled the loaded model, but the compiled metrics have yet to be built. `model.compile_metrics` will be empty until you train or evaluate the model.
2025-12-08 02:34:12,322 - app.models.skin_analysis_model - INFO - Successfully loaded skin analysis model from: D:\Tek-UP\5eme SDIA\Projects\SkinPredict\api\models\multitask_skin_model.h5
2025-12-08 02:34:12,323 - app - INFO - FairFace model not configured - demographics will use defaults
2025-12-08 02:34:12,323 - app - INFO - Initializing business services...
2025-12-08 02:34:12,323 - app - INFO - All services initialized successfully
2025-12-08 02:34:12,327 - app.database - INFO - Database initialized successfully.
2025-12-08 02:34:12,329 - app - INFO - Database initialized successfully
2025-12-08 02:34:12,336 - app - ERROR - Agent initialization failed: No module named 'langchain_core'
2025-12-08 02:34:12,354 - app - INFO - All API blueprints registered successfully
2025-12-08 02:34:12,355 - app - INFO - SkinPredict API application created successfully
2025-12-08 02:34:12,355 - __main__ - INFO - Starting server on 0.0.0.0:5000
2025-12-08 02:34:12,356 - __main__ - INFO - Debug mode: True
2025-12-08 02:34:12,357 - __main__ - INFO - Environment: development
2025-12-08 02:34:12,403 - werkzeug - WARNING -  * Debugger is active!
2025-12-08 02:34:12,422 - werkzeug - INFO -  * Debugger PIN: 457-400-097
2025-12-08 02:37:52,642 - werkzeug - INFO -  * Detected change in 'D:\\Tek-UP\\5eme SDIA\\Projects\\SkinPredict\\api\\app\\config\\config.py', reloading
2025-12-08 02:37:53,885 - werkzeug - INFO -  * Restarting with stat
2025-12-08 02:38:02,030 - app - INFO - Initializing utilities...
2025-12-08 02:38:02,070 - app.utils.image_processing - INFO - Face detection cascade loaded successfully
2025-12-08 02:38:02,070 - app - INFO - Initializing AI models...
2025-12-08 02:38:02,071 - app.models.skin_analysis_model - INFO - Attempting to load skin analysis model from: D:\Tek-UP\5eme SDIA\Projects\SkinPredict\api\models\multitask_skin_model.h5
2025-12-08 02:38:09,477 - absl - WARNING - Compiled the loaded model, but the compiled metrics have yet to be built. `model.compile_metrics` will be empty until you train or evaluate the model.
2025-12-08 02:38:09,484 - app.models.skin_analysis_model - INFO - Successfully loaded skin analysis model from: D:\Tek-UP\5eme SDIA\Projects\SkinPredict\api\models\multitask_skin_model.h5
2025-12-08 02:38:09,485 - app - INFO - FairFace model not configured - demographics will use defaults
2025-12-08 02:38:09,486 - app - INFO - Initializing business services...
2025-12-08 02:38:09,486 - app - INFO - All services initialized successfully
2025-12-08 02:38:09,490 - app.database - INFO - Database initialized successfully.
2025-12-08 02:38:09,490 - app - INFO - Database initialized successfully
2025-12-08 02:38:09,497 - app - ERROR - Agent initialization failed: No module named 'langchain_core'
2025-12-08 02:38:09,515 - app - INFO - All API blueprints registered successfully
2025-12-08 02:38:09,516 - app - INFO - SkinPredict API application created successfully
2025-12-08 02:38:09,516 - __main__ - INFO - Starting server on 0.0.0.0:5000
2025-12-08 02:38:09,517 - __main__ - INFO - Debug mode: True
2025-12-08 02:38:09,517 - __main__ - INFO - Environment: development
2025-12-08 02:38:09,545 - werkzeug - WARNING -  * Debugger is active!
2025-12-08 02:38:09,550 - werkzeug - INFO -  * Debugger PIN: 457-400-097
2025-12-08 02:38:26,434 - werkzeug - INFO -  * Detected change in 'D:\\Tek-UP\\5eme SDIA\\Projects\\SkinPredict\\api\\app\\__init__.py', reloading
2025-12-08 02:38:27,668 - werkzeug - INFO -  * Restarting with stat
2025-12-08 02:38:36,218 - app - INFO - Initializing utilities...
2025-12-08 02:38:36,249 - app.utils.image_processing - INFO - Face detection cascade loaded successfully
2025-12-08 02:38:36,250 - app - INFO - Initializing AI models...
2025-12-08 02:38:36,251 - app.models.skin_analysis_model - INFO - Attempting to load skin analysis model from: D:\Tek-UP\5eme SDIA\Projects\SkinPredict\api\models\multitask_skin_model.h5
2025-12-08 02:38:43,150 - absl - WARNING - Compiled the loaded model, but the compiled metrics have yet to be built. `model.compile_metrics` will be empty until you train or evaluate the model.
2025-12-08 02:38:43,156 - app.models.skin_analysis_model - INFO - Successfully loaded skin analysis model from: D:\Tek-UP\5eme SDIA\Projects\SkinPredict\api\models\multitask_skin_model.h5
2025-12-08 02:38:43,156 - app - INFO - FairFace model not configured - demographics will use defaults
2025-12-08 02:38:43,157 - app - INFO - Initializing business services...
2025-12-08 02:38:43,157 - app - INFO - All services initialized successfully
2025-12-08 02:38:43,160 - app.database - INFO - Database initialized successfully.
2025-12-08 02:38:43,160 - app - INFO - Database initialized successfully
2025-12-08 02:38:43,165 - app - ERROR - Agent initialization failed: No module named 'langchain_core'
2025-12-08 02:38:43,175 - app - INFO - All API blueprints registered successfully
2025-12-08 02:38:43,175 - app - INFO - SkinPredict API application created successfully
2025-12-08 02:38:43,176 - __main__ - INFO - Starting server on 0.0.0.0:5000
2025-12-08 02:38:43,176 - __main__ - INFO - Debug mode: True
2025-12-08 02:38:43,176 - __main__ - INFO - Environment: development
2025-12-08 02:38:43,199 - werkzeug - WARNING -  * Debugger is active!
2025-12-08 02:38:43,220 - werkzeug - INFO -  * Debugger PIN: 457-400-097
2025-12-08 02:42:50,938 - werkzeug - INFO -  * Detected change in 'D:\\Tek-UP\\5eme SDIA\\Projects\\SkinPredict\\api\\app\\routes\\admin_routes.py', reloading
2025-12-08 02:42:52,264 - werkzeug - INFO -  * Restarting with stat
2025-12-08 02:43:00,273 - app - INFO - Initializing utilities...
2025-12-08 02:43:00,306 - app.utils.image_processing - INFO - Face detection cascade loaded successfully
2025-12-08 02:43:00,306 - app - INFO - Initializing AI models...
2025-12-08 02:43:00,307 - app.models.skin_analysis_model - INFO - Attempting to load skin analysis model from: D:\Tek-UP\5eme SDIA\Projects\SkinPredict\api\models\multitask_skin_model.h5
2025-12-08 02:43:07,822 - absl - WARNING - Compiled the loaded model, but the compiled metrics have yet to be built. `model.compile_metrics` will be empty until you train or evaluate the model.
2025-12-08 02:43:07,828 - app.models.skin_analysis_model - INFO - Successfully loaded skin analysis model from: D:\Tek-UP\5eme SDIA\Projects\SkinPredict\api\models\multitask_skin_model.h5
2025-12-08 02:43:07,829 - app - INFO - FairFace model not configured - demographics will use defaults
2025-12-08 02:43:07,829 - app - INFO - Initializing business services...
2025-12-08 02:43:07,829 - app - INFO - All services initialized successfully
2025-12-08 02:43:07,832 - app.database - INFO - Database initialized successfully.
2025-12-08 02:43:07,833 - app - INFO - Database initialized successfully
2025-12-08 02:43:07,837 - app - ERROR - Agent initialization failed: No module named 'langchain_core'
2025-12-08 02:43:07,847 - app - INFO - All API blueprints registered successfully
2025-12-08 02:43:07,847 - app - INFO - SkinPredict API application created successfully
2025-12-08 02:43:07,848 - __main__ - INFO - Starting server on 0.0.0.0:5000
2025-12-08 02:43:07,849 - __main__ - INFO - Debug mode: True
2025-12-08 02:43:07,849 - __main__ - INFO - Environment: development
2025-12-08 02:43:07,871 - werkzeug - WARNING -  * Debugger is active!
2025-12-08 02:43:07,883 - werkzeug - INFO -  * Debugger PIN: 457-400-097
2025-12-08 02:45:47,157 - app - INFO - Initializing utilities...
2025-12-08 02:45:47,189 - app.utils.image_processing - INFO - Face detection cascade loaded successfully
2025-12-08 02:45:47,190 - app - INFO - Initializing AI models...
2025-12-08 02:45:47,191 - app.models.skin_analysis_model - INFO - Attempting to load skin analysis model from: D:\Tek-UP\5eme SDIA\Projects\SkinPredict\api\models\multitask_skin_model.h5
2025-12-08 02:45:54,071 - absl - WARNING - Compiled the loaded model, but the compiled metrics have yet to be built. `model.compile_metrics` will be empty until you train or evaluate the model.
2025-12-08 02:45:54,077 - app.models.skin_analysis_model - INFO - Successfully loaded skin analysis model from: D:\Tek-UP\5eme SDIA\Projects\SkinPredict\api\models\multitask_skin_model.h5
2025-12-08 02:45:54,078 - app - INFO - FairFace model not configured - demographics will use defaults
2025-12-08 02:45:54,078 - app - INFO - Initializing business services...
2025-12-08 02:45:54,079 - app - INFO - All services initialized successfully
2025-12-08 02:45:54,083 - app.database - INFO - Database initialized successfully.
2025-12-08 02:45:54,083 - app - INFO - Database initialized successfully
2025-12-08 02:45:54,088 - app - ERROR - Agent initialization failed: No module named 'langchain_core'
2025-12-08 02:45:54,098 - app - INFO - All API blueprints registered successfully
2025-12-08 02:45:54,099 - app - INFO - SkinPredict API application created successfully
2025-12-08 02:45:54,100 - __main__ - INFO - Starting server on 0.0.0.0:5000
2025-12-08 02:45:54,101 - __main__ - INFO - Debug mode: True
2025-12-08 02:45:54,101 - __main__ - INFO - Environment: development
2025-12-08 02:45:55,019 - werkzeug - INFO - [31m[1mWARNING: This is a development server. Do not use it in a production deployment. Use a production WSGI server instead.[0m
 * Running on all addresses (0.0.0.0)
 * Running on http://127.0.0.1:5000
 * Running on http://192.168.1.11:5000
2025-12-08 02:45:55,020 - werkzeug - INFO - [33mPress CTRL+C to quit[0m
2025-12-08 02:45:55,023 - werkzeug - INFO -  * Restarting with stat
2025-12-08 02:46:03,423 - app - INFO - Initializing utilities...
2025-12-08 02:46:03,461 - app.utils.image_processing - INFO - Face detection cascade loaded successfully
2025-12-08 02:46:03,461 - app - INFO - Initializing AI models...
2025-12-08 02:46:03,462 - app.models.skin_analysis_model - INFO - Attempting to load skin analysis model from: D:\Tek-UP\5eme SDIA\Projects\SkinPredict\api\models\multitask_skin_model.h5
2025-12-08 02:46:12,784 - absl - WARNING - Compiled the loaded model, but the compiled metrics have yet to be built. `model.compile_metrics` will be empty until you train or evaluate the model.
2025-12-08 02:46:12,793 - app.models.skin_analysis_model - INFO - Successfully loaded skin analysis model from: D:\Tek-UP\5eme SDIA\Projects\SkinPredict\api\models\multitask_skin_model.h5
2025-12-08 02:46:12,794 - app - INFO - FairFace model not configured - demographics will use defaults
2025-12-08 02:46:12,795 - app - INFO - Initializing business services...
2025-12-08 02:46:12,795 - app - INFO - All services initialized successfully
2025-12-08 02:46:12,800 - app.database - INFO - Database initialized successfully.
2025-12-08 02:46:12,800 - app - INFO - Database initialized successfully
2025-12-08 02:46:12,870 - app - INFO - Creating initial admin user: admin@local.test
2025-12-08 02:46:12,919 - app - ERROR - Failed to create initial admin: 'password_hash' is an invalid keyword argument for User
2025-12-08 02:46:12,925 - app - ERROR - Agent initialization failed: No module named 'langchain_core'
2025-12-08 02:46:12,940 - app - INFO - All API blueprints registered successfully
2025-12-08 02:46:12,940 - app - INFO - SkinPredict API application created successfully
2025-12-08 02:46:12,941 - __main__ - INFO - Starting server on 0.0.0.0:5000
2025-12-08 02:46:12,941 - __main__ - INFO - Debug mode: True
2025-12-08 02:46:12,942 - __main__ - INFO - Environment: development
2025-12-08 02:46:12,976 - werkzeug - WARNING -  * Debugger is active!
2025-12-08 02:46:12,992 - werkzeug - INFO -  * Debugger PIN: 457-400-097
2025-12-08 03:00:08,998 - app - INFO - Initializing utilities...
2025-12-08 03:00:09,064 - app.utils.image_processing - INFO - Face detection cascade loaded successfully
2025-12-08 03:00:09,065 - app - INFO - Initializing AI models...
2025-12-08 03:00:09,065 - app.models.skin_analysis_model - INFO - Attempting to load skin analysis model from: D:\Tek-UP\5eme SDIA\Projects\SkinPredict\api\models\multitask_skin_model.h5
2025-12-08 03:00:23,202 - absl - WARNING - Compiled the loaded model, but the compiled metrics have yet to be built. `model.compile_metrics` will be empty until you train or evaluate the model.
2025-12-08 03:00:23,202 - app.models.skin_analysis_model - INFO - Successfully loaded skin analysis model from: D:\Tek-UP\5eme SDIA\Projects\SkinPredict\api\models\multitask_skin_model.h5
2025-12-08 03:00:23,202 - app - INFO - FairFace model not configured - demographics will use defaults
2025-12-08 03:00:23,202 - app - INFO - Initializing business services...
2025-12-08 03:00:23,202 - app - INFO - All services initialized successfully
2025-12-08 03:00:23,257 - app.database - INFO - Database initialized successfully.
2025-12-08 03:00:23,257 - app - INFO - Database initialized successfully
2025-12-08 03:00:23,339 - app - INFO - Creating initial admin user: admin@local.test
2025-12-08 03:00:23,396 - app - ERROR - Failed to create initial admin: 'password_hash' is an invalid keyword argument for User
2025-12-08 03:00:23,404 - app - ERROR - Agent initialization failed: No module named 'langchain_core'
2025-12-08 03:00:23,425 - app - INFO - All API blueprints registered successfully
2025-12-08 03:00:23,425 - app - INFO - SkinPredict API application created successfully
2025-12-08 03:00:23,426 - __main__ - INFO - Starting server on 0.0.0.0:5000
2025-12-08 03:00:23,426 - __main__ - INFO - Debug mode: True
2025-12-08 03:00:23,427 - __main__ - INFO - Environment: development
2025-12-08 03:00:25,470 - werkzeug - INFO - [31m[1mWARNING: This is a development server. Do not use it in a production deployment. Use a production WSGI server instead.[0m
 * Running on all addresses (0.0.0.0)
 * Running on http://127.0.0.1:5000
 * Running on http://192.168.1.11:5000
2025-12-08 03:00:25,471 - werkzeug - INFO - [33mPress CTRL+C to quit[0m
2025-12-08 03:00:25,475 - werkzeug - INFO -  * Restarting with stat
2025-12-08 03:00:35,549 - app - INFO - Initializing utilities...
2025-12-08 03:00:35,590 - app.utils.image_processing - INFO - Face detection cascade loaded successfully
2025-12-08 03:00:35,591 - app - INFO - Initializing AI models...
2025-12-08 03:00:35,592 - app.models.skin_analysis_model - INFO - Attempting to load skin analysis model from: D:\Tek-UP\5eme SDIA\Projects\SkinPredict\api\models\multitask_skin_model.h5
2025-12-08 03:00:48,944 - absl - WARNING - Compiled the loaded model, but the compiled metrics have yet to be built. `model.compile_metrics` will be empty until you train or evaluate the model.
2025-12-08 03:00:48,960 - app.models.skin_analysis_model - INFO - Successfully loaded skin analysis model from: D:\Tek-UP\5eme SDIA\Projects\SkinPredict\api\models\multitask_skin_model.h5
2025-12-08 03:00:48,961 - app - INFO - FairFace model not configured - demographics will use defaults
2025-12-08 03:00:48,962 - app - INFO - Initializing business services...
2025-12-08 03:00:48,963 - app - INFO - All services initialized successfully
2025-12-08 03:00:48,967 - app.database - INFO - Database initialized successfully.
2025-12-08 03:00:48,967 - app - INFO - Database initialized successfully
2025-12-08 03:00:49,036 - app - INFO - Creating initial admin user: admin@local.test
2025-12-08 03:00:49,086 - app - ERROR - Failed to create initial admin: 'password_hash' is an invalid keyword argument for User
2025-12-08 03:00:49,092 - app - ERROR - Agent initialization failed: No module named 'langchain_core'
2025-12-08 03:00:49,105 - app - INFO - All API blueprints registered successfully
2025-12-08 03:00:49,105 - app - INFO - SkinPredict API application created successfully
2025-12-08 03:00:49,106 - __main__ - INFO - Starting server on 0.0.0.0:5000
2025-12-08 03:00:49,106 - __main__ - INFO - Debug mode: True
2025-12-08 03:00:49,107 - __main__ - INFO - Environment: development
2025-12-08 03:00:49,133 - werkzeug - WARNING -  * Debugger is active!
2025-12-08 03:00:49,148 - werkzeug - INFO -  * Debugger PIN: 457-400-097
2025-12-08 03:01:22,037 - werkzeug - INFO - 127.0.0.1 - - [08/Dec/2025 03:01:22] "OPTIONS /api/user/profile HTTP/1.1" 200 -
2025-12-08 03:01:22,052 - werkzeug - INFO - 127.0.0.1 - - [08/Dec/2025 03:01:22] "OPTIONS /api/user/profile HTTP/1.1" 200 -
2025-12-08 03:01:22,266 - app.utils.auth_middleware - INFO - Firebase Admin initialized with default credentials
2025-12-08 03:01:25,228 - app.utils.auth_middleware - ERROR - Token verification failed: A project ID is required to access the auth service.
            1. Use a service account credential, or
            2. set the project ID explicitly via Firebase App options, or
            3. set the project ID via the GOOGLE_CLOUD_PROJECT environment variable.
2025-12-08 03:01:25,230 - werkzeug - INFO - 127.0.0.1 - - [08/Dec/2025 03:01:25] "[31m[1mGET /api/user/profile HTTP/1.1[0m" 401 -
2025-12-08 03:01:25,234 - app.utils.auth_middleware - ERROR - Token verification failed: A project ID is required to access the auth service.
            1. Use a service account credential, or
            2. set the project ID explicitly via Firebase App options, or
            3. set the project ID via the GOOGLE_CLOUD_PROJECT environment variable.
2025-12-08 03:01:25,237 - werkzeug - INFO - 127.0.0.1 - - [08/Dec/2025 03:01:25] "[31m[1mGET /api/user/profile HTTP/1.1[0m" 401 -
2025-12-08 03:01:25,546 - app.utils.auth_middleware - ERROR - Token verification failed: A project ID is required to access the auth service.
            1. Use a service account credential, or
            2. set the project ID explicitly via Firebase App options, or
            3. set the project ID via the GOOGLE_CLOUD_PROJECT environment variable.
2025-12-08 03:01:25,547 - werkzeug - INFO - 127.0.0.1 - - [08/Dec/2025 03:01:25] "[31m[1mGET /api/user/profile HTTP/1.1[0m" 401 -
2025-12-08 03:01:25,814 - app.utils.auth_middleware - ERROR - Token verification failed: A project ID is required to access the auth service.
            1. Use a service account credential, or
            2. set the project ID explicitly via Firebase App options, or
            3. set the project ID via the GOOGLE_CLOUD_PROJECT environment variable.
2025-12-08 03:01:25,815 - werkzeug - INFO - 127.0.0.1 - - [08/Dec/2025 03:01:25] "[31m[1mGET /api/user/profile HTTP/1.1[0m" 401 -
2025-12-08 03:01:29,577 - werkzeug - INFO - 127.0.0.1 - - [08/Dec/2025 03:01:29] "OPTIONS /api/user/profile HTTP/1.1" 200 -
2025-12-08 03:01:29,603 - werkzeug - INFO - 127.0.0.1 - - [08/Dec/2025 03:01:29] "OPTIONS /api/user/profile HTTP/1.1" 200 -
2025-12-08 03:01:29,829 - app.utils.auth_middleware - ERROR - Token verification failed: A project ID is required to access the auth service.
            1. Use a service account credential, or
            2. set the project ID explicitly via Firebase App options, or
            3. set the project ID via the GOOGLE_CLOUD_PROJECT environment variable.
2025-12-08 03:01:29,830 - werkzeug - INFO - 127.0.0.1 - - [08/Dec/2025 03:01:29] "[31m[1mGET /api/user/profile HTTP/1.1[0m" 401 -
2025-12-08 03:01:29,895 - app.utils.auth_middleware - ERROR - Token verification failed: A project ID is required to access the auth service.
            1. Use a service account credential, or
            2. set the project ID explicitly via Firebase App options, or
            3. set the project ID via the GOOGLE_CLOUD_PROJECT environment variable.
2025-12-08 03:01:29,897 - werkzeug - INFO - 127.0.0.1 - - [08/Dec/2025 03:01:29] "[31m[1mGET /api/user/profile HTTP/1.1[0m" 401 -
2025-12-08 03:03:26,957 - werkzeug - INFO -  * Detected change in 'D:\\Tek-UP\\5eme SDIA\\Projects\\SkinPredict\\api\\app\\__init__.py', reloading
2025-12-08 03:03:28,529 - werkzeug - INFO -  * Restarting with stat
2025-12-08 03:03:39,863 - app - INFO - Initializing utilities...
2025-12-08 03:03:39,895 - app.utils.image_processing - INFO - Face detection cascade loaded successfully
2025-12-08 03:03:39,902 - app - INFO - Initializing AI models...
2025-12-08 03:03:39,904 - app.models.skin_analysis_model - INFO - Attempting to load skin analysis model from: D:\Tek-UP\5eme SDIA\Projects\SkinPredict\api\models\multitask_skin_model.h5
2025-12-08 03:03:48,501 - absl - WARNING - Compiled the loaded model, but the compiled metrics have yet to be built. `model.compile_metrics` will be empty until you train or evaluate the model.
2025-12-08 03:03:48,501 - app.models.skin_analysis_model - INFO - Successfully loaded skin analysis model from: D:\Tek-UP\5eme SDIA\Projects\SkinPredict\api\models\multitask_skin_model.h5
2025-12-08 03:03:48,517 - app - INFO - FairFace model not configured - demographics will use defaults
2025-12-08 03:03:48,517 - app - INFO - Initializing business services...
2025-12-08 03:03:48,517 - app - INFO - All services initialized successfully
2025-12-08 03:03:48,521 - app.database - INFO - Database initialized successfully.
2025-12-08 03:03:48,521 - app - INFO - Database initialized successfully
2025-12-08 03:03:48,568 - app - INFO - Creating initial admin user: admin@local.test
2025-12-08 03:03:48,600 - app - INFO - Initial admin created successfully
2025-12-08 03:03:48,604 - app - ERROR - Agent initialization failed: No module named 'langchain_core'
2025-12-08 03:03:48,617 - app - INFO - All API blueprints registered successfully
2025-12-08 03:03:48,618 - app - INFO - SkinPredict API application created successfully
2025-12-08 03:03:48,618 - __main__ - INFO - Starting server on 0.0.0.0:5000
2025-12-08 03:03:48,618 - __main__ - INFO - Debug mode: True
2025-12-08 03:03:48,619 - __main__ - INFO - Environment: development
2025-12-08 03:03:48,636 - werkzeug - WARNING -  * Debugger is active!
2025-12-08 03:03:48,648 - werkzeug - INFO -  * Debugger PIN: 457-400-097
2025-12-08 03:08:13,976 - app - INFO - Initializing utilities...
2025-12-08 03:08:14,026 - app.utils.image_processing - INFO - Face detection cascade loaded successfully
2025-12-08 03:08:14,026 - app - INFO - Initializing AI models...
2025-12-08 03:08:14,026 - app.models.skin_analysis_model - INFO - Attempting to load skin analysis model from: D:\Tek-UP\5eme SDIA\Projects\SkinPredict\api\models\multitask_skin_model.h5
2025-12-08 03:08:28,538 - absl - WARNING - Compiled the loaded model, but the compiled metrics have yet to be built. `model.compile_metrics` will be empty until you train or evaluate the model.
2025-12-08 03:08:28,559 - app.models.skin_analysis_model - INFO - Successfully loaded skin analysis model from: D:\Tek-UP\5eme SDIA\Projects\SkinPredict\api\models\multitask_skin_model.h5
2025-12-08 03:08:28,560 - app - INFO - FairFace model not configured - demographics will use defaults
2025-12-08 03:08:28,560 - app - INFO - Initializing business services...
2025-12-08 03:08:28,561 - app - INFO - All services initialized successfully
2025-12-08 03:08:28,587 - app.database - INFO - Database initialized successfully.
2025-12-08 03:08:28,587 - app - INFO - Database initialized successfully
2025-12-08 03:08:28,610 - app - ERROR - Agent initialization failed: No module named 'langchain_core'
2025-12-08 03:08:28,616 - app - INFO - All API blueprints registered successfully
2025-12-08 03:08:28,616 - app - INFO - SkinPredict API application created successfully
2025-12-08 03:08:28,616 - __main__ - INFO - Starting server on 0.0.0.0:5000
2025-12-08 03:08:28,616 - __main__ - INFO - Debug mode: True
2025-12-08 03:08:28,616 - __main__ - INFO - Environment: development
2025-12-08 03:08:29,546 - werkzeug - INFO - [31m[1mWARNING: This is a development server. Do not use it in a production deployment. Use a production WSGI server instead.[0m
 * Running on all addresses (0.0.0.0)
 * Running on http://127.0.0.1:5000
 * Running on http://192.168.1.11:5000
2025-12-08 03:08:29,546 - werkzeug - INFO - [33mPress CTRL+C to quit[0m
2025-12-08 03:08:29,546 - werkzeug - INFO -  * Restarting with stat
2025-12-08 03:08:38,861 - app - INFO - Initializing utilities...
2025-12-08 03:08:38,898 - app.utils.image_processing - INFO - Face detection cascade loaded successfully
2025-12-08 03:08:38,899 - app - INFO - Initializing AI models...
2025-12-08 03:08:38,899 - app.models.skin_analysis_model - INFO - Attempting to load skin analysis model from: D:\Tek-UP\5eme SDIA\Projects\SkinPredict\api\models\multitask_skin_model.h5
2025-12-08 03:08:46,571 - absl - WARNING - Compiled the loaded model, but the compiled metrics have yet to be built. `model.compile_metrics` will be empty until you train or evaluate the model.
2025-12-08 03:08:46,581 - app.models.skin_analysis_model - INFO - Successfully loaded skin analysis model from: D:\Tek-UP\5eme SDIA\Projects\SkinPredict\api\models\multitask_skin_model.h5
2025-12-08 03:08:46,581 - app - INFO - FairFace model not configured - demographics will use defaults
2025-12-08 03:08:46,582 - app - INFO - Initializing business services...
2025-12-08 03:08:46,583 - app - INFO - All services initialized successfully
2025-12-08 03:08:46,588 - app.database - INFO - Database initialized successfully.
2025-12-08 03:08:46,589 - app - INFO - Database initialized successfully
2025-12-08 03:08:46,622 - app - ERROR - Agent initialization failed: No module named 'langchain_core'
2025-12-08 03:08:46,643 - app - INFO - All API blueprints registered successfully
2025-12-08 03:08:46,645 - app - INFO - SkinPredict API application created successfully
2025-12-08 03:08:46,646 - __main__ - INFO - Starting server on 0.0.0.0:5000
2025-12-08 03:08:46,647 - __main__ - INFO - Debug mode: True
2025-12-08 03:08:46,647 - __main__ - INFO - Environment: development
2025-12-08 03:08:46,669 - werkzeug - WARNING -  * Debugger is active!
2025-12-08 03:08:46,688 - werkzeug - INFO -  * Debugger PIN: 457-400-097
2025-12-08 03:08:47,758 - werkzeug - INFO - 127.0.0.1 - - [08/Dec/2025 03:08:47] "OPTIONS /api/user/profile HTTP/1.1" 200 -
2025-12-08 03:08:47,764 - werkzeug - INFO - 127.0.0.1 - - [08/Dec/2025 03:08:47] "OPTIONS /api/user/profile HTTP/1.1" 200 -
2025-12-08 03:08:47,767 - werkzeug - INFO - 127.0.0.1 - - [08/Dec/2025 03:08:47] "OPTIONS /api/user/profile HTTP/1.1" 200 -
2025-12-08 03:08:47,771 - app.utils.auth_middleware - INFO - Firebase Admin initialized with project ID: skincaregpt-4ef0d
2025-12-08 03:08:50,835 - app.utils.auth_middleware - ERROR - Token verification failed: Your default credentials were not found. To set up Application Default Credentials, see https://cloud.google.com/docs/authentication/external/set-up-adc for more information.
2025-12-08 03:08:50,841 - werkzeug - INFO - 127.0.0.1 - - [08/Dec/2025 03:08:50] "[31m[1mGET /api/user/profile HTTP/1.1[0m" 401 -
2025-12-08 03:08:54,044 - app.utils.auth_middleware - ERROR - Token verification failed: Your default credentials were not found. To set up Application Default Credentials, see https://cloud.google.com/docs/authentication/external/set-up-adc for more information.
2025-12-08 03:08:54,044 - werkzeug - INFO - 127.0.0.1 - - [08/Dec/2025 03:08:54] "[31m[1mGET /api/user/profile HTTP/1.1[0m" 401 -
2025-12-08 03:08:57,660 - app.utils.auth_middleware - ERROR - Token verification failed: Your default credentials were not found. To set up Application Default Credentials, see https://cloud.google.com/docs/authentication/external/set-up-adc for more information.
2025-12-08 03:08:57,662 - werkzeug - INFO - 127.0.0.1 - - [08/Dec/2025 03:08:57] "[31m[1mGET /api/user/profile HTTP/1.1[0m" 401 -
2025-12-08 03:09:17,460 - werkzeug - INFO -  * Detected change in 'D:\\Tek-UP\\5eme SDIA\\Projects\\SkinPredict\\api\\app\\__init__.py', reloading
2025-12-08 03:09:19,416 - werkzeug - INFO -  * Restarting with stat
2025-12-08 03:09:29,556 - app - INFO - Initializing utilities...
2025-12-08 03:09:29,603 - app.utils.image_processing - INFO - Face detection cascade loaded successfully
2025-12-08 03:09:29,603 - app - INFO - Initializing AI models...
2025-12-08 03:09:29,604 - app.models.skin_analysis_model - INFO - Attempting to load skin analysis model from: D:\Tek-UP\5eme SDIA\Projects\SkinPredict\api\models\multitask_skin_model.h5
2025-12-08 03:09:38,125 - absl - WARNING - Compiled the loaded model, but the compiled metrics have yet to be built. `model.compile_metrics` will be empty until you train or evaluate the model.
2025-12-08 03:09:38,133 - app.models.skin_analysis_model - INFO - Successfully loaded skin analysis model from: D:\Tek-UP\5eme SDIA\Projects\SkinPredict\api\models\multitask_skin_model.h5
2025-12-08 03:09:38,134 - app - INFO - FairFace model not configured - demographics will use defaults
2025-12-08 03:09:38,135 - app - INFO - Initializing business services...
2025-12-08 03:09:38,135 - app - INFO - All services initialized successfully
2025-12-08 03:09:38,140 - app.database - INFO - Database initialized successfully.
2025-12-08 03:09:38,140 - app - INFO - Database initialized successfully
2025-12-08 03:09:38,167 - app - ERROR - Agent initialization failed: No module named 'langchain_core'
2025-12-08 03:09:38,175 - app - INFO - All API blueprints registered successfully
2025-12-08 03:09:38,175 - app - INFO - SkinPredict API application created successfully
2025-12-08 03:09:38,175 - __main__ - INFO - Starting server on 0.0.0.0:5000
2025-12-08 03:09:38,191 - __main__ - INFO - Debug mode: True
2025-12-08 03:09:38,191 - __main__ - INFO - Environment: development
2025-12-08 03:09:38,227 - werkzeug - WARNING -  * Debugger is active!
2025-12-08 03:09:38,239 - werkzeug - INFO -  * Debugger PIN: 457-400-097
2025-12-08 03:14:44,239 - app - INFO - Initializing utilities...
2025-12-08 03:14:44,287 - app.utils.image_processing - INFO - Face detection cascade loaded successfully
2025-12-08 03:14:44,289 - app - INFO - Initializing AI models...
2025-12-08 03:14:44,289 - app.models.skin_analysis_model - INFO - Attempting to load skin analysis model from: D:\Tek-UP\5eme SDIA\Projects\SkinPredict\api\models\multitask_skin_model.h5
2025-12-08 03:14:51,780 - absl - WARNING - Compiled the loaded model, but the compiled metrics have yet to be built. `model.compile_metrics` will be empty until you train or evaluate the model.
2025-12-08 03:14:51,787 - app.models.skin_analysis_model - INFO - Successfully loaded skin analysis model from: D:\Tek-UP\5eme SDIA\Projects\SkinPredict\api\models\multitask_skin_model.h5
2025-12-08 03:14:51,787 - app - INFO - FairFace model not configured - demographics will use defaults
2025-12-08 03:14:51,787 - app - INFO - Initializing business services...
2025-12-08 03:14:51,789 - app - INFO - All services initialized successfully
2025-12-08 03:14:51,795 - app.database - INFO - Database initialized successfully.
2025-12-08 03:14:51,796 - app - INFO - Database initialized successfully
2025-12-08 03:14:51,831 - app - ERROR - Agent initialization failed: No module named 'langchain_core'
2025-12-08 03:14:51,847 - app - INFO - All API blueprints registered successfully
2025-12-08 03:14:51,847 - app - INFO - SkinPredict API application created successfully
2025-12-08 03:14:51,847 - __main__ - INFO - Starting server on 0.0.0.0:5000
2025-12-08 03:14:51,847 - __main__ - INFO - Debug mode: True
2025-12-08 03:14:51,849 - __main__ - INFO - Environment: development
2025-12-08 03:14:52,764 - werkzeug - INFO - [31m[1mWARNING: This is a development server. Do not use it in a production deployment. Use a production WSGI server instead.[0m
 * Running on all addresses (0.0.0.0)
 * Running on http://127.0.0.1:5000
 * Running on http://192.168.1.11:5000
2025-12-08 03:14:52,764 - werkzeug - INFO - [33mPress CTRL+C to quit[0m
2025-12-08 03:14:52,769 - werkzeug - INFO -  * Restarting with stat
2025-12-08 03:15:01,001 - app - INFO - Initializing utilities...
2025-12-08 03:15:01,070 - app.utils.image_processing - INFO - Face detection cascade loaded successfully
2025-12-08 03:15:01,077 - app - INFO - Initializing AI models...
2025-12-08 03:15:01,103 - app.models.skin_analysis_model - INFO - Attempting to load skin analysis model from: D:\Tek-UP\5eme SDIA\Projects\SkinPredict\api\models\multitask_skin_model.h5
2025-12-08 03:15:08,253 - absl - WARNING - Compiled the loaded model, but the compiled metrics have yet to be built. `model.compile_metrics` will be empty until you train or evaluate the model.
2025-12-08 03:15:08,253 - app.models.skin_analysis_model - INFO - Successfully loaded skin analysis model from: D:\Tek-UP\5eme SDIA\Projects\SkinPredict\api\models\multitask_skin_model.h5
2025-12-08 03:15:08,253 - app - INFO - FairFace model not configured - demographics will use defaults
2025-12-08 03:15:08,253 - app - INFO - Initializing business services...
2025-12-08 03:15:08,253 - app - INFO - All services initialized successfully
2025-12-08 03:15:08,272 - app.database - INFO - Database initialized successfully.
2025-12-08 03:15:08,273 - app - INFO - Database initialized successfully
2025-12-08 03:15:08,297 - app - ERROR - Agent initialization failed: No module named 'langchain_core'
2025-12-08 03:15:08,311 - app - INFO - All API blueprints registered successfully
2025-12-08 03:15:08,311 - app - INFO - SkinPredict API application created successfully
2025-12-08 03:15:08,312 - __main__ - INFO - Starting server on 0.0.0.0:5000
2025-12-08 03:15:08,312 - __main__ - INFO - Debug mode: True
2025-12-08 03:15:08,313 - __main__ - INFO - Environment: development
2025-12-08 03:15:08,331 - werkzeug - WARNING -  * Debugger is active!
2025-12-08 03:15:08,346 - werkzeug - INFO -  * Debugger PIN: 457-400-097
2025-12-08 03:16:34,828 - werkzeug - INFO - 127.0.0.1 - - [08/Dec/2025 03:16:34] "OPTIONS /api/user/profile HTTP/1.1" 200 -
2025-12-08 03:16:34,832 - werkzeug - INFO - 127.0.0.1 - - [08/Dec/2025 03:16:34] "OPTIONS /api/user/profile HTTP/1.1" 200 -
2025-12-08 03:16:35,018 - werkzeug - INFO - 127.0.0.1 - - [08/Dec/2025 03:16:35] "OPTIONS /api/user/profile HTTP/1.1" 200 -
2025-12-08 03:16:35,033 - werkzeug - INFO - 127.0.0.1 - - [08/Dec/2025 03:16:35] "OPTIONS /api/user/profile HTTP/1.1" 200 -
2025-12-08 03:16:35,071 - app.utils.auth_middleware - INFO - Firebase Admin initialized with project ID: skincaregpt-4ef0d
2025-12-08 03:16:38,162 - app.utils.auth_middleware - ERROR - Token verification failed: Your default credentials were not found. To set up Application Default Credentials, see https://cloud.google.com/docs/authentication/external/set-up-adc for more information.
2025-12-08 03:16:38,164 - werkzeug - INFO - 127.0.0.1 - - [08/Dec/2025 03:16:38] "[31m[1mGET /api/user/profile HTTP/1.1[0m" 401 -
2025-12-08 03:16:41,602 - app.utils.auth_middleware - ERROR - Token verification failed: Your default credentials were not found. To set up Application Default Credentials, see https://cloud.google.com/docs/authentication/external/set-up-adc for more information.
2025-12-08 03:16:41,602 - werkzeug - INFO - 127.0.0.1 - - [08/Dec/2025 03:16:41] "[31m[1mGET /api/user/profile HTTP/1.1[0m" 401 -
2025-12-08 03:16:45,097 - app.utils.auth_middleware - ERROR - Token verification failed: Your default credentials were not found. To set up Application Default Credentials, see https://cloud.google.com/docs/authentication/external/set-up-adc for more information.
2025-12-08 03:16:45,097 - werkzeug - INFO - 127.0.0.1 - - [08/Dec/2025 03:16:45] "[31m[1mGET /api/user/profile HTTP/1.1[0m" 401 -
2025-12-08 03:16:48,388 - app.utils.auth_middleware - ERROR - Token verification failed: Your default credentials were not found. To set up Application Default Credentials, see https://cloud.google.com/docs/authentication/external/set-up-adc for more information.
2025-12-08 03:16:48,388 - werkzeug - INFO - 127.0.0.1 - - [08/Dec/2025 03:16:48] "[31m[1mGET /api/user/profile HTTP/1.1[0m" 401 -
2025-12-08 03:20:31,925 - app - INFO - Initializing utilities...
2025-12-08 03:20:31,961 - app.utils.image_processing - INFO - Face detection cascade loaded successfully
2025-12-08 03:20:31,961 - app - INFO - Initializing AI models...
2025-12-08 03:20:31,962 - app.models.skin_analysis_model - INFO - Attempting to load skin analysis model from: D:\Tek-UP\5eme SDIA\Projects\SkinPredict\api\models\multitask_skin_model.h5
2025-12-08 03:20:39,955 - absl - WARNING - Compiled the loaded model, but the compiled metrics have yet to be built. `model.compile_metrics` will be empty until you train or evaluate the model.
2025-12-08 03:20:39,955 - app.models.skin_analysis_model - INFO - Successfully loaded skin analysis model from: D:\Tek-UP\5eme SDIA\Projects\SkinPredict\api\models\multitask_skin_model.h5
2025-12-08 03:20:39,955 - app - INFO - FairFace model not configured - demographics will use defaults
2025-12-08 03:20:39,955 - app - INFO - Initializing business services...
2025-12-08 03:20:39,955 - app - INFO - All services initialized successfully
2025-12-08 03:20:39,968 - app.database - INFO - Database initialized successfully.
2025-12-08 03:20:39,969 - app - INFO - Database initialized successfully
2025-12-08 03:20:39,996 - app - ERROR - Agent initialization failed: No module named 'langchain_core'
2025-12-08 03:20:40,008 - app - INFO - All API blueprints registered successfully
2025-12-08 03:20:40,009 - app - INFO - SkinPredict API application created successfully
2025-12-08 03:20:40,010 - __main__ - INFO - Starting server on 0.0.0.0:5000
2025-12-08 03:20:40,010 - __main__ - INFO - Debug mode: True
2025-12-08 03:20:40,010 - __main__ - INFO - Environment: development
2025-12-08 03:20:41,004 - werkzeug - INFO - [31m[1mWARNING: This is a development server. Do not use it in a production deployment. Use a production WSGI server instead.[0m
 * Running on all addresses (0.0.0.0)
 * Running on http://127.0.0.1:5000
 * Running on http://192.168.1.11:5000
2025-12-08 03:20:41,005 - werkzeug - INFO - [33mPress CTRL+C to quit[0m
2025-12-08 03:20:41,008 - werkzeug - INFO -  * Restarting with stat
2025-12-08 03:20:49,747 - app - INFO - Initializing utilities...
2025-12-08 03:20:49,804 - app.utils.image_processing - INFO - Face detection cascade loaded successfully
2025-12-08 03:20:49,804 - app - INFO - Initializing AI models...
2025-12-08 03:20:49,807 - app.models.skin_analysis_model - INFO - Attempting to load skin analysis model from: D:\Tek-UP\5eme SDIA\Projects\SkinPredict\api\models\multitask_skin_model.h5
2025-12-08 03:20:57,362 - absl - WARNING - Compiled the loaded model, but the compiled metrics have yet to be built. `model.compile_metrics` will be empty until you train or evaluate the model.
2025-12-08 03:20:57,378 - app.models.skin_analysis_model - INFO - Successfully loaded skin analysis model from: D:\Tek-UP\5eme SDIA\Projects\SkinPredict\api\models\multitask_skin_model.h5
2025-12-08 03:20:57,378 - app - INFO - FairFace model not configured - demographics will use defaults
2025-12-08 03:20:57,378 - app - INFO - Initializing business services...
2025-12-08 03:20:57,378 - app - INFO - All services initialized successfully
2025-12-08 03:20:57,384 - app.database - INFO - Database initialized successfully.
2025-12-08 03:20:57,384 - app - INFO - Database initialized successfully
2025-12-08 03:20:57,403 - app - ERROR - Agent initialization failed: No module named 'langchain_core'
2025-12-08 03:20:57,414 - app - INFO - All API blueprints registered successfully
2025-12-08 03:20:57,414 - app - INFO - SkinPredict API application created successfully
2025-12-08 03:20:57,414 - __main__ - INFO - Starting server on 0.0.0.0:5000
2025-12-08 03:20:57,415 - __main__ - INFO - Debug mode: True
2025-12-08 03:20:57,415 - __main__ - INFO - Environment: development
2025-12-08 03:20:57,436 - werkzeug - WARNING -  * Debugger is active!
2025-12-08 03:20:57,450 - werkzeug - INFO -  * Debugger PIN: 457-400-097
2025-12-08 03:20:58,552 - werkzeug - INFO - 127.0.0.1 - - [08/Dec/2025 03:20:58] "OPTIONS /api/user/profile HTTP/1.1" 200 -
2025-12-08 03:20:58,555 - werkzeug - INFO - 127.0.0.1 - - [08/Dec/2025 03:20:58] "OPTIONS /api/user/profile HTTP/1.1" 200 -
2025-12-08 03:20:58,559 - werkzeug - INFO - 127.0.0.1 - - [08/Dec/2025 03:20:58] "OPTIONS /api/user/profile HTTP/1.1" 200 -
2025-12-08 03:20:58,565 - werkzeug - INFO - 127.0.0.1 - - [08/Dec/2025 03:20:58] "OPTIONS /api/user/profile HTTP/1.1" 200 -
2025-12-08 03:20:58,572 - werkzeug - INFO - 127.0.0.1 - - [08/Dec/2025 03:20:58] "OPTIONS /api/user/profile HTTP/1.1" 200 -
2025-12-08 03:20:58,576 - werkzeug - INFO - 127.0.0.1 - - [08/Dec/2025 03:20:58] "OPTIONS /api/user/profile HTTP/1.1" 200 -
2025-12-08 03:20:58,888 - app.utils.auth_middleware - INFO - Firebase Admin initialized with project ID: skincaregpt-4ef0d
2025-12-08 03:21:01,933 - app.utils.auth_middleware - ERROR - Token verification failed: Your default credentials were not found. To set up Application Default Credentials, see https://cloud.google.com/docs/authentication/external/set-up-adc for more information.
2025-12-08 03:21:01,934 - werkzeug - INFO - 127.0.0.1 - - [08/Dec/2025 03:21:01] "[31m[1mGET /api/user/profile HTTP/1.1[0m" 401 -
2025-12-08 03:21:05,369 - app.utils.auth_middleware - ERROR - Token verification failed: Your default credentials were not found. To set up Application Default Credentials, see https://cloud.google.com/docs/authentication/external/set-up-adc for more information.
2025-12-08 03:21:05,369 - werkzeug - INFO - 127.0.0.1 - - [08/Dec/2025 03:21:05] "[31m[1mGET /api/user/profile HTTP/1.1[0m" 401 -
2025-12-08 03:21:08,814 - app.utils.auth_middleware - ERROR - Token verification failed: Your default credentials were not found. To set up Application Default Credentials, see https://cloud.google.com/docs/authentication/external/set-up-adc for more information.
2025-12-08 03:21:08,816 - werkzeug - INFO - 127.0.0.1 - - [08/Dec/2025 03:21:08] "[31m[1mGET /api/user/profile HTTP/1.1[0m" 401 -
2025-12-08 03:21:09,419 - werkzeug - INFO - 127.0.0.1 - - [08/Dec/2025 03:21:09] "OPTIONS /api/user/profile HTTP/1.1" 200 -
2025-12-08 03:21:09,736 - werkzeug - INFO - 127.0.0.1 - - [08/Dec/2025 03:21:09] "OPTIONS /api/user/profile HTTP/1.1" 200 -
2025-12-08 03:21:12,073 - app.utils.auth_middleware - ERROR - Token verification failed: Your default credentials were not found. To set up Application Default Credentials, see https://cloud.google.com/docs/authentication/external/set-up-adc for more information.
2025-12-08 03:21:12,074 - werkzeug - INFO - 127.0.0.1 - - [08/Dec/2025 03:21:12] "[31m[1mGET /api/user/profile HTTP/1.1[0m" 401 -
2025-12-08 03:21:15,425 - app.utils.auth_middleware - ERROR - Token verification failed: Your default credentials were not found. To set up Application Default Credentials, see https://cloud.google.com/docs/authentication/external/set-up-adc for more information.
2025-12-08 03:21:15,425 - werkzeug - INFO - 127.0.0.1 - - [08/Dec/2025 03:21:15] "[31m[1mGET /api/user/profile HTTP/1.1[0m" 401 -
2025-12-08 03:21:18,393 - app.utils.auth_middleware - ERROR - Token verification failed: Your default credentials were not found. To set up Application Default Credentials, see https://cloud.google.com/docs/authentication/external/set-up-adc for more information.
2025-12-08 03:21:18,394 - werkzeug - INFO - 127.0.0.1 - - [08/Dec/2025 03:21:18] "[31m[1mGET /api/user/profile HTTP/1.1[0m" 401 -
2025-12-08 03:21:21,848 - app.utils.auth_middleware - ERROR - Token verification failed: Your default credentials were not found. To set up Application Default Credentials, see https://cloud.google.com/docs/authentication/external/set-up-adc for more information.
2025-12-08 03:21:21,848 - werkzeug - INFO - 127.0.0.1 - - [08/Dec/2025 03:21:21] "[31m[1mGET /api/user/profile HTTP/1.1[0m" 401 -
2025-12-08 03:21:25,125 - app.utils.auth_middleware - ERROR - Token verification failed: Your default credentials were not found. To set up Application Default Credentials, see https://cloud.google.com/docs/authentication/external/set-up-adc for more information.
2025-12-08 03:21:25,125 - werkzeug - INFO - 127.0.0.1 - - [08/Dec/2025 03:21:25] "[31m[1mGET /api/user/profile HTTP/1.1[0m" 401 -
2025-12-08 03:25:17,446 - app - INFO - Initializing utilities...
2025-12-08 03:25:17,517 - app.utils.image_processing - INFO - Face detection cascade loaded successfully
2025-12-08 03:25:17,518 - app - INFO - Initializing AI models...
2025-12-08 03:25:17,519 - app.models.skin_analysis_model - INFO - Attempting to load skin analysis model from: D:\Tek-UP\5eme SDIA\Projects\SkinPredict\api\models\multitask_skin_model.h5
2025-12-08 03:25:26,309 - absl - WARNING - Compiled the loaded model, but the compiled metrics have yet to be built. `model.compile_metrics` will be empty until you train or evaluate the model.
2025-12-08 03:25:26,318 - app.models.skin_analysis_model - INFO - Successfully loaded skin analysis model from: D:\Tek-UP\5eme SDIA\Projects\SkinPredict\api\models\multitask_skin_model.h5
2025-12-08 03:25:26,319 - app - INFO - FairFace model not configured - demographics will use defaults
2025-12-08 03:25:26,319 - app - INFO - Initializing business services...
2025-12-08 03:25:26,321 - app - INFO - All services initialized successfully
2025-12-08 03:25:26,323 - app.database - INFO - Database initialized successfully.
2025-12-08 03:25:26,323 - app - INFO - Database initialized successfully
2025-12-08 03:25:26,355 - app - ERROR - Agent initialization failed: No module named 'langchain_core'
2025-12-08 03:25:26,377 - app - INFO - All API blueprints registered successfully
2025-12-08 03:25:26,378 - app - INFO - SkinPredict API application created successfully
2025-12-08 03:25:26,379 - __main__ - INFO - Starting server on 0.0.0.0:5000
2025-12-08 03:25:26,379 - __main__ - INFO - Debug mode: True
2025-12-08 03:25:26,381 - __main__ - INFO - Environment: development
2025-12-08 03:25:27,518 - werkzeug - INFO - [31m[1mWARNING: This is a development server. Do not use it in a production deployment. Use a production WSGI server instead.[0m
 * Running on all addresses (0.0.0.0)
 * Running on http://127.0.0.1:5000
 * Running on http://192.168.1.11:5000
2025-12-08 03:25:27,519 - werkzeug - INFO - [33mPress CTRL+C to quit[0m
2025-12-08 03:25:27,523 - werkzeug - INFO -  * Restarting with stat
2025-12-08 03:25:39,204 - app - INFO - Initializing utilities...
2025-12-08 03:25:39,245 - app.utils.image_processing - INFO - Face detection cascade loaded successfully
2025-12-08 03:25:39,246 - app - INFO - Initializing AI models...
2025-12-08 03:25:39,247 - app.models.skin_analysis_model - INFO - Attempting to load skin analysis model from: D:\Tek-UP\5eme SDIA\Projects\SkinPredict\api\models\multitask_skin_model.h5
2025-12-08 03:25:48,375 - absl - WARNING - Compiled the loaded model, but the compiled metrics have yet to be built. `model.compile_metrics` will be empty until you train or evaluate the model.
2025-12-08 03:25:48,386 - app.models.skin_analysis_model - INFO - Successfully loaded skin analysis model from: D:\Tek-UP\5eme SDIA\Projects\SkinPredict\api\models\multitask_skin_model.h5
2025-12-08 03:25:48,387 - app - INFO - FairFace model not configured - demographics will use defaults
2025-12-08 03:25:48,387 - app - INFO - Initializing business services...
2025-12-08 03:25:48,388 - app - INFO - All services initialized successfully
2025-12-08 03:25:48,393 - app.database - INFO - Database initialized successfully.
2025-12-08 03:25:48,394 - app - INFO - Database initialized successfully
2025-12-08 03:25:48,428 - app - ERROR - Agent initialization failed: No module named 'langchain_core'
2025-12-08 03:25:48,439 - app - INFO - All API blueprints registered successfully
2025-12-08 03:25:48,440 - app - INFO - SkinPredict API application created successfully
2025-12-08 03:25:48,442 - __main__ - INFO - Starting server on 0.0.0.0:5000
2025-12-08 03:25:48,443 - __main__ - INFO - Debug mode: True
2025-12-08 03:25:48,444 - __main__ - INFO - Environment: development
2025-12-08 03:25:48,467 - werkzeug - WARNING -  * Debugger is active!
2025-12-08 03:25:48,483 - werkzeug - INFO -  * Debugger PIN: 457-400-097
2025-12-08 03:35:25,693 - app - INFO - Initializing utilities...
2025-12-08 03:35:25,734 - app.utils.image_processing - INFO - Face detection cascade loaded successfully
2025-12-08 03:35:25,734 - app - INFO - Initializing AI models...
2025-12-08 03:35:25,735 - app.models.skin_analysis_model - INFO - Attempting to load skin analysis model from: D:\Tek-UP\5eme SDIA\Projects\SkinPredict\api\models\multitask_skin_model.h5
2025-12-08 03:35:34,179 - absl - WARNING - Compiled the loaded model, but the compiled metrics have yet to be built. `model.compile_metrics` will be empty until you train or evaluate the model.
2025-12-08 03:35:34,179 - app.models.skin_analysis_model - INFO - Successfully loaded skin analysis model from: D:\Tek-UP\5eme SDIA\Projects\SkinPredict\api\models\multitask_skin_model.h5
2025-12-08 03:35:34,179 - app - INFO - FairFace model not configured - demographics will use defaults
2025-12-08 03:35:34,179 - app - INFO - Initializing business services...
2025-12-08 03:35:34,191 - app - INFO - All services initialized successfully
2025-12-08 03:35:34,197 - app.database - INFO - Database initialized successfully.
2025-12-08 03:35:34,197 - app - INFO - Database initialized successfully
2025-12-08 03:35:34,219 - app - ERROR - Agent initialization failed: No module named 'langchain_core'
2025-12-08 03:35:34,233 - app - INFO - All API blueprints registered successfully
2025-12-08 03:35:34,233 - app - INFO - SkinPredict API application created successfully
2025-12-08 03:35:34,234 - __main__ - INFO - Starting server on 0.0.0.0:5000
2025-12-08 03:35:34,234 - __main__ - INFO - Debug mode: True
2025-12-08 03:35:34,235 - __main__ - INFO - Environment: development
2025-12-08 03:35:35,127 - werkzeug - INFO - [31m[1mWARNING: This is a development server. Do not use it in a production deployment. Use a production WSGI server instead.[0m
 * Running on all addresses (0.0.0.0)
 * Running on http://127.0.0.1:5000
 * Running on http://192.168.1.11:5000
2025-12-08 03:35:35,128 - werkzeug - INFO - [33mPress CTRL+C to quit[0m
2025-12-08 03:35:35,128 - werkzeug - INFO -  * Restarting with stat
2025-12-08 03:35:43,447 - app - INFO - Initializing utilities...
2025-12-08 03:35:43,480 - app.utils.image_processing - INFO - Face detection cascade loaded successfully
2025-12-08 03:35:43,480 - app - INFO - Initializing AI models...
2025-12-08 03:35:43,480 - app.models.skin_analysis_model - INFO - Attempting to load skin analysis model from: D:\Tek-UP\5eme SDIA\Projects\SkinPredict\api\models\multitask_skin_model.h5
2025-12-08 03:35:50,756 - absl - WARNING - Compiled the loaded model, but the compiled metrics have yet to be built. `model.compile_metrics` will be empty until you train or evaluate the model.
2025-12-08 03:35:50,756 - app.models.skin_analysis_model - INFO - Successfully loaded skin analysis model from: D:\Tek-UP\5eme SDIA\Projects\SkinPredict\api\models\multitask_skin_model.h5
2025-12-08 03:35:50,756 - app - INFO - FairFace model not configured - demographics will use defaults
2025-12-08 03:35:50,756 - app - INFO - Initializing business services...
2025-12-08 03:35:50,756 - app - INFO - All services initialized successfully
2025-12-08 03:35:50,774 - app.database - INFO - Database initialized successfully.
2025-12-08 03:35:50,774 - app - INFO - Database initialized successfully
2025-12-08 03:35:50,797 - app - ERROR - Agent initialization failed: No module named 'langchain_core'
2025-12-08 03:35:50,807 - app - INFO - All API blueprints registered successfully
2025-12-08 03:35:50,808 - app - INFO - SkinPredict API application created successfully
2025-12-08 03:35:50,808 - __main__ - INFO - Starting server on 0.0.0.0:5000
2025-12-08 03:35:50,809 - __main__ - INFO - Debug mode: True
2025-12-08 03:35:50,809 - __main__ - INFO - Environment: development
2025-12-08 03:35:50,826 - werkzeug - WARNING -  * Debugger is active!
2025-12-08 03:35:50,838 - werkzeug - INFO -  * Debugger PIN: 457-400-097
2025-12-08 03:36:21,770 - werkzeug - INFO - 127.0.0.1 - - [08/Dec/2025 03:36:21] "OPTIONS /api/user/profile HTTP/1.1" 200 -
2025-12-08 03:36:21,775 - werkzeug - INFO - 127.0.0.1 - - [08/Dec/2025 03:36:21] "OPTIONS /api/user/profile HTTP/1.1" 200 -
2025-12-08 03:36:21,969 - werkzeug - INFO - 127.0.0.1 - - [08/Dec/2025 03:36:21] "OPTIONS /api/user/profile HTTP/1.1" 200 -
2025-12-08 03:36:21,976 - werkzeug - INFO - 127.0.0.1 - - [08/Dec/2025 03:36:21] "OPTIONS /api/user/profile HTTP/1.1" 200 -
2025-12-08 03:36:22,028 - app.utils.auth_middleware - INFO - Firebase Admin initialized with project ID: skincaregpt-4ef0d
2025-12-08 03:36:25,271 - app.utils.auth_middleware - WARNING - Original error: Your default credentials were not found. To set up Application Default Credentials, see https://cloud.google.com/docs/authentication/external/set-up-adc for more information.
2025-12-08 03:36:25,272 - app.utils.auth_middleware - ERROR - Fallback decoding failed: get_user_profile() takes 0 positional arguments but 1 was given
2025-12-08 03:36:25,273 - app.utils.auth_middleware - ERROR - Token verification failed: Your default credentials were not found. To set up Application Default Credentials, see https://cloud.google.com/docs/authentication/external/set-up-adc for more information.
2025-12-08 03:36:25,274 - werkzeug - INFO - 127.0.0.1 - - [08/Dec/2025 03:36:25] "[31m[1mGET /api/user/profile HTTP/1.1[0m" 401 -
2025-12-08 03:36:28,651 - app.utils.auth_middleware - WARNING - Original error: Your default credentials were not found. To set up Application Default Credentials, see https://cloud.google.com/docs/authentication/external/set-up-adc for more information.
2025-12-08 03:36:28,652 - app.utils.auth_middleware - ERROR - Fallback decoding failed: get_user_profile() takes 0 positional arguments but 1 was given
2025-12-08 03:36:28,656 - app.utils.auth_middleware - ERROR - Token verification failed: Your default credentials were not found. To set up Application Default Credentials, see https://cloud.google.com/docs/authentication/external/set-up-adc for more information.
2025-12-08 03:36:28,662 - werkzeug - INFO - 127.0.0.1 - - [08/Dec/2025 03:36:28] "[31m[1mGET /api/user/profile HTTP/1.1[0m" 401 -
2025-12-08 03:36:32,134 - app.utils.auth_middleware - WARNING - Original error: Your default credentials were not found. To set up Application Default Credentials, see https://cloud.google.com/docs/authentication/external/set-up-adc for more information.
2025-12-08 03:36:32,136 - app.utils.auth_middleware - ERROR - Fallback decoding failed: get_user_profile() takes 0 positional arguments but 1 was given
2025-12-08 03:36:32,138 - app.utils.auth_middleware - ERROR - Token verification failed: Your default credentials were not found. To set up Application Default Credentials, see https://cloud.google.com/docs/authentication/external/set-up-adc for more information.
2025-12-08 03:36:32,146 - werkzeug - INFO - 127.0.0.1 - - [08/Dec/2025 03:36:32] "[31m[1mGET /api/user/profile HTTP/1.1[0m" 401 -
2025-12-08 03:36:35,344 - app.utils.auth_middleware - WARNING - Original error: Your default credentials were not found. To set up Application Default Credentials, see https://cloud.google.com/docs/authentication/external/set-up-adc for more information.
2025-12-08 03:36:35,345 - app.utils.auth_middleware - ERROR - Fallback decoding failed: get_user_profile() takes 0 positional arguments but 1 was given
2025-12-08 03:36:35,345 - app.utils.auth_middleware - ERROR - Token verification failed: Your default credentials were not found. To set up Application Default Credentials, see https://cloud.google.com/docs/authentication/external/set-up-adc for more information.
2025-12-08 03:36:35,347 - werkzeug - INFO - 127.0.0.1 - - [08/Dec/2025 03:36:35] "[31m[1mGET /api/user/profile HTTP/1.1[0m" 401 -
2025-12-08 03:36:38,658 - app.utils.auth_middleware - WARNING - Original error: Your default credentials were not found. To set up Application Default Credentials, see https://cloud.google.com/docs/authentication/external/set-up-adc for more information.
2025-12-08 03:36:38,659 - app.utils.auth_middleware - ERROR - Fallback decoding failed: get_user_profile() takes 0 positional arguments but 1 was given
2025-12-08 03:36:38,660 - app.utils.auth_middleware - ERROR - Token verification failed: Your default credentials were not found. To set up Application Default Credentials, see https://cloud.google.com/docs/authentication/external/set-up-adc for more information.
2025-12-08 03:36:38,661 - werkzeug - INFO - 127.0.0.1 - - [08/Dec/2025 03:36:38] "[31m[1mGET /api/user/profile HTTP/1.1[0m" 401 -
2025-12-08 03:36:41,644 - app.utils.auth_middleware - WARNING - Original error: Your default credentials were not found. To set up Application Default Credentials, see https://cloud.google.com/docs/authentication/external/set-up-adc for more information.
2025-12-08 03:36:41,645 - app.utils.auth_middleware - ERROR - Fallback decoding failed: get_user_profile() takes 0 positional arguments but 1 was given
2025-12-08 03:36:41,646 - app.utils.auth_middleware - ERROR - Token verification failed: Your default credentials were not found. To set up Application Default Credentials, see https://cloud.google.com/docs/authentication/external/set-up-adc for more information.
2025-12-08 03:36:41,647 - werkzeug - INFO - 127.0.0.1 - - [08/Dec/2025 03:36:41] "[31m[1mGET /api/user/profile HTTP/1.1[0m" 401 -
2025-12-08 03:37:12,684 - werkzeug - INFO - 127.0.0.1 - - [08/Dec/2025 03:37:12] "OPTIONS /api/user/profile HTTP/1.1" 200 -
2025-12-08 03:37:12,690 - werkzeug - INFO - 127.0.0.1 - - [08/Dec/2025 03:37:12] "OPTIONS /api/user/profile HTTP/1.1" 200 -
2025-12-08 03:37:15,789 - app.utils.auth_middleware - WARNING - Original error: Your default credentials were not found. To set up Application Default Credentials, see https://cloud.google.com/docs/authentication/external/set-up-adc for more information.
2025-12-08 03:37:15,790 - app.utils.auth_middleware - ERROR - Fallback decoding failed: get_user_profile() takes 0 positional arguments but 1 was given
2025-12-08 03:37:15,791 - app.utils.auth_middleware - ERROR - Token verification failed: Your default credentials were not found. To set up Application Default Credentials, see https://cloud.google.com/docs/authentication/external/set-up-adc for more information.
2025-12-08 03:37:15,792 - werkzeug - INFO - 127.0.0.1 - - [08/Dec/2025 03:37:15] "[31m[1mGET /api/user/profile HTTP/1.1[0m" 401 -
2025-12-08 03:37:18,967 - app.utils.auth_middleware - WARNING - Original error: Your default credentials were not found. To set up Application Default Credentials, see https://cloud.google.com/docs/authentication/external/set-up-adc for more information.
2025-12-08 03:37:18,967 - app.utils.auth_middleware - ERROR - Fallback decoding failed: get_user_profile() takes 0 positional arguments but 1 was given
2025-12-08 03:37:18,967 - app.utils.auth_middleware - ERROR - Token verification failed: Your default credentials were not found. To set up Application Default Credentials, see https://cloud.google.com/docs/authentication/external/set-up-adc for more information.
2025-12-08 03:37:18,971 - werkzeug - INFO - 127.0.0.1 - - [08/Dec/2025 03:37:18] "[31m[1mGET /api/user/profile HTTP/1.1[0m" 401 -
2025-12-08 03:40:55,229 - app - INFO - Initializing utilities...
2025-12-08 03:40:55,261 - app.utils.image_processing - INFO - Face detection cascade loaded successfully
2025-12-08 03:40:55,261 - app - INFO - Initializing AI models...
2025-12-08 03:40:55,261 - app.models.skin_analysis_model - INFO - Attempting to load skin analysis model from: D:\Tek-UP\5eme SDIA\Projects\SkinPredict\api\models\multitask_skin_model.h5
2025-12-08 03:41:03,306 - absl - WARNING - Compiled the loaded model, but the compiled metrics have yet to be built. `model.compile_metrics` will be empty until you train or evaluate the model.
2025-12-08 03:41:03,313 - app.models.skin_analysis_model - INFO - Successfully loaded skin analysis model from: D:\Tek-UP\5eme SDIA\Projects\SkinPredict\api\models\multitask_skin_model.h5
2025-12-08 03:41:03,313 - app - INFO - FairFace model not configured - demographics will use defaults
2025-12-08 03:41:03,315 - app - INFO - Initializing business services...
2025-12-08 03:41:03,315 - app - INFO - All services initialized successfully
2025-12-08 03:41:03,320 - app.database - INFO - Database initialized successfully.
2025-12-08 03:41:03,321 - app - INFO - Database initialized successfully
2025-12-08 03:41:03,346 - app - ERROR - Agent initialization failed: No module named 'langchain_core'
2025-12-08 03:41:03,360 - app - INFO - All API blueprints registered successfully
2025-12-08 03:41:03,361 - app - INFO - SkinPredict API application created successfully
2025-12-08 03:41:03,361 - __main__ - INFO - Starting server on 0.0.0.0:5000
2025-12-08 03:41:03,362 - __main__ - INFO - Debug mode: True
2025-12-08 03:41:03,362 - __main__ - INFO - Environment: development
2025-12-08 03:41:04,264 - werkzeug - INFO - [31m[1mWARNING: This is a development server. Do not use it in a production deployment. Use a production WSGI server instead.[0m
 * Running on all addresses (0.0.0.0)
 * Running on http://127.0.0.1:5000
 * Running on http://192.168.1.11:5000
2025-12-08 03:41:04,265 - werkzeug - INFO - [33mPress CTRL+C to quit[0m
2025-12-08 03:41:04,269 - werkzeug - INFO -  * Restarting with stat
2025-12-08 03:41:12,543 - app - INFO - Initializing utilities...
2025-12-08 03:41:12,583 - app.utils.image_processing - INFO - Face detection cascade loaded successfully
2025-12-08 03:41:12,583 - app - INFO - Initializing AI models...
2025-12-08 03:41:12,584 - app.models.skin_analysis_model - INFO - Attempting to load skin analysis model from: D:\Tek-UP\5eme SDIA\Projects\SkinPredict\api\models\multitask_skin_model.h5
2025-12-08 03:41:19,385 - absl - WARNING - Compiled the loaded model, but the compiled metrics have yet to be built. `model.compile_metrics` will be empty until you train or evaluate the model.
2025-12-08 03:41:19,402 - app.models.skin_analysis_model - INFO - Successfully loaded skin analysis model from: D:\Tek-UP\5eme SDIA\Projects\SkinPredict\api\models\multitask_skin_model.h5
2025-12-08 03:41:19,403 - app - INFO - FairFace model not configured - demographics will use defaults
2025-12-08 03:41:19,403 - app - INFO - Initializing business services...
2025-12-08 03:41:19,403 - app - INFO - All services initialized successfully
2025-12-08 03:41:19,407 - app.database - INFO - Database initialized successfully.
2025-12-08 03:41:19,408 - app - INFO - Database initialized successfully
2025-12-08 03:41:19,427 - app - ERROR - Agent initialization failed: No module named 'langchain_core'
2025-12-08 03:41:19,438 - app - INFO - All API blueprints registered successfully
2025-12-08 03:41:19,439 - app - INFO - SkinPredict API application created successfully
2025-12-08 03:41:19,440 - __main__ - INFO - Starting server on 0.0.0.0:5000
2025-12-08 03:41:19,440 - __main__ - INFO - Debug mode: True
2025-12-08 03:41:19,441 - __main__ - INFO - Environment: development
2025-12-08 03:41:19,457 - werkzeug - WARNING -  * Debugger is active!
2025-12-08 03:41:19,469 - werkzeug - INFO -  * Debugger PIN: 457-400-097
2025-12-08 03:41:23,647 - werkzeug - INFO - 127.0.0.1 - - [08/Dec/2025 03:41:23] "OPTIONS /api/user/profile HTTP/1.1" 200 -
2025-12-08 03:41:23,903 - werkzeug - INFO - 127.0.0.1 - - [08/Dec/2025 03:41:23] "OPTIONS /api/user/profile HTTP/1.1" 200 -
2025-12-08 03:41:23,983 - werkzeug - INFO - 127.0.0.1 - - [08/Dec/2025 03:41:23] "OPTIONS /api/user/profile HTTP/1.1" 200 -
2025-12-08 03:41:23,988 - app.utils.auth_middleware - INFO - Firebase Admin initialized with project ID: skincaregpt-4ef0d
2025-12-08 03:41:26,877 - app.utils.auth_middleware - WARNING - Original error: Your default credentials were not found. To set up Application Default Credentials, see https://cloud.google.com/docs/authentication/external/set-up-adc for more information.
2025-12-08 03:41:26,878 - app.utils.auth_middleware - ERROR - Fallback decoding failed: get_user_profile() takes 0 positional arguments but 1 was given
2025-12-08 03:41:26,879 - app.utils.auth_middleware - ERROR - Token verification failed: Your default credentials were not found. To set up Application Default Credentials, see https://cloud.google.com/docs/authentication/external/set-up-adc for more information.
2025-12-08 03:41:26,880 - werkzeug - INFO - 127.0.0.1 - - [08/Dec/2025 03:41:26] "[31m[1mGET /api/user/profile HTTP/1.1[0m" 401 -
2025-12-08 03:41:30,143 - app.utils.auth_middleware - WARNING - Original error: Your default credentials were not found. To set up Application Default Credentials, see https://cloud.google.com/docs/authentication/external/set-up-adc for more information.
2025-12-08 03:41:30,144 - app.utils.auth_middleware - ERROR - Fallback decoding failed: get_user_profile() takes 0 positional arguments but 1 was given
2025-12-08 03:41:30,144 - app.utils.auth_middleware - ERROR - Token verification failed: Your default credentials were not found. To set up Application Default Credentials, see https://cloud.google.com/docs/authentication/external/set-up-adc for more information.
2025-12-08 03:41:30,145 - werkzeug - INFO - 127.0.0.1 - - [08/Dec/2025 03:41:30] "[31m[1mGET /api/user/profile HTTP/1.1[0m" 401 -
2025-12-08 03:41:33,327 - app.utils.auth_middleware - WARNING - Original error: Your default credentials were not found. To set up Application Default Credentials, see https://cloud.google.com/docs/authentication/external/set-up-adc for more information.
2025-12-08 03:41:33,327 - app.utils.auth_middleware - ERROR - Fallback decoding failed: get_user_profile() takes 0 positional arguments but 1 was given
2025-12-08 03:41:33,328 - app.utils.auth_middleware - ERROR - Token verification failed: Your default credentials were not found. To set up Application Default Credentials, see https://cloud.google.com/docs/authentication/external/set-up-adc for more information.
2025-12-08 03:41:33,329 - werkzeug - INFO - 127.0.0.1 - - [08/Dec/2025 03:41:33] "[31m[1mGET /api/user/profile HTTP/1.1[0m" 401 -
2025-12-08 03:41:33,898 - werkzeug - INFO - 127.0.0.1 - - [08/Dec/2025 03:41:33] "OPTIONS /api/user/profile HTTP/1.1" 200 -
2025-12-08 03:41:33,900 - werkzeug - INFO - 127.0.0.1 - - [08/Dec/2025 03:41:33] "OPTIONS /api/user/profile HTTP/1.1" 200 -
2025-12-08 03:41:37,306 - app.utils.auth_middleware - WARNING - Original error: Your default credentials were not found. To set up Application Default Credentials, see https://cloud.google.com/docs/authentication/external/set-up-adc for more information.
2025-12-08 03:41:37,307 - app.utils.auth_middleware - ERROR - Fallback decoding failed: get_user_profile() takes 0 positional arguments but 1 was given
2025-12-08 03:41:37,308 - app.utils.auth_middleware - ERROR - Token verification failed: Your default credentials were not found. To set up Application Default Credentials, see https://cloud.google.com/docs/authentication/external/set-up-adc for more information.
2025-12-08 03:41:37,310 - werkzeug - INFO - 127.0.0.1 - - [08/Dec/2025 03:41:37] "[31m[1mGET /api/user/profile HTTP/1.1[0m" 401 -
2025-12-08 03:41:40,450 - app.utils.auth_middleware - WARNING - Original error: Your default credentials were not found. To set up Application Default Credentials, see https://cloud.google.com/docs/authentication/external/set-up-adc for more information.
2025-12-08 03:41:40,452 - app.utils.auth_middleware - ERROR - Fallback decoding failed: get_user_profile() takes 0 positional arguments but 1 was given
2025-12-08 03:41:40,452 - app.utils.auth_middleware - ERROR - Token verification failed: Your default credentials were not found. To set up Application Default Credentials, see https://cloud.google.com/docs/authentication/external/set-up-adc for more information.
2025-12-08 03:41:40,454 - werkzeug - INFO - 127.0.0.1 - - [08/Dec/2025 03:41:40] "[31m[1mGET /api/user/profile HTTP/1.1[0m" 401 -
2025-12-08 03:45:13,966 - app - INFO - Initializing utilities...
2025-12-08 03:45:13,997 - app.utils.image_processing - INFO - Face detection cascade loaded successfully
2025-12-08 03:45:13,997 - app - INFO - Initializing AI models...
2025-12-08 03:45:13,997 - app.models.skin_analysis_model - INFO - Attempting to load skin analysis model from: D:\Tek-UP\5eme SDIA\Projects\SkinPredict\api\models\multitask_skin_model.h5
2025-12-08 03:45:21,674 - absl - WARNING - Compiled the loaded model, but the compiled metrics have yet to be built. `model.compile_metrics` will be empty until you train or evaluate the model.
2025-12-08 03:45:21,674 - app.models.skin_analysis_model - INFO - Successfully loaded skin analysis model from: D:\Tek-UP\5eme SDIA\Projects\SkinPredict\api\models\multitask_skin_model.h5
2025-12-08 03:45:21,674 - app - INFO - FairFace model not configured - demographics will use defaults
2025-12-08 03:45:21,674 - app - INFO - Initializing business services...
2025-12-08 03:45:21,674 - app - INFO - All services initialized successfully
2025-12-08 03:45:21,686 - app.database - INFO - Database initialized successfully.
2025-12-08 03:45:21,687 - app - INFO - Database initialized successfully
2025-12-08 03:45:21,702 - app - ERROR - Agent initialization failed: No module named 'langchain_core'
2025-12-08 03:45:21,722 - app - INFO - All API blueprints registered successfully
2025-12-08 03:45:21,723 - app - INFO - SkinPredict API application created successfully
2025-12-08 03:45:21,723 - __main__ - INFO - Starting server on 0.0.0.0:5000
2025-12-08 03:45:21,723 - __main__ - INFO - Debug mode: True
2025-12-08 03:45:21,724 - __main__ - INFO - Environment: development
2025-12-08 03:45:22,629 - werkzeug - INFO - [31m[1mWARNING: This is a development server. Do not use it in a production deployment. Use a production WSGI server instead.[0m
 * Running on all addresses (0.0.0.0)
 * Running on http://127.0.0.1:5000
 * Running on http://192.168.1.11:5000
2025-12-08 03:45:22,631 - werkzeug - INFO - [33mPress CTRL+C to quit[0m
2025-12-08 03:45:22,635 - werkzeug - INFO -  * Restarting with stat
2025-12-08 03:45:33,977 - app - INFO - Initializing utilities...
2025-12-08 03:45:34,022 - app.utils.image_processing - INFO - Face detection cascade loaded successfully
2025-12-08 03:45:34,023 - app - INFO - Initializing AI models...
2025-12-08 03:45:34,024 - app.models.skin_analysis_model - INFO - Attempting to load skin analysis model from: D:\Tek-UP\5eme SDIA\Projects\SkinPredict\api\models\multitask_skin_model.h5
2025-12-08 03:45:41,081 - absl - WARNING - Compiled the loaded model, but the compiled metrics have yet to be built. `model.compile_metrics` will be empty until you train or evaluate the model.
2025-12-08 03:45:41,096 - app.models.skin_analysis_model - INFO - Successfully loaded skin analysis model from: D:\Tek-UP\5eme SDIA\Projects\SkinPredict\api\models\multitask_skin_model.h5
2025-12-08 03:45:41,096 - app - INFO - FairFace model not configured - demographics will use defaults
2025-12-08 03:45:41,096 - app - INFO - Initializing business services...
2025-12-08 03:45:41,096 - app - INFO - All services initialized successfully
2025-12-08 03:45:41,105 - app.database - INFO - Database initialized successfully.
2025-12-08 03:45:41,106 - app - INFO - Database initialized successfully
2025-12-08 03:45:41,123 - app - ERROR - Agent initialization failed: No module named 'langchain_core'
2025-12-08 03:45:41,140 - app - INFO - All API blueprints registered successfully
2025-12-08 03:45:41,141 - app - INFO - SkinPredict API application created successfully
2025-12-08 03:45:41,141 - __main__ - INFO - Starting server on 0.0.0.0:5000
2025-12-08 03:45:41,143 - __main__ - INFO - Debug mode: True
2025-12-08 03:45:41,143 - __main__ - INFO - Environment: development
2025-12-08 03:45:41,160 - werkzeug - WARNING -  * Debugger is active!
2025-12-08 03:45:41,172 - werkzeug - INFO -  * Debugger PIN: 457-400-097
2025-12-08 03:45:47,540 - werkzeug - INFO - 127.0.0.1 - - [08/Dec/2025 03:45:47] "OPTIONS /api/user/profile HTTP/1.1" 200 -
2025-12-08 03:45:47,549 - werkzeug - INFO - 127.0.0.1 - - [08/Dec/2025 03:45:47] "OPTIONS /api/user/profile HTTP/1.1" 200 -
2025-12-08 03:45:47,554 - werkzeug - INFO - 127.0.0.1 - - [08/Dec/2025 03:45:47] "OPTIONS /api/user/profile HTTP/1.1" 200 -
2025-12-08 03:45:47,557 - werkzeug - INFO - 127.0.0.1 - - [08/Dec/2025 03:45:47] "OPTIONS /api/user/profile HTTP/1.1" 200 -
2025-12-08 03:45:47,560 - werkzeug - INFO - 127.0.0.1 - - [08/Dec/2025 03:45:47] "OPTIONS /api/user/profile HTTP/1.1" 200 -
2025-12-08 03:45:47,564 - werkzeug - INFO - 127.0.0.1 - - [08/Dec/2025 03:45:47] "OPTIONS /api/user/profile HTTP/1.1" 200 -
2025-12-08 03:45:47,868 - werkzeug - INFO - 127.0.0.1 - - [08/Dec/2025 03:45:47] "OPTIONS /api/user/profile HTTP/1.1" 200 -
2025-12-08 03:45:47,871 - werkzeug - INFO - 127.0.0.1 - - [08/Dec/2025 03:45:47] "OPTIONS /api/user/profile HTTP/1.1" 200 -
2025-12-08 03:45:47,875 - werkzeug - INFO - 127.0.0.1 - - [08/Dec/2025 03:45:47] "OPTIONS /api/user/profile HTTP/1.1" 200 -
2025-12-08 03:45:47,877 - werkzeug - INFO - 127.0.0.1 - - [08/Dec/2025 03:45:47] "OPTIONS /api/user/profile HTTP/1.1" 200 -
2025-12-08 03:45:47,883 - werkzeug - INFO - 127.0.0.1 - - [08/Dec/2025 03:45:47] "OPTIONS /api/user/profile HTTP/1.1" 200 -
2025-12-08 03:45:47,890 - werkzeug - INFO - 127.0.0.1 - - [08/Dec/2025 03:45:47] "OPTIONS /api/user/profile HTTP/1.1" 200 -
2025-12-08 03:45:48,188 - werkzeug - INFO - 127.0.0.1 - - [08/Dec/2025 03:45:48] "OPTIONS /api/user/profile HTTP/1.1" 200 -
2025-12-08 03:45:48,188 - werkzeug - INFO - 127.0.0.1 - - [08/Dec/2025 03:45:48] "OPTIONS /api/user/profile HTTP/1.1" 200 -
2025-12-08 03:45:48,192 - werkzeug - INFO - 127.0.0.1 - - [08/Dec/2025 03:45:48] "OPTIONS /api/user/profile HTTP/1.1" 200 -
2025-12-08 03:45:48,194 - app.utils.auth_middleware - INFO - Firebase Admin initialized with project ID: skincaregpt-4ef0d
2025-12-08 03:45:51,262 - app.utils.auth_middleware - WARNING - Original error: Your default credentials were not found. To set up Application Default Credentials, see https://cloud.google.com/docs/authentication/external/set-up-adc for more information.
2025-12-08 03:45:51,267 - werkzeug - INFO - 127.0.0.1 - - [08/Dec/2025 03:45:51] "GET /api/user/profile HTTP/1.1" 200 -
2025-12-08 03:45:54,551 - app.utils.auth_middleware - WARNING - Original error: Your default credentials were not found. To set up Application Default Credentials, see https://cloud.google.com/docs/authentication/external/set-up-adc for more information.
2025-12-08 03:45:54,554 - werkzeug - INFO - 127.0.0.1 - - [08/Dec/2025 03:45:54] "GET /api/user/profile HTTP/1.1" 200 -
2025-12-08 03:45:58,119 - app.utils.auth_middleware - WARNING - Original error: Your default credentials were not found. To set up Application Default Credentials, see https://cloud.google.com/docs/authentication/external/set-up-adc for more information.
2025-12-08 03:45:58,121 - werkzeug - INFO - 127.0.0.1 - - [08/Dec/2025 03:45:58] "GET /api/user/profile HTTP/1.1" 200 -
2025-12-08 03:46:01,580 - app.utils.auth_middleware - WARNING - Original error: Your default credentials were not found. To set up Application Default Credentials, see https://cloud.google.com/docs/authentication/external/set-up-adc for more information.
2025-12-08 03:46:01,582 - werkzeug - INFO - 127.0.0.1 - - [08/Dec/2025 03:46:01] "GET /api/user/profile HTTP/1.1" 200 -
2025-12-08 03:46:04,820 - app.utils.auth_middleware - WARNING - Original error: Your default credentials were not found. To set up Application Default Credentials, see https://cloud.google.com/docs/authentication/external/set-up-adc for more information.
2025-12-08 03:46:04,822 - werkzeug - INFO - 127.0.0.1 - - [08/Dec/2025 03:46:04] "GET /api/user/profile HTTP/1.1" 200 -
2025-12-08 03:46:08,112 - app.utils.auth_middleware - WARNING - Original error: Your default credentials were not found. To set up Application Default Credentials, see https://cloud.google.com/docs/authentication/external/set-up-adc for more information.
2025-12-08 03:46:08,115 - werkzeug - INFO - 127.0.0.1 - - [08/Dec/2025 03:46:08] "GET /api/user/profile HTTP/1.1" 200 -
2025-12-08 03:46:11,327 - app.utils.auth_middleware - WARNING - Original error: Your default credentials were not found. To set up Application Default Credentials, see https://cloud.google.com/docs/authentication/external/set-up-adc for more information.
2025-12-08 03:46:11,330 - werkzeug - INFO - 127.0.0.1 - - [08/Dec/2025 03:46:11] "GET /api/user/profile HTTP/1.1" 200 -
2025-12-08 03:46:14,184 - app.utils.auth_middleware - WARNING - Original error: Your default credentials were not found. To set up Application Default Credentials, see https://cloud.google.com/docs/authentication/external/set-up-adc for more information.
2025-12-08 03:46:14,191 - werkzeug - INFO - 127.0.0.1 - - [08/Dec/2025 03:46:14] "GET /api/user/profile HTTP/1.1" 200 -
2025-12-08 03:46:17,250 - app.utils.auth_middleware - WARNING - Original error: Your default credentials were not found. To set up Application Default Credentials, see https://cloud.google.com/docs/authentication/external/set-up-adc for more information.
2025-12-08 03:46:17,258 - werkzeug - INFO - 127.0.0.1 - - [08/Dec/2025 03:46:17] "GET /api/user/profile HTTP/1.1" 200 -
2025-12-08 03:46:20,459 - app.utils.auth_middleware - WARNING - Original error: Your default credentials were not found. To set up Application Default Credentials, see https://cloud.google.com/docs/authentication/external/set-up-adc for more information.
2025-12-08 03:46:20,459 - werkzeug - INFO - 127.0.0.1 - - [08/Dec/2025 03:46:20] "GET /api/user/profile HTTP/1.1" 200 -
2025-12-08 03:46:23,707 - app.utils.auth_middleware - WARNING - Original error: Your default credentials were not found. To set up Application Default Credentials, see https://cloud.google.com/docs/authentication/external/set-up-adc for more information.
2025-12-08 03:46:23,707 - werkzeug - INFO - 127.0.0.1 - - [08/Dec/2025 03:46:23] "GET /api/user/profile HTTP/1.1" 200 -
2025-12-08 03:46:26,889 - app.utils.auth_middleware - WARNING - Original error: Your default credentials were not found. To set up Application Default Credentials, see https://cloud.google.com/docs/authentication/external/set-up-adc for more information.
2025-12-08 03:46:26,890 - werkzeug - INFO - 127.0.0.1 - - [08/Dec/2025 03:46:26] "GET /api/user/profile HTTP/1.1" 200 -
2025-12-08 03:46:29,905 - werkzeug - INFO - 127.0.0.1 - - [08/Dec/2025 03:46:29] "OPTIONS /api/user/profile HTTP/1.1" 200 -
2025-12-08 03:46:29,931 - werkzeug - INFO - 127.0.0.1 - - [08/Dec/2025 03:46:29] "OPTIONS /api/user/profile HTTP/1.1" 200 -
2025-12-08 03:46:29,976 - app.utils.auth_middleware - WARNING - Original error: Your default credentials were not found. To set up Application Default Credentials, see https://cloud.google.com/docs/authentication/external/set-up-adc for more information.
2025-12-08 03:46:29,992 - werkzeug - INFO - 127.0.0.1 - - [08/Dec/2025 03:46:29] "GET /api/user/profile HTTP/1.1" 200 -
2025-12-08 03:46:32,941 - app.utils.auth_middleware - WARNING - Original error: Your default credentials were not found. To set up Application Default Credentials, see https://cloud.google.com/docs/authentication/external/set-up-adc for more information.
2025-12-08 03:46:32,942 - werkzeug - INFO - 127.0.0.1 - - [08/Dec/2025 03:46:32] "GET /api/user/profile HTTP/1.1" 200 -
2025-12-08 03:46:35,838 - app.utils.auth_middleware - WARNING - Original error: Your default credentials were not found. To set up Application Default Credentials, see https://cloud.google.com/docs/authentication/external/set-up-adc for more information.
2025-12-08 03:46:35,840 - werkzeug - INFO - 127.0.0.1 - - [08/Dec/2025 03:46:35] "GET /api/user/profile HTTP/1.1" 200 -
2025-12-08 03:46:38,821 - app.utils.auth_middleware - WARNING - Original error: Your default credentials were not found. To set up Application Default Credentials, see https://cloud.google.com/docs/authentication/external/set-up-adc for more information.
2025-12-08 03:46:38,825 - werkzeug - INFO - 127.0.0.1 - - [08/Dec/2025 03:46:38] "GET /api/user/profile HTTP/1.1" 200 -
2025-12-08 03:46:41,967 - app.utils.auth_middleware - WARNING - Original error: Your default credentials were not found. To set up Application Default Credentials, see https://cloud.google.com/docs/authentication/external/set-up-adc for more information.
2025-12-08 03:46:41,971 - werkzeug - INFO - 127.0.0.1 - - [08/Dec/2025 03:46:41] "GET /api/user/profile HTTP/1.1" 200 -
2025-12-08 03:46:45,451 - app.utils.auth_middleware - WARNING - Original error: Your default credentials were not found. To set up Application Default Credentials, see https://cloud.google.com/docs/authentication/external/set-up-adc for more information.
2025-12-08 03:46:45,455 - werkzeug - INFO - 127.0.0.1 - - [08/Dec/2025 03:46:45] "GET /api/user/profile HTTP/1.1" 200 -
2025-12-08 03:46:48,901 - app.utils.auth_middleware - WARNING - Original error: Your default credentials were not found. To set up Application Default Credentials, see https://cloud.google.com/docs/authentication/external/set-up-adc for more information.
2025-12-08 03:46:48,904 - werkzeug - INFO - 127.0.0.1 - - [08/Dec/2025 03:46:48] "GET /api/user/profile HTTP/1.1" 200 -
2025-12-08 03:47:25,711 - werkzeug - INFO -  * Detected change in 'D:\\Tek-UP\\5eme SDIA\\Projects\\SkinPredict\\api\\app\\routes\\user_routes.py', reloading
2025-12-08 03:47:27,713 - werkzeug - INFO -  * Restarting with stat
2025-12-08 03:47:38,186 - app - INFO - Initializing utilities...
2025-12-08 03:47:38,238 - app.utils.image_processing - INFO - Face detection cascade loaded successfully
2025-12-08 03:47:38,238 - app - INFO - Initializing AI models...
2025-12-08 03:47:38,239 - app.models.skin_analysis_model - INFO - Attempting to load skin analysis model from: D:\Tek-UP\5eme SDIA\Projects\SkinPredict\api\models\multitask_skin_model.h5
2025-12-08 03:47:46,016 - absl - WARNING - Compiled the loaded model, but the compiled metrics have yet to be built. `model.compile_metrics` will be empty until you train or evaluate the model.
2025-12-08 03:47:46,031 - app.models.skin_analysis_model - INFO - Successfully loaded skin analysis model from: D:\Tek-UP\5eme SDIA\Projects\SkinPredict\api\models\multitask_skin_model.h5
2025-12-08 03:47:46,031 - app - INFO - FairFace model not configured - demographics will use defaults
2025-12-08 03:47:46,031 - app - INFO - Initializing business services...
2025-12-08 03:47:46,031 - app - INFO - All services initialized successfully
2025-12-08 03:47:46,037 - app.database - INFO - Database initialized successfully.
2025-12-08 03:47:46,037 - app - INFO - Database initialized successfully
2025-12-08 03:47:46,062 - app - ERROR - Agent initialization failed: No module named 'langchain_core'
2025-12-08 03:47:46,072 - app - INFO - All API blueprints registered successfully
2025-12-08 03:47:46,073 - app - INFO - SkinPredict API application created successfully
2025-12-08 03:47:46,073 - __main__ - INFO - Starting server on 0.0.0.0:5000
2025-12-08 03:47:46,074 - __main__ - INFO - Debug mode: True
2025-12-08 03:47:46,074 - __main__ - INFO - Environment: development
2025-12-08 03:47:46,090 - werkzeug - WARNING -  * Debugger is active!
2025-12-08 03:47:46,107 - werkzeug - INFO -  * Debugger PIN: 457-400-097
2025-12-08 03:47:47,348 - werkzeug - INFO - 127.0.0.1 - - [08/Dec/2025 03:47:47] "OPTIONS /api/user/profile HTTP/1.1" 200 -
2025-12-08 03:47:47,359 - werkzeug - INFO - 127.0.0.1 - - [08/Dec/2025 03:47:47] "OPTIONS /api/user/profile HTTP/1.1" 200 -
2025-12-08 03:47:47,361 - werkzeug - INFO - 127.0.0.1 - - [08/Dec/2025 03:47:47] "OPTIONS /api/admin/users HTTP/1.1" 200 -
2025-12-08 03:47:47,366 - app.utils.auth_middleware - INFO - Firebase Admin initialized with project ID: skincaregpt-4ef0d
2025-12-08 03:47:50,401 - werkzeug - INFO -  * Detected change in 'D:\\Tek-UP\\5eme SDIA\\Projects\\SkinPredict\\api\\app\\utils\\auth_middleware.py', reloading
2025-12-08 03:47:50,402 - app.utils.auth_middleware - WARNING - Original error: Your default credentials were not found. To set up Application Default Credentials, see https://cloud.google.com/docs/authentication/external/set-up-adc for more information.
2025-12-08 03:47:50,407 - werkzeug - INFO - 127.0.0.1 - - [08/Dec/2025 03:47:50] "GET /api/user/profile HTTP/1.1" 200 -
2025-12-08 03:47:51,870 - werkzeug - INFO -  * Restarting with stat
2025-12-08 03:48:00,707 - app - INFO - Initializing utilities...
2025-12-08 03:48:00,756 - app.utils.image_processing - INFO - Face detection cascade loaded successfully
2025-12-08 03:48:00,756 - app - INFO - Initializing AI models...
2025-12-08 03:48:00,757 - app.models.skin_analysis_model - INFO - Attempting to load skin analysis model from: D:\Tek-UP\5eme SDIA\Projects\SkinPredict\api\models\multitask_skin_model.h5
2025-12-08 03:48:07,584 - absl - WARNING - Compiled the loaded model, but the compiled metrics have yet to be built. `model.compile_metrics` will be empty until you train or evaluate the model.
2025-12-08 03:48:07,592 - app.models.skin_analysis_model - INFO - Successfully loaded skin analysis model from: D:\Tek-UP\5eme SDIA\Projects\SkinPredict\api\models\multitask_skin_model.h5
2025-12-08 03:48:07,594 - app - INFO - FairFace model not configured - demographics will use defaults
2025-12-08 03:48:07,594 - app - INFO - Initializing business services...
2025-12-08 03:48:07,595 - app - INFO - All services initialized successfully
2025-12-08 03:48:07,600 - app.database - INFO - Database initialized successfully.
2025-12-08 03:48:07,600 - app - INFO - Database initialized successfully
2025-12-08 03:48:07,629 - app - ERROR - Agent initialization failed: No module named 'langchain_core'
2025-12-08 03:48:07,646 - app - INFO - All API blueprints registered successfully
2025-12-08 03:48:07,646 - app - INFO - SkinPredict API application created successfully
2025-12-08 03:48:07,647 - __main__ - INFO - Starting server on 0.0.0.0:5000
2025-12-08 03:48:07,647 - __main__ - INFO - Debug mode: True
2025-12-08 03:48:07,648 - __main__ - INFO - Environment: development
2025-12-08 03:48:07,667 - werkzeug - WARNING -  * Debugger is active!
2025-12-08 03:48:07,682 - werkzeug - INFO -  * Debugger PIN: 457-400-097
2025-12-08 03:48:09,088 - app.utils.auth_middleware - INFO - Firebase Admin initialized with project ID: skincaregpt-4ef0d
2025-12-08 03:48:11,366 - werkzeug - INFO - 127.0.0.1 - - [08/Dec/2025 03:48:11] "OPTIONS /api/admin/users HTTP/1.1" 200 -
2025-12-08 03:48:11,375 - werkzeug - INFO - 127.0.0.1 - - [08/Dec/2025 03:48:11] "OPTIONS /api/admin/users HTTP/1.1" 200 -
2025-12-08 03:48:11,384 - werkzeug - INFO - 127.0.0.1 - - [08/Dec/2025 03:48:11] "OPTIONS /api/admin/users HTTP/1.1" 200 -
2025-12-08 03:48:11,388 - werkzeug - INFO - 127.0.0.1 - - [08/Dec/2025 03:48:11] "OPTIONS /api/admin/users HTTP/1.1" 200 -
2025-12-08 03:48:11,395 - werkzeug - INFO - 127.0.0.1 - - [08/Dec/2025 03:48:11] "OPTIONS /api/admin/users HTTP/1.1" 200 -
2025-12-08 03:48:11,680 - werkzeug - INFO - 127.0.0.1 - - [08/Dec/2025 03:48:11] "OPTIONS /api/admin/users HTTP/1.1" 200 -
2025-12-08 03:48:11,683 - werkzeug - INFO - 127.0.0.1 - - [08/Dec/2025 03:48:11] "OPTIONS /api/admin/users HTTP/1.1" 200 -
2025-12-08 03:48:11,696 - werkzeug - INFO - 127.0.0.1 - - [08/Dec/2025 03:48:11] "OPTIONS /api/admin/users HTTP/1.1" 200 -
2025-12-08 03:48:12,111 - app.utils.auth_middleware - WARNING - DEVELOPMENT MODE: Bypassing signature verification due to missing credentials.
2025-12-08 03:48:12,112 - app.utils.auth_middleware - WARNING - Original error: Your default credentials were not found. To set up Application Default Credentials, see https://cloud.google.com/docs/authentication/external/set-up-adc for more information.
2025-12-08 03:48:12,112 - werkzeug - INFO - 127.0.0.1 - - [08/Dec/2025 03:48:12] "GET /api/user/profile HTTP/1.1" 200 -
2025-12-08 03:48:15,200 - app.utils.auth_middleware - WARNING - DEVELOPMENT MODE: Bypassing signature verification due to missing credentials.
2025-12-08 03:48:15,210 - app.utils.auth_middleware - WARNING - Original error: Your default credentials were not found. To set up Application Default Credentials, see https://cloud.google.com/docs/authentication/external/set-up-adc for more information.
2025-12-08 03:48:15,214 - werkzeug - INFO - 127.0.0.1 - - [08/Dec/2025 03:48:15] "[31m[1mGET /api/admin/users HTTP/1.1[0m" 403 -
2025-12-08 03:48:16,277 - werkzeug - INFO - 127.0.0.1 - - [08/Dec/2025 03:48:16] "OPTIONS /api/user/profile HTTP/1.1" 200 -
2025-12-08 03:48:19,312 - app.utils.auth_middleware - WARNING - DEVELOPMENT MODE: Bypassing signature verification due to missing credentials.
2025-12-08 03:48:19,313 - app.utils.auth_middleware - WARNING - Original error: Your default credentials were not found. To set up Application Default Credentials, see https://cloud.google.com/docs/authentication/external/set-up-adc for more information.
2025-12-08 03:48:19,314 - werkzeug - INFO - 127.0.0.1 - - [08/Dec/2025 03:48:19] "[31m[1mGET /api/admin/users HTTP/1.1[0m" 403 -
2025-12-08 03:48:20,759 - werkzeug - INFO - 127.0.0.1 - - [08/Dec/2025 03:48:20] "OPTIONS /api/admin/users HTTP/1.1" 200 -
2025-12-08 03:48:21,078 - werkzeug - INFO - 127.0.0.1 - - [08/Dec/2025 03:48:21] "OPTIONS /api/admin/users HTTP/1.1" 200 -
2025-12-08 03:48:22,278 - app.utils.auth_middleware - WARNING - DEVELOPMENT MODE: Bypassing signature verification due to missing credentials.
2025-12-08 03:48:22,279 - app.utils.auth_middleware - WARNING - Original error: Your default credentials were not found. To set up Application Default Credentials, see https://cloud.google.com/docs/authentication/external/set-up-adc for more information.
2025-12-08 03:48:22,281 - werkzeug - INFO - 127.0.0.1 - - [08/Dec/2025 03:48:22] "GET /api/user/profile HTTP/1.1" 200 -
2025-12-08 03:48:25,080 - app.utils.auth_middleware - WARNING - DEVELOPMENT MODE: Bypassing signature verification due to missing credentials.
2025-12-08 03:48:25,080 - app.utils.auth_middleware - WARNING - Original error: Your default credentials were not found. To set up Application Default Credentials, see https://cloud.google.com/docs/authentication/external/set-up-adc for more information.
2025-12-08 03:48:25,081 - werkzeug - INFO - 127.0.0.1 - - [08/Dec/2025 03:48:25] "[31m[1mGET /api/admin/users HTTP/1.1[0m" 403 -
2025-12-08 03:48:27,335 - werkzeug - INFO - 127.0.0.1 - - [08/Dec/2025 03:48:27] "OPTIONS /api/admin/users HTTP/1.1" 200 -
2025-12-08 03:48:27,338 - werkzeug - INFO - 127.0.0.1 - - [08/Dec/2025 03:48:27] "OPTIONS /api/admin/users HTTP/1.1" 200 -
2025-12-08 03:48:27,344 - werkzeug - INFO - 127.0.0.1 - - [08/Dec/2025 03:48:27] "OPTIONS /api/admin/users HTTP/1.1" 200 -
2025-12-08 03:48:27,346 - werkzeug - INFO - 127.0.0.1 - - [08/Dec/2025 03:48:27] "OPTIONS /api/admin/users HTTP/1.1" 200 -
2025-12-08 03:48:28,302 - app.utils.auth_middleware - WARNING - DEVELOPMENT MODE: Bypassing signature verification due to missing credentials.
2025-12-08 03:48:28,302 - app.utils.auth_middleware - WARNING - Original error: Your default credentials were not found. To set up Application Default Credentials, see https://cloud.google.com/docs/authentication/external/set-up-adc for more information.
2025-12-08 03:48:28,303 - werkzeug - INFO - 127.0.0.1 - - [08/Dec/2025 03:48:28] "[31m[1mGET /api/admin/users HTTP/1.1[0m" 403 -
2025-12-08 03:48:31,448 - app.utils.auth_middleware - WARNING - DEVELOPMENT MODE: Bypassing signature verification due to missing credentials.
2025-12-08 03:48:31,448 - app.utils.auth_middleware - WARNING - Original error: Your default credentials were not found. To set up Application Default Credentials, see https://cloud.google.com/docs/authentication/external/set-up-adc for more information.
2025-12-08 03:48:31,448 - werkzeug - INFO - 127.0.0.1 - - [08/Dec/2025 03:48:31] "[31m[1mGET /api/admin/users HTTP/1.1[0m" 403 -
2025-12-08 03:48:34,835 - app.utils.auth_middleware - WARNING - DEVELOPMENT MODE: Bypassing signature verification due to missing credentials.
2025-12-08 03:48:34,835 - app.utils.auth_middleware - WARNING - Original error: Your default credentials were not found. To set up Application Default Credentials, see https://cloud.google.com/docs/authentication/external/set-up-adc for more information.
2025-12-08 03:48:34,835 - werkzeug - INFO - 127.0.0.1 - - [08/Dec/2025 03:48:34] "[31m[1mGET /api/admin/users HTTP/1.1[0m" 403 -
2025-12-08 03:48:38,355 - app.utils.auth_middleware - WARNING - DEVELOPMENT MODE: Bypassing signature verification due to missing credentials.
2025-12-08 03:48:38,355 - app.utils.auth_middleware - WARNING - Original error: Your default credentials were not found. To set up Application Default Credentials, see https://cloud.google.com/docs/authentication/external/set-up-adc for more information.
2025-12-08 03:48:38,355 - werkzeug - INFO - 127.0.0.1 - - [08/Dec/2025 03:48:38] "[31m[1mGET /api/admin/users HTTP/1.1[0m" 403 -
2025-12-08 03:48:41,607 - app.utils.auth_middleware - WARNING - DEVELOPMENT MODE: Bypassing signature verification due to missing credentials.
2025-12-08 03:48:41,607 - app.utils.auth_middleware - WARNING - Original error: Your default credentials were not found. To set up Application Default Credentials, see https://cloud.google.com/docs/authentication/external/set-up-adc for more information.
2025-12-08 03:48:41,609 - werkzeug - INFO - 127.0.0.1 - - [08/Dec/2025 03:48:41] "[31m[1mGET /api/admin/users HTTP/1.1[0m" 403 -
2025-12-08 03:48:44,756 - app.utils.auth_middleware - WARNING - DEVELOPMENT MODE: Bypassing signature verification due to missing credentials.
2025-12-08 03:48:44,757 - app.utils.auth_middleware - WARNING - Original error: Your default credentials were not found. To set up Application Default Credentials, see https://cloud.google.com/docs/authentication/external/set-up-adc for more information.
2025-12-08 03:48:44,757 - werkzeug - INFO - 127.0.0.1 - - [08/Dec/2025 03:48:44] "[31m[1mGET /api/admin/users HTTP/1.1[0m" 403 -
2025-12-08 03:48:48,127 - app.utils.auth_middleware - WARNING - DEVELOPMENT MODE: Bypassing signature verification due to missing credentials.
2025-12-08 03:48:48,127 - app.utils.auth_middleware - WARNING - Original error: Your default credentials were not found. To set up Application Default Credentials, see https://cloud.google.com/docs/authentication/external/set-up-adc for more information.
2025-12-08 03:48:48,128 - werkzeug - INFO - 127.0.0.1 - - [08/Dec/2025 03:48:48] "[31m[1mGET /api/admin/users HTTP/1.1[0m" 403 -
2025-12-08 03:48:53,216 - werkzeug - INFO - 127.0.0.1 - - [08/Dec/2025 03:48:53] "OPTIONS /api/user/profile HTTP/1.1" 200 -
2025-12-08 03:48:53,218 - werkzeug - INFO - 127.0.0.1 - - [08/Dec/2025 03:48:53] "OPTIONS /api/admin/users HTTP/1.1" 200 -
2025-12-08 03:48:56,514 - app.utils.auth_middleware - WARNING - DEVELOPMENT MODE: Bypassing signature verification due to missing credentials.
2025-12-08 03:48:56,514 - app.utils.auth_middleware - WARNING - Original error: Your default credentials were not found. To set up Application Default Credentials, see https://cloud.google.com/docs/authentication/external/set-up-adc for more information.
2025-12-08 03:48:56,514 - werkzeug - INFO - 127.0.0.1 - - [08/Dec/2025 03:48:56] "GET /api/user/profile HTTP/1.1" 200 -
2025-12-08 03:48:59,476 - app.utils.auth_middleware - WARNING - DEVELOPMENT MODE: Bypassing signature verification due to missing credentials.
2025-12-08 03:48:59,476 - app.utils.auth_middleware - WARNING - Original error: Your default credentials were not found. To set up Application Default Credentials, see https://cloud.google.com/docs/authentication/external/set-up-adc for more information.
2025-12-08 03:48:59,476 - werkzeug - INFO - 127.0.0.1 - - [08/Dec/2025 03:48:59] "[31m[1mGET /api/admin/users HTTP/1.1[0m" 403 -
2025-12-08 03:49:03,689 - werkzeug - INFO - 127.0.0.1 - - [08/Dec/2025 03:49:03] "OPTIONS /api/user/profile HTTP/1.1" 200 -
2025-12-08 03:49:04,009 - werkzeug - INFO - 127.0.0.1 - - [08/Dec/2025 03:49:04] "OPTIONS /api/admin/users HTTP/1.1" 200 -
2025-12-08 03:49:07,239 - app.utils.auth_middleware - WARNING - DEVELOPMENT MODE: Bypassing signature verification due to missing credentials.
2025-12-08 03:49:07,239 - app.utils.auth_middleware - WARNING - Original error: Your default credentials were not found. To set up Application Default Credentials, see https://cloud.google.com/docs/authentication/external/set-up-adc for more information.
2025-12-08 03:49:07,243 - werkzeug - INFO - 127.0.0.1 - - [08/Dec/2025 03:49:07] "GET /api/user/profile HTTP/1.1" 200 -
2025-12-08 03:49:10,187 - app.utils.auth_middleware - WARNING - DEVELOPMENT MODE: Bypassing signature verification due to missing credentials.
2025-12-08 03:49:10,188 - app.utils.auth_middleware - WARNING - Original error: Your default credentials were not found. To set up Application Default Credentials, see https://cloud.google.com/docs/authentication/external/set-up-adc for more information.
2025-12-08 03:49:10,189 - werkzeug - INFO - 127.0.0.1 - - [08/Dec/2025 03:49:10] "[31m[1mGET /api/admin/users HTTP/1.1[0m" 403 -
2025-12-08 03:49:21,166 - werkzeug - INFO - 127.0.0.1 - - [08/Dec/2025 03:49:21] "OPTIONS /api/user/profile HTTP/1.1" 200 -
2025-12-08 03:49:24,701 - app.utils.auth_middleware - WARNING - DEVELOPMENT MODE: Bypassing signature verification due to missing credentials.
2025-12-08 03:49:24,701 - app.utils.auth_middleware - WARNING - Original error: Your default credentials were not found. To set up Application Default Credentials, see https://cloud.google.com/docs/authentication/external/set-up-adc for more information.
2025-12-08 03:49:24,704 - werkzeug - INFO - 127.0.0.1 - - [08/Dec/2025 03:49:24] "GET /api/user/profile HTTP/1.1" 200 -
2025-12-08 03:49:42,003 - werkzeug - INFO -  * Detected change in 'D:\\Tek-UP\\5eme SDIA\\Projects\\SkinPredict\\api\\app\\utils\\auth_middleware.py', reloading
2025-12-08 03:49:43,699 - werkzeug - INFO -  * Restarting with stat
2025-12-08 03:49:52,574 - app - INFO - Initializing utilities...
2025-12-08 03:49:52,601 - app.utils.image_processing - INFO - Face detection cascade loaded successfully
2025-12-08 03:49:52,610 - app - INFO - Initializing AI models...
2025-12-08 03:49:52,611 - app.models.skin_analysis_model - INFO - Attempting to load skin analysis model from: D:\Tek-UP\5eme SDIA\Projects\SkinPredict\api\models\multitask_skin_model.h5
2025-12-08 03:49:59,309 - absl - WARNING - Compiled the loaded model, but the compiled metrics have yet to be built. `model.compile_metrics` will be empty until you train or evaluate the model.
2025-12-08 03:49:59,309 - app.models.skin_analysis_model - INFO - Successfully loaded skin analysis model from: D:\Tek-UP\5eme SDIA\Projects\SkinPredict\api\models\multitask_skin_model.h5
2025-12-08 03:49:59,309 - app - INFO - FairFace model not configured - demographics will use defaults
2025-12-08 03:49:59,309 - app - INFO - Initializing business services...
2025-12-08 03:49:59,309 - app - INFO - All services initialized successfully
2025-12-08 03:49:59,326 - app.database - INFO - Database initialized successfully.
2025-12-08 03:49:59,326 - app - INFO - Database initialized successfully
2025-12-08 03:49:59,344 - app - ERROR - Agent initialization failed: No module named 'langchain_core'
2025-12-08 03:49:59,348 - app - INFO - All API blueprints registered successfully
2025-12-08 03:49:59,348 - app - INFO - SkinPredict API application created successfully
2025-12-08 03:49:59,348 - __main__ - INFO - Starting server on 0.0.0.0:5000
2025-12-08 03:49:59,348 - __main__ - INFO - Debug mode: True
2025-12-08 03:49:59,356 - __main__ - INFO - Environment: development
2025-12-08 03:49:59,362 - werkzeug - WARNING -  * Debugger is active!
2025-12-08 03:49:59,377 - werkzeug - INFO -  * Debugger PIN: 457-400-097
2025-12-08 03:50:06,825 - werkzeug - INFO - 127.0.0.1 - - [08/Dec/2025 03:50:06] "OPTIONS /api/user/profile HTTP/1.1" 200 -
2025-12-08 03:50:06,827 - werkzeug - INFO - 127.0.0.1 - - [08/Dec/2025 03:50:06] "OPTIONS /api/user/profile HTTP/1.1" 200 -
2025-12-08 03:50:07,006 - werkzeug - INFO - 127.0.0.1 - - [08/Dec/2025 03:50:07] "OPTIONS /api/user/profile HTTP/1.1" 200 -
2025-12-08 03:50:07,010 - werkzeug - INFO - 127.0.0.1 - - [08/Dec/2025 03:50:07] "OPTIONS /api/user/profile HTTP/1.1" 200 -
2025-12-08 03:50:07,077 - app.utils.auth_middleware - INFO - Firebase Admin initialized with project ID: skincaregpt-4ef0d
2025-12-08 03:50:10,220 - app.utils.auth_middleware - WARNING - DEVELOPMENT MODE: Bypassing signature verification due to missing credentials.
2025-12-08 03:50:10,221 - app.utils.auth_middleware - WARNING - Original error: Your default credentials were not found. To set up Application Default Credentials, see https://cloud.google.com/docs/authentication/external/set-up-adc for more information.
2025-12-08 03:50:10,223 - werkzeug - INFO - 127.0.0.1 - - [08/Dec/2025 03:50:10] "GET /api/user/profile HTTP/1.1" 200 -
2025-12-08 03:50:13,069 - app.utils.auth_middleware - WARNING - DEVELOPMENT MODE: Bypassing signature verification due to missing credentials.
2025-12-08 03:50:13,070 - app.utils.auth_middleware - WARNING - Original error: Your default credentials were not found. To set up Application Default Credentials, see https://cloud.google.com/docs/authentication/external/set-up-adc for more information.
2025-12-08 03:50:13,071 - werkzeug - INFO - 127.0.0.1 - - [08/Dec/2025 03:50:13] "GET /api/user/profile HTTP/1.1" 200 -
2025-12-08 03:50:16,469 - app.utils.auth_middleware - WARNING - DEVELOPMENT MODE: Bypassing signature verification due to missing credentials.
2025-12-08 03:50:16,470 - app.utils.auth_middleware - WARNING - Original error: Your default credentials were not found. To set up Application Default Credentials, see https://cloud.google.com/docs/authentication/external/set-up-adc for more information.
2025-12-08 03:50:16,472 - werkzeug - INFO - 127.0.0.1 - - [08/Dec/2025 03:50:16] "GET /api/user/profile HTTP/1.1" 200 -
2025-12-08 03:50:19,967 - app.utils.auth_middleware - WARNING - DEVELOPMENT MODE: Bypassing signature verification due to missing credentials.
2025-12-08 03:50:19,969 - app.utils.auth_middleware - WARNING - Original error: Your default credentials were not found. To set up Application Default Credentials, see https://cloud.google.com/docs/authentication/external/set-up-adc for more information.
2025-12-08 03:50:19,973 - werkzeug - INFO - 127.0.0.1 - - [08/Dec/2025 03:50:19] "GET /api/user/profile HTTP/1.1" 200 -
2025-12-08 03:55:47,399 - werkzeug - INFO - 127.0.0.1 - - [08/Dec/2025 03:55:47] "OPTIONS /api/user/profile HTTP/1.1" 200 -
2025-12-08 03:55:47,407 - werkzeug - INFO - 127.0.0.1 - - [08/Dec/2025 03:55:47] "OPTIONS /api/user/profile HTTP/1.1" 200 -
2025-12-08 03:55:47,410 - werkzeug - INFO - 127.0.0.1 - - [08/Dec/2025 03:55:47] "OPTIONS /api/user/profile HTTP/1.1" 200 -
2025-12-08 03:55:47,413 - werkzeug - INFO - 127.0.0.1 - - [08/Dec/2025 03:55:47] "OPTIONS /api/user/profile HTTP/1.1" 200 -
2025-12-08 03:55:50,798 - app.utils.auth_middleware - WARNING - DEVELOPMENT MODE: Bypassing signature verification due to missing credentials.
2025-12-08 03:55:50,798 - app.utils.auth_middleware - WARNING - Original error: Your default credentials were not found. To set up Application Default Credentials, see https://cloud.google.com/docs/authentication/external/set-up-adc for more information.
2025-12-08 03:55:50,799 - werkzeug - INFO - 127.0.0.1 - - [08/Dec/2025 03:55:50] "GET /api/user/profile HTTP/1.1" 200 -
2025-12-08 03:55:54,014 - app.utils.auth_middleware - WARNING - DEVELOPMENT MODE: Bypassing signature verification due to missing credentials.
2025-12-08 03:55:54,015 - app.utils.auth_middleware - WARNING - Original error: Your default credentials were not found. To set up Application Default Credentials, see https://cloud.google.com/docs/authentication/external/set-up-adc for more information.
2025-12-08 03:55:54,016 - werkzeug - INFO - 127.0.0.1 - - [08/Dec/2025 03:55:54] "GET /api/user/profile HTTP/1.1" 200 -
2025-12-08 03:55:57,445 - app.utils.auth_middleware - WARNING - DEVELOPMENT MODE: Bypassing signature verification due to missing credentials.
2025-12-08 03:55:57,446 - app.utils.auth_middleware - WARNING - Original error: Your default credentials were not found. To set up Application Default Credentials, see https://cloud.google.com/docs/authentication/external/set-up-adc for more information.
2025-12-08 03:55:57,449 - werkzeug - INFO - 127.0.0.1 - - [08/Dec/2025 03:55:57] "GET /api/user/profile HTTP/1.1" 200 -
2025-12-08 03:56:00,755 - app.utils.auth_middleware - WARNING - DEVELOPMENT MODE: Bypassing signature verification due to missing credentials.
2025-12-08 03:56:00,755 - app.utils.auth_middleware - WARNING - Original error: Your default credentials were not found. To set up Application Default Credentials, see https://cloud.google.com/docs/authentication/external/set-up-adc for more information.
2025-12-08 03:56:00,756 - werkzeug - INFO - 127.0.0.1 - - [08/Dec/2025 03:56:00] "GET /api/user/profile HTTP/1.1" 200 -
2025-12-08 03:56:03,845 - app.utils.auth_middleware - WARNING - DEVELOPMENT MODE: Bypassing signature verification due to missing credentials.
2025-12-08 03:56:03,846 - app.utils.auth_middleware - WARNING - Original error: Your default credentials were not found. To set up Application Default Credentials, see https://cloud.google.com/docs/authentication/external/set-up-adc for more information.
2025-12-08 03:56:03,848 - werkzeug - INFO - 127.0.0.1 - - [08/Dec/2025 03:56:03] "GET /api/user/profile HTTP/1.1" 200 -
2025-12-08 03:56:07,193 - app.utils.auth_middleware - WARNING - DEVELOPMENT MODE: Bypassing signature verification due to missing credentials.
2025-12-08 03:56:07,194 - app.utils.auth_middleware - WARNING - Original error: Your default credentials were not found. To set up Application Default Credentials, see https://cloud.google.com/docs/authentication/external/set-up-adc for more information.
2025-12-08 03:56:07,195 - werkzeug - INFO - 127.0.0.1 - - [08/Dec/2025 03:56:07] "GET /api/user/profile HTTP/1.1" 200 -
2025-12-08 03:56:16,974 - werkzeug - INFO - 127.0.0.1 - - [08/Dec/2025 03:56:16] "OPTIONS /api/user/profile HTTP/1.1" 200 -
2025-12-08 03:56:16,983 - werkzeug - INFO - 127.0.0.1 - - [08/Dec/2025 03:56:16] "OPTIONS /api/user/profile HTTP/1.1" 200 -
2025-12-08 03:56:17,003 - werkzeug - INFO - 127.0.0.1 - - [08/Dec/2025 03:56:17] "OPTIONS /api/admin/users HTTP/1.1" 200 -
2025-12-08 03:56:20,368 - app.utils.auth_middleware - WARNING - DEVELOPMENT MODE: Bypassing signature verification due to missing credentials.
2025-12-08 03:56:20,368 - app.utils.auth_middleware - WARNING - Original error: Your default credentials were not found. To set up Application Default Credentials, see https://cloud.google.com/docs/authentication/external/set-up-adc for more information.
2025-12-08 03:56:20,368 - werkzeug - INFO - 127.0.0.1 - - [08/Dec/2025 03:56:20] "GET /api/user/profile HTTP/1.1" 200 -
2025-12-08 03:56:23,439 - app.utils.auth_middleware - WARNING - DEVELOPMENT MODE: Bypassing signature verification due to missing credentials.
2025-12-08 03:56:23,440 - app.utils.auth_middleware - WARNING - Original error: Your default credentials were not found. To set up Application Default Credentials, see https://cloud.google.com/docs/authentication/external/set-up-adc for more information.
2025-12-08 03:56:23,442 - werkzeug - INFO - 127.0.0.1 - - [08/Dec/2025 03:56:23] "[31m[1mGET /api/admin/users HTTP/1.1[0m" 403 -
2025-12-08 03:56:26,452 - app.utils.auth_middleware - WARNING - DEVELOPMENT MODE: Bypassing signature verification due to missing credentials.
2025-12-08 03:56:26,453 - app.utils.auth_middleware - WARNING - Original error: Your default credentials were not found. To set up Application Default Credentials, see https://cloud.google.com/docs/authentication/external/set-up-adc for more information.
2025-12-08 03:56:26,455 - werkzeug - INFO - 127.0.0.1 - - [08/Dec/2025 03:56:26] "GET /api/user/profile HTTP/1.1" 200 -
2025-12-08 03:58:36,867 - werkzeug - INFO - 127.0.0.1 - - [08/Dec/2025 03:58:36] "OPTIONS /api/user/profile HTTP/1.1" 200 -
2025-12-08 03:58:40,034 - app.utils.auth_middleware - WARNING - DEVELOPMENT MODE: Bypassing signature verification due to missing credentials.
2025-12-08 03:58:40,035 - app.utils.auth_middleware - WARNING - Original error: Your default credentials were not found. To set up Application Default Credentials, see https://cloud.google.com/docs/authentication/external/set-up-adc for more information.
2025-12-08 03:58:40,038 - werkzeug - INFO - 127.0.0.1 - - [08/Dec/2025 03:58:40] "GET /api/user/profile HTTP/1.1" 200 -
2025-12-08 03:58:42,249 - werkzeug - INFO - 127.0.0.1 - - [08/Dec/2025 03:58:42] "OPTIONS /api/user/profile HTTP/1.1" 200 -
2025-12-08 03:58:42,565 - werkzeug - INFO - 127.0.0.1 - - [08/Dec/2025 03:58:42] "OPTIONS /api/user/profile HTTP/1.1" 200 -
2025-12-08 03:58:42,614 - werkzeug - INFO - 127.0.0.1 - - [08/Dec/2025 03:58:42] "OPTIONS /api/admin/users HTTP/1.1" 200 -
2025-12-08 03:58:45,577 - app.utils.auth_middleware - WARNING - DEVELOPMENT MODE: Bypassing signature verification due to missing credentials.
2025-12-08 03:58:45,578 - app.utils.auth_middleware - WARNING - Original error: Your default credentials were not found. To set up Application Default Credentials, see https://cloud.google.com/docs/authentication/external/set-up-adc for more information.
2025-12-08 03:58:45,579 - werkzeug - INFO - 127.0.0.1 - - [08/Dec/2025 03:58:45] "GET /api/user/profile HTTP/1.1" 200 -
2025-12-08 03:58:48,805 - app.utils.auth_middleware - WARNING - DEVELOPMENT MODE: Bypassing signature verification due to missing credentials.
2025-12-08 03:58:48,806 - app.utils.auth_middleware - WARNING - Original error: Your default credentials were not found. To set up Application Default Credentials, see https://cloud.google.com/docs/authentication/external/set-up-adc for more information.
2025-12-08 03:58:48,806 - werkzeug - INFO - 127.0.0.1 - - [08/Dec/2025 03:58:48] "[31m[1mGET /api/admin/users HTTP/1.1[0m" 403 -
2025-12-08 03:58:51,908 - app.utils.auth_middleware - WARNING - DEVELOPMENT MODE: Bypassing signature verification due to missing credentials.
2025-12-08 03:58:51,908 - app.utils.auth_middleware - WARNING - Original error: Your default credentials were not found. To set up Application Default Credentials, see https://cloud.google.com/docs/authentication/external/set-up-adc for more information.
2025-12-08 03:58:51,908 - werkzeug - INFO - 127.0.0.1 - - [08/Dec/2025 03:58:51] "GET /api/user/profile HTTP/1.1" 200 -
2025-12-08 04:02:33,699 - werkzeug - INFO -  * Detected change in 'D:\\Tek-UP\\5eme SDIA\\Projects\\SkinPredict\\api\\app\\routes\\admin_routes.py', reloading
2025-12-08 04:02:34,942 - werkzeug - INFO -  * Restarting with stat
2025-12-08 04:02:43,820 - app - INFO - Initializing utilities...
2025-12-08 04:02:43,854 - app.utils.image_processing - INFO - Face detection cascade loaded successfully
2025-12-08 04:02:43,854 - app - INFO - Initializing AI models...
2025-12-08 04:02:43,854 - app.models.skin_analysis_model - INFO - Attempting to load skin analysis model from: D:\Tek-UP\5eme SDIA\Projects\SkinPredict\api\models\multitask_skin_model.h5
2025-12-08 04:02:50,768 - absl - WARNING - Compiled the loaded model, but the compiled metrics have yet to be built. `model.compile_metrics` will be empty until you train or evaluate the model.
2025-12-08 04:02:50,768 - app.models.skin_analysis_model - INFO - Successfully loaded skin analysis model from: D:\Tek-UP\5eme SDIA\Projects\SkinPredict\api\models\multitask_skin_model.h5
2025-12-08 04:02:50,784 - app - INFO - FairFace model not configured - demographics will use defaults
2025-12-08 04:02:50,785 - app - INFO - Initializing business services...
2025-12-08 04:02:50,786 - app - INFO - All services initialized successfully
2025-12-08 04:02:50,789 - app.database - INFO - Database initialized successfully.
2025-12-08 04:02:50,789 - app - INFO - Database initialized successfully
2025-12-08 04:02:50,806 - app - ERROR - Agent initialization failed: No module named 'langchain_core'
2025-12-08 04:02:50,808 - app - INFO - All API blueprints registered successfully
2025-12-08 04:02:50,808 - app - INFO - SkinPredict API application created successfully
2025-12-08 04:02:50,808 - __main__ - INFO - Starting server on 0.0.0.0:5000
2025-12-08 04:02:50,808 - __main__ - INFO - Debug mode: True
2025-12-08 04:02:50,818 - __main__ - INFO - Environment: development
2025-12-08 04:02:50,831 - werkzeug - WARNING -  * Debugger is active!
2025-12-08 04:02:50,841 - werkzeug - INFO -  * Debugger PIN: 457-400-097
2025-12-08 04:02:52,067 - werkzeug - INFO - 127.0.0.1 - - [08/Dec/2025 04:02:52] "OPTIONS /api/admin/users HTTP/1.1" 200 -
2025-12-08 04:02:52,080 - werkzeug - INFO - 127.0.0.1 - - [08/Dec/2025 04:02:52] "OPTIONS /api/admin/users HTTP/1.1" 200 -
2025-12-08 04:02:52,083 - werkzeug - INFO - 127.0.0.1 - - [08/Dec/2025 04:02:52] "OPTIONS /api/admin/users HTTP/1.1" 200 -
2025-12-08 04:02:52,167 - app.utils.auth_middleware - INFO - Firebase Admin initialized with project ID: skincaregpt-4ef0d
2025-12-08 04:02:55,301 - app.utils.auth_middleware - WARNING - DEVELOPMENT MODE: Bypassing signature verification due to missing credentials.
2025-12-08 04:02:55,301 - app.utils.auth_middleware - WARNING - Original error: Your default credentials were not found. To set up Application Default Credentials, see https://cloud.google.com/docs/authentication/external/set-up-adc for more information.
2025-12-08 04:02:55,301 - werkzeug - INFO - 127.0.0.1 - - [08/Dec/2025 04:02:55] "[31m[1mGET /api/admin/users HTTP/1.1[0m" 403 -
2025-12-08 04:02:58,409 - app.utils.auth_middleware - WARNING - DEVELOPMENT MODE: Bypassing signature verification due to missing credentials.
2025-12-08 04:02:58,409 - app.utils.auth_middleware - WARNING - Original error: Your default credentials were not found. To set up Application Default Credentials, see https://cloud.google.com/docs/authentication/external/set-up-adc for more information.
2025-12-08 04:02:58,409 - werkzeug - INFO - 127.0.0.1 - - [08/Dec/2025 04:02:58] "[31m[1mGET /api/admin/users HTTP/1.1[0m" 403 -
2025-12-08 04:03:01,932 - app.utils.auth_middleware - WARNING - DEVELOPMENT MODE: Bypassing signature verification due to missing credentials.
2025-12-08 04:03:01,932 - app.utils.auth_middleware - WARNING - Original error: Your default credentials were not found. To set up Application Default Credentials, see https://cloud.google.com/docs/authentication/external/set-up-adc for more information.
2025-12-08 04:03:01,932 - werkzeug - INFO - 127.0.0.1 - - [08/Dec/2025 04:03:01] "[31m[1mGET /api/admin/users HTTP/1.1[0m" 403 -
2025-12-08 04:04:11,427 - werkzeug - INFO - 127.0.0.1 - - [08/Dec/2025 04:04:11] "OPTIONS /api/admin/users HTTP/1.1" 200 -
2025-12-08 04:04:14,804 - app.utils.auth_middleware - WARNING - DEVELOPMENT MODE: Bypassing signature verification due to missing credentials.
2025-12-08 04:04:14,804 - app.utils.auth_middleware - WARNING - Original error: Your default credentials were not found. To set up Application Default Credentials, see https://cloud.google.com/docs/authentication/external/set-up-adc for more information.
2025-12-08 04:04:14,804 - werkzeug - INFO - 127.0.0.1 - - [08/Dec/2025 04:04:14] "[31m[1mGET /api/admin/users HTTP/1.1[0m" 403 -
2025-12-08 04:07:24,916 - werkzeug - INFO - 127.0.0.1 - - [08/Dec/2025 04:07:24] "OPTIONS /api/user/profile HTTP/1.1" 200 -
2025-12-08 04:07:24,923 - werkzeug - INFO - 127.0.0.1 - - [08/Dec/2025 04:07:24] "OPTIONS /api/admin/users HTTP/1.1" 200 -
2025-12-08 04:07:28,117 - app.utils.auth_middleware - WARNING - DEVELOPMENT MODE: Bypassing signature verification due to missing credentials.
2025-12-08 04:07:28,117 - app.utils.auth_middleware - WARNING - Original error: Your default credentials were not found. To set up Application Default Credentials, see https://cloud.google.com/docs/authentication/external/set-up-adc for more information.
2025-12-08 04:07:28,121 - werkzeug - INFO - 127.0.0.1 - - [08/Dec/2025 04:07:28] "GET /api/user/profile HTTP/1.1" 200 -
2025-12-08 04:07:30,985 - app.utils.auth_middleware - WARNING - DEVELOPMENT MODE: Bypassing signature verification due to missing credentials.
2025-12-08 04:07:30,987 - app.utils.auth_middleware - WARNING - Original error: Your default credentials were not found. To set up Application Default Credentials, see https://cloud.google.com/docs/authentication/external/set-up-adc for more information.
2025-12-08 04:07:30,987 - werkzeug - INFO - 127.0.0.1 - - [08/Dec/2025 04:07:30] "[31m[1mGET /api/admin/users HTTP/1.1[0m" 403 -
2025-12-08 04:07:34,070 - werkzeug - INFO - 127.0.0.1 - - [08/Dec/2025 04:07:34] "OPTIONS /api/admin/users HTTP/1.1" 200 -
2025-12-08 04:07:37,374 - app.utils.auth_middleware - WARNING - DEVELOPMENT MODE: Bypassing signature verification due to missing credentials.
2025-12-08 04:07:37,375 - app.utils.auth_middleware - WARNING - Original error: Your default credentials were not found. To set up Application Default Credentials, see https://cloud.google.com/docs/authentication/external/set-up-adc for more information.
2025-12-08 04:07:37,376 - werkzeug - INFO - 127.0.0.1 - - [08/Dec/2025 04:07:37] "[31m[1mGET /api/admin/users HTTP/1.1[0m" 403 -
2025-12-08 04:07:41,167 - werkzeug - INFO - 127.0.0.1 - - [08/Dec/2025 04:07:41] "OPTIONS /api/user/profile HTTP/1.1" 200 -
2025-12-08 04:07:44,564 - app.utils.auth_middleware - WARNING - DEVELOPMENT MODE: Bypassing signature verification due to missing credentials.
2025-12-08 04:07:44,565 - app.utils.auth_middleware - WARNING - Original error: Your default credentials were not found. To set up Application Default Credentials, see https://cloud.google.com/docs/authentication/external/set-up-adc for more information.
2025-12-08 04:07:44,565 - werkzeug - INFO - 127.0.0.1 - - [08/Dec/2025 04:07:44] "GET /api/user/profile HTTP/1.1" 200 -
2025-12-08 04:07:45,428 - werkzeug - INFO - 127.0.0.1 - - [08/Dec/2025 04:07:45] "OPTIONS /api/admin/users HTTP/1.1" 200 -
2025-12-08 04:07:48,252 - app.utils.auth_middleware - WARNING - DEVELOPMENT MODE: Bypassing signature verification due to missing credentials.
2025-12-08 04:07:48,252 - app.utils.auth_middleware - WARNING - Original error: Your default credentials were not found. To set up Application Default Credentials, see https://cloud.google.com/docs/authentication/external/set-up-adc for more information.
2025-12-08 04:07:48,254 - werkzeug - INFO - 127.0.0.1 - - [08/Dec/2025 04:07:48] "GET /api/user/profile HTTP/1.1" 200 -
2025-12-08 04:07:51,073 - app.utils.auth_middleware - WARNING - DEVELOPMENT MODE: Bypassing signature verification due to missing credentials.
2025-12-08 04:07:51,074 - app.utils.auth_middleware - WARNING - Original error: Your default credentials were not found. To set up Application Default Credentials, see https://cloud.google.com/docs/authentication/external/set-up-adc for more information.
2025-12-08 04:07:51,075 - werkzeug - INFO - 127.0.0.1 - - [08/Dec/2025 04:07:51] "[31m[1mGET /api/admin/users HTTP/1.1[0m" 403 -
2025-12-08 04:07:54,128 - app.utils.auth_middleware - WARNING - DEVELOPMENT MODE: Bypassing signature verification due to missing credentials.
2025-12-08 04:07:54,128 - app.utils.auth_middleware - WARNING - Original error: Your default credentials were not found. To set up Application Default Credentials, see https://cloud.google.com/docs/authentication/external/set-up-adc for more information.
2025-12-08 04:07:54,129 - werkzeug - INFO - 127.0.0.1 - - [08/Dec/2025 04:07:54] "GET /api/user/profile HTTP/1.1" 200 -
2025-12-08 04:08:49,874 - werkzeug - INFO - 127.0.0.1 - - [08/Dec/2025 04:08:49] "OPTIONS /api/admin/create-professional HTTP/1.1" 200 -
2025-12-08 04:08:53,237 - app.utils.auth_middleware - WARNING - DEVELOPMENT MODE: Bypassing signature verification due to missing credentials.
2025-12-08 04:08:53,238 - app.utils.auth_middleware - WARNING - Original error: Your default credentials were not found. To set up Application Default Credentials, see https://cloud.google.com/docs/authentication/external/set-up-adc for more information.
2025-12-08 04:08:53,239 - werkzeug - INFO - 127.0.0.1 - - [08/Dec/2025 04:08:53] "[31m[1mPOST /api/admin/create-professional HTTP/1.1[0m" 403 -
2025-12-08 04:09:01,766 - werkzeug - INFO - 127.0.0.1 - - [08/Dec/2025 04:09:01] "OPTIONS /api/admin/users HTTP/1.1" 200 -
2025-12-08 04:09:05,296 - app.utils.auth_middleware - WARNING - DEVELOPMENT MODE: Bypassing signature verification due to missing credentials.
2025-12-08 04:09:05,296 - app.utils.auth_middleware - WARNING - Original error: Your default credentials were not found. To set up Application Default Credentials, see https://cloud.google.com/docs/authentication/external/set-up-adc for more information.
2025-12-08 04:09:05,297 - werkzeug - INFO - 127.0.0.1 - - [08/Dec/2025 04:09:05] "[31m[1mGET /api/admin/users HTTP/1.1[0m" 403 -
2025-12-08 04:10:41,339 - werkzeug - INFO - 127.0.0.1 - - [08/Dec/2025 04:10:41] "OPTIONS /api/user/profile HTTP/1.1" 200 -
2025-12-08 04:10:41,346 - werkzeug - INFO - 127.0.0.1 - - [08/Dec/2025 04:10:41] "OPTIONS /api/user/profile HTTP/1.1" 200 -
2025-12-08 04:10:44,664 - app.utils.auth_middleware - WARNING - DEVELOPMENT MODE: Bypassing signature verification due to missing credentials.
2025-12-08 04:10:44,665 - app.utils.auth_middleware - WARNING - Original error: Your default credentials were not found. To set up Application Default Credentials, see https://cloud.google.com/docs/authentication/external/set-up-adc for more information.
2025-12-08 04:10:44,665 - werkzeug - INFO - 127.0.0.1 - - [08/Dec/2025 04:10:44] "GET /api/user/profile HTTP/1.1" 200 -
2025-12-08 04:10:45,155 - werkzeug - INFO - 127.0.0.1 - - [08/Dec/2025 04:10:45] "OPTIONS /api/admin/users HTTP/1.1" 200 -
2025-12-08 04:10:47,919 - app.utils.auth_middleware - WARNING - DEVELOPMENT MODE: Bypassing signature verification due to missing credentials.
2025-12-08 04:10:47,920 - app.utils.auth_middleware - WARNING - Original error: Your default credentials were not found. To set up Application Default Credentials, see https://cloud.google.com/docs/authentication/external/set-up-adc for more information.
2025-12-08 04:10:47,922 - werkzeug - INFO - 127.0.0.1 - - [08/Dec/2025 04:10:47] "GET /api/user/profile HTTP/1.1" 200 -
2025-12-08 04:10:50,918 - app.utils.auth_middleware - WARNING - DEVELOPMENT MODE: Bypassing signature verification due to missing credentials.
2025-12-08 04:10:50,919 - app.utils.auth_middleware - WARNING - Original error: Your default credentials were not found. To set up Application Default Credentials, see https://cloud.google.com/docs/authentication/external/set-up-adc for more information.
2025-12-08 04:10:50,921 - werkzeug - INFO - 127.0.0.1 - - [08/Dec/2025 04:10:50] "[31m[1mGET /api/admin/users HTTP/1.1[0m" 403 -
2025-12-08 04:10:54,235 - app.utils.auth_middleware - WARNING - DEVELOPMENT MODE: Bypassing signature verification due to missing credentials.
2025-12-08 04:10:54,235 - app.utils.auth_middleware - WARNING - Original error: Your default credentials were not found. To set up Application Default Credentials, see https://cloud.google.com/docs/authentication/external/set-up-adc for more information.
2025-12-08 04:10:54,235 - werkzeug - INFO - 127.0.0.1 - - [08/Dec/2025 04:10:54] "GET /api/user/profile HTTP/1.1" 200 -
2025-12-08 04:10:57,482 - app.utils.auth_middleware - WARNING - DEVELOPMENT MODE: Bypassing signature verification due to missing credentials.
2025-12-08 04:10:57,483 - app.utils.auth_middleware - WARNING - Original error: Your default credentials were not found. To set up Application Default Credentials, see https://cloud.google.com/docs/authentication/external/set-up-adc for more information.
2025-12-08 04:10:57,486 - werkzeug - INFO - 127.0.0.1 - - [08/Dec/2025 04:10:57] "GET /api/user/profile HTTP/1.1" 200 -
2025-12-08 04:11:15,490 - werkzeug - INFO -  * Detected change in 'D:\\Tek-UP\\5eme SDIA\\Projects\\SkinPredict\\api\\app\\utils\\auth_middleware.py', reloading
2025-12-08 04:11:16,764 - werkzeug - INFO -  * Restarting with stat
2025-12-08 04:11:24,873 - app - INFO - Initializing utilities...
2025-12-08 04:11:24,899 - app.utils.image_processing - INFO - Face detection cascade loaded successfully
2025-12-08 04:11:24,899 - app - INFO - Initializing AI models...
2025-12-08 04:11:24,899 - app.models.skin_analysis_model - INFO - Attempting to load skin analysis model from: D:\Tek-UP\5eme SDIA\Projects\SkinPredict\api\models\multitask_skin_model.h5
2025-12-08 04:11:31,408 - absl - WARNING - Compiled the loaded model, but the compiled metrics have yet to be built. `model.compile_metrics` will be empty until you train or evaluate the model.
2025-12-08 04:11:31,408 - app.models.skin_analysis_model - INFO - Successfully loaded skin analysis model from: D:\Tek-UP\5eme SDIA\Projects\SkinPredict\api\models\multitask_skin_model.h5
2025-12-08 04:11:31,408 - app - INFO - FairFace model not configured - demographics will use defaults
2025-12-08 04:11:31,408 - app - INFO - Initializing business services...
2025-12-08 04:11:31,408 - app - INFO - All services initialized successfully
2025-12-08 04:11:31,420 - app.database - INFO - Database initialized successfully.
2025-12-08 04:11:31,420 - app - INFO - Database initialized successfully
2025-12-08 04:11:31,439 - app - ERROR - Agent initialization failed: No module named 'langchain_core'
2025-12-08 04:11:31,445 - app - INFO - All API blueprints registered successfully
2025-12-08 04:11:31,445 - app - INFO - SkinPredict API application created successfully
2025-12-08 04:11:31,445 - __main__ - INFO - Starting server on 0.0.0.0:5000
2025-12-08 04:11:31,445 - __main__ - INFO - Debug mode: True
2025-12-08 04:11:31,452 - __main__ - INFO - Environment: development
2025-12-08 04:11:31,469 - werkzeug - WARNING -  * Debugger is active!
2025-12-08 04:11:31,474 - werkzeug - INFO -  * Debugger PIN: 457-400-097
2025-12-08 04:11:37,906 - werkzeug - INFO -  * Detected change in 'D:\\Tek-UP\\5eme SDIA\\Projects\\SkinPredict\\api\\app\\utils\\auth_middleware.py', reloading
2025-12-08 04:11:39,192 - werkzeug - INFO -  * Restarting with stat
2025-12-08 04:11:48,113 - app - INFO - Initializing utilities...
2025-12-08 04:11:48,145 - app.utils.image_processing - INFO - Face detection cascade loaded successfully
2025-12-08 04:11:48,145 - app - INFO - Initializing AI models...
2025-12-08 04:11:48,145 - app.models.skin_analysis_model - INFO - Attempting to load skin analysis model from: D:\Tek-UP\5eme SDIA\Projects\SkinPredict\api\models\multitask_skin_model.h5
2025-12-08 04:11:55,357 - absl - WARNING - Compiled the loaded model, but the compiled metrics have yet to be built. `model.compile_metrics` will be empty until you train or evaluate the model.
2025-12-08 04:11:55,364 - app.models.skin_analysis_model - INFO - Successfully loaded skin analysis model from: D:\Tek-UP\5eme SDIA\Projects\SkinPredict\api\models\multitask_skin_model.h5
2025-12-08 04:11:55,365 - app - INFO - FairFace model not configured - demographics will use defaults
2025-12-08 04:11:55,365 - app - INFO - Initializing business services...
2025-12-08 04:11:55,366 - app - INFO - All services initialized successfully
2025-12-08 04:11:55,369 - app.database - INFO - Database initialized successfully.
2025-12-08 04:11:55,369 - app - INFO - Database initialized successfully
2025-12-08 04:11:55,390 - app - ERROR - Agent initialization failed: No module named 'langchain_core'
2025-12-08 04:11:55,400 - app - INFO - All API blueprints registered successfully
2025-12-08 04:11:55,401 - app - INFO - SkinPredict API application created successfully
2025-12-08 04:11:55,401 - __main__ - INFO - Starting server on 0.0.0.0:5000
2025-12-08 04:11:55,402 - __main__ - INFO - Debug mode: True
2025-12-08 04:11:55,402 - __main__ - INFO - Environment: development
2025-12-08 04:11:55,424 - werkzeug - WARNING -  * Debugger is active!
2025-12-08 04:11:55,438 - werkzeug - INFO -  * Debugger PIN: 457-400-097
2025-12-08 04:11:56,807 - werkzeug - INFO - 127.0.0.1 - - [08/Dec/2025 04:11:56] "OPTIONS /api/admin/users HTTP/1.1" 200 -
2025-12-08 04:11:56,810 - werkzeug - INFO - 127.0.0.1 - - [08/Dec/2025 04:11:56] "OPTIONS /api/admin/users HTTP/1.1" 200 -
2025-12-08 04:11:57,119 - app.utils.auth_middleware - INFO - Firebase Admin initialized with project ID: skincaregpt-4ef0d
2025-12-08 04:12:00,097 - app.utils.auth_middleware - WARNING - DEVELOPMENT MODE: Bypassing signature verification due to missing credentials.
2025-12-08 04:12:00,097 - app.utils.auth_middleware - WARNING - Original error: Your default credentials were not found. To set up Application Default Credentials, see https://cloud.google.com/docs/authentication/external/set-up-adc for more information.
2025-12-08 04:12:00,099 - app.utils.auth_middleware - INFO - Admin access granted via whitelist: admin@local.test
2025-12-08 04:12:00,101 - werkzeug - INFO - 127.0.0.1 - - [08/Dec/2025 04:12:00] "GET /api/admin/users HTTP/1.1" 200 -
2025-12-08 04:12:02,957 - app.utils.auth_middleware - WARNING - DEVELOPMENT MODE: Bypassing signature verification due to missing credentials.
2025-12-08 04:12:02,958 - app.utils.auth_middleware - WARNING - Original error: Your default credentials were not found. To set up Application Default Credentials, see https://cloud.google.com/docs/authentication/external/set-up-adc for more information.
2025-12-08 04:12:02,959 - app.utils.auth_middleware - INFO - Admin access granted via whitelist: admin@local.test
2025-12-08 04:12:02,962 - werkzeug - INFO - 127.0.0.1 - - [08/Dec/2025 04:12:02] "GET /api/admin/users HTTP/1.1" 200 -
2025-12-08 04:12:45,055 - app - INFO - Initializing utilities...
2025-12-08 04:12:45,084 - app.utils.image_processing - INFO - Face detection cascade loaded successfully
2025-12-08 04:12:45,084 - app - INFO - Initializing AI models...
2025-12-08 04:12:45,084 - app.models.skin_analysis_model - INFO - Attempting to load skin analysis model from: D:\Tek-UP\5eme SDIA\Projects\SkinPredict\api\models\multitask_skin_model.h5
2025-12-08 04:12:51,147 - absl - WARNING - Compiled the loaded model, but the compiled metrics have yet to be built. `model.compile_metrics` will be empty until you train or evaluate the model.
2025-12-08 04:12:51,147 - app.models.skin_analysis_model - INFO - Successfully loaded skin analysis model from: D:\Tek-UP\5eme SDIA\Projects\SkinPredict\api\models\multitask_skin_model.h5
2025-12-08 04:12:51,147 - app - INFO - FairFace model not configured - demographics will use defaults
2025-12-08 04:12:51,147 - app - INFO - Initializing business services...
2025-12-08 04:12:51,147 - app - INFO - All services initialized successfully
2025-12-08 04:12:51,158 - app.database - INFO - Database initialized successfully.
2025-12-08 04:12:51,159 - app - INFO - Database initialized successfully
2025-12-08 04:12:51,177 - app - ERROR - Agent initialization failed: No module named 'langchain_core'
2025-12-08 04:12:51,183 - app - INFO - All API blueprints registered successfully
2025-12-08 04:12:51,183 - app - INFO - SkinPredict API application created successfully
2025-12-08 04:12:51,183 - __main__ - INFO - Starting server on 0.0.0.0:5000
2025-12-08 04:12:51,183 - __main__ - INFO - Debug mode: True
2025-12-08 04:12:51,183 - __main__ - INFO - Environment: development
2025-12-08 04:12:52,175 - werkzeug - INFO - [31m[1mWARNING: This is a development server. Do not use it in a production deployment. Use a production WSGI server instead.[0m
 * Running on all addresses (0.0.0.0)
 * Running on http://127.0.0.1:5000
 * Running on http://192.168.1.11:5000
2025-12-08 04:12:52,175 - werkzeug - INFO - [33mPress CTRL+C to quit[0m
2025-12-08 04:12:52,185 - werkzeug - INFO -  * Restarting with stat
2025-12-08 04:12:59,363 - app - INFO - Initializing utilities...
2025-12-08 04:12:59,397 - app.utils.image_processing - INFO - Face detection cascade loaded successfully
2025-12-08 04:12:59,397 - app - INFO - Initializing AI models...
2025-12-08 04:12:59,397 - app.models.skin_analysis_model - INFO - Attempting to load skin analysis model from: D:\Tek-UP\5eme SDIA\Projects\SkinPredict\api\models\multitask_skin_model.h5
2025-12-08 04:13:05,846 - absl - WARNING - Compiled the loaded model, but the compiled metrics have yet to be built. `model.compile_metrics` will be empty until you train or evaluate the model.
2025-12-08 04:13:05,846 - app.models.skin_analysis_model - INFO - Successfully loaded skin analysis model from: D:\Tek-UP\5eme SDIA\Projects\SkinPredict\api\models\multitask_skin_model.h5
2025-12-08 04:13:05,846 - app - INFO - FairFace model not configured - demographics will use defaults
2025-12-08 04:13:05,846 - app - INFO - Initializing business services...
2025-12-08 04:13:05,846 - app - INFO - All services initialized successfully
2025-12-08 04:13:05,861 - app.database - INFO - Database initialized successfully.
2025-12-08 04:13:05,861 - app - INFO - Database initialized successfully
2025-12-08 04:13:05,881 - app - ERROR - Agent initialization failed: No module named 'langchain_core'
2025-12-08 04:13:05,885 - app - INFO - All API blueprints registered successfully
2025-12-08 04:13:05,885 - app - INFO - SkinPredict API application created successfully
2025-12-08 04:13:05,885 - __main__ - INFO - Starting server on 0.0.0.0:5000
2025-12-08 04:13:05,893 - __main__ - INFO - Debug mode: True
2025-12-08 04:13:05,893 - __main__ - INFO - Environment: development
2025-12-08 04:13:05,907 - werkzeug - WARNING -  * Debugger is active!
2025-12-08 04:13:05,917 - werkzeug - INFO -  * Debugger PIN: 457-400-097
2025-12-08 04:16:38,878 - werkzeug - INFO - 127.0.0.1 - - [08/Dec/2025 04:16:38] "OPTIONS /api/user/profile HTTP/1.1" 200 -
2025-12-08 04:16:38,884 - werkzeug - INFO - 127.0.0.1 - - [08/Dec/2025 04:16:38] "OPTIONS /api/admin/users HTTP/1.1" 200 -
2025-12-08 04:16:39,146 - app.utils.auth_middleware - INFO - Firebase Admin initialized with project ID: skincaregpt-4ef0d
2025-12-08 04:16:42,125 - app.utils.auth_middleware - WARNING - DEVELOPMENT MODE: Bypassing signature verification due to missing credentials.
2025-12-08 04:16:42,126 - app.utils.auth_middleware - WARNING - Original error: Your default credentials were not found. To set up Application Default Credentials, see https://cloud.google.com/docs/authentication/external/set-up-adc for more information.
2025-12-08 04:16:42,130 - werkzeug - INFO - 127.0.0.1 - - [08/Dec/2025 04:16:42] "GET /api/user/profile HTTP/1.1" 200 -
2025-12-08 04:16:45,178 - app.utils.auth_middleware - WARNING - DEVELOPMENT MODE: Bypassing signature verification due to missing credentials.
2025-12-08 04:16:45,179 - app.utils.auth_middleware - WARNING - Original error: Your default credentials were not found. To set up Application Default Credentials, see https://cloud.google.com/docs/authentication/external/set-up-adc for more information.
2025-12-08 04:16:45,180 - app.utils.auth_middleware - INFO - Admin access granted via whitelist: admin@local.test
2025-12-08 04:16:45,180 - werkzeug - INFO - 127.0.0.1 - - [08/Dec/2025 04:16:45] "GET /api/admin/users HTTP/1.1" 200 -
2025-12-08 04:17:17,018 - werkzeug - INFO - 127.0.0.1 - - [08/Dec/2025 04:17:17] "OPTIONS /api/admin/create-professional HTTP/1.1" 200 -
2025-12-08 04:17:20,213 - app.utils.auth_middleware - WARNING - DEVELOPMENT MODE: Bypassing signature verification due to missing credentials.
2025-12-08 04:17:20,214 - app.utils.auth_middleware - WARNING - Original error: Your default credentials were not found. To set up Application Default Credentials, see https://cloud.google.com/docs/authentication/external/set-up-adc for more information.
2025-12-08 04:17:20,214 - app.utils.auth_middleware - INFO - Admin access granted via whitelist: admin@local.test
2025-12-08 04:17:23,446 - werkzeug - INFO - 127.0.0.1 - - [08/Dec/2025 04:17:23] "[31m[1mPOST /api/admin/create-professional HTTP/1.1[0m" 400 -
2025-12-08 04:17:34,480 - werkzeug - INFO - 127.0.0.1 - - [08/Dec/2025 04:17:34] "OPTIONS /api/admin/users HTTP/1.1" 200 -
2025-12-08 04:17:37,787 - app.utils.auth_middleware - WARNING - DEVELOPMENT MODE: Bypassing signature verification due to missing credentials.
2025-12-08 04:17:37,788 - app.utils.auth_middleware - WARNING - Original error: Your default credentials were not found. To set up Application Default Credentials, see https://cloud.google.com/docs/authentication/external/set-up-adc for more information.
2025-12-08 04:17:37,789 - app.utils.auth_middleware - INFO - Admin access granted via whitelist: admin@local.test
2025-12-08 04:17:37,792 - werkzeug - INFO - 127.0.0.1 - - [08/Dec/2025 04:17:37] "GET /api/admin/users HTTP/1.1" 200 -
2025-12-08 04:20:27,826 - werkzeug - INFO -  * Detected change in 'D:\\Tek-UP\\5eme SDIA\\Projects\\SkinPredict\\api\\app\\routes\\admin_routes.py', reloading
2025-12-08 04:20:29,444 - werkzeug - INFO -  * Restarting with stat
2025-12-08 04:20:40,490 - app - INFO - Initializing utilities...
2025-12-08 04:20:40,548 - app.utils.image_processing - INFO - Face detection cascade loaded successfully
2025-12-08 04:20:40,548 - app - INFO - Initializing AI models...
2025-12-08 04:20:40,549 - app.models.skin_analysis_model - INFO - Attempting to load skin analysis model from: D:\Tek-UP\5eme SDIA\Projects\SkinPredict\api\models\multitask_skin_model.h5
2025-12-08 04:20:49,564 - absl - WARNING - Compiled the loaded model, but the compiled metrics have yet to be built. `model.compile_metrics` will be empty until you train or evaluate the model.
2025-12-08 04:20:49,580 - app.models.skin_analysis_model - INFO - Successfully loaded skin analysis model from: D:\Tek-UP\5eme SDIA\Projects\SkinPredict\api\models\multitask_skin_model.h5
2025-12-08 04:20:49,580 - app - INFO - FairFace model not configured - demographics will use defaults
2025-12-08 04:20:49,580 - app - INFO - Initializing business services...
2025-12-08 04:20:49,580 - app - INFO - All services initialized successfully
2025-12-08 04:20:49,590 - app.database - INFO - Database initialized successfully.
2025-12-08 04:20:49,590 - app - INFO - Database initialized successfully
2025-12-08 04:20:49,610 - app - ERROR - Agent initialization failed: No module named 'langchain_core'
2025-12-08 04:20:49,618 - app - INFO - All API blueprints registered successfully
2025-12-08 04:20:49,618 - app - INFO - SkinPredict API application created successfully
2025-12-08 04:20:49,618 - __main__ - INFO - Starting server on 0.0.0.0:5000
2025-12-08 04:20:49,618 - __main__ - INFO - Debug mode: True
2025-12-08 04:20:49,618 - __main__ - INFO - Environment: development
2025-12-08 04:20:49,641 - werkzeug - WARNING -  * Debugger is active!
2025-12-08 04:20:49,653 - werkzeug - INFO -  * Debugger PIN: 457-400-097
2025-12-08 04:25:24,992 - werkzeug - INFO -  * Detected change in 'D:\\Tek-UP\\5eme SDIA\\Projects\\SkinPredict\\api\\app\\routes\\admin_routes.py', reloading
2025-12-08 04:25:26,376 - werkzeug - INFO -  * Restarting with stat
2025-12-08 04:25:35,466 - app - INFO - Initializing utilities...
2025-12-08 04:25:35,509 - app.utils.image_processing - INFO - Face detection cascade loaded successfully
2025-12-08 04:25:35,510 - app - INFO - Initializing AI models...
2025-12-08 04:25:35,510 - app.models.skin_analysis_model - INFO - Attempting to load skin analysis model from: D:\Tek-UP\5eme SDIA\Projects\SkinPredict\api\models\multitask_skin_model.h5
2025-12-08 04:25:43,455 - absl - WARNING - Compiled the loaded model, but the compiled metrics have yet to be built. `model.compile_metrics` will be empty until you train or evaluate the model.
2025-12-08 04:25:43,463 - app.models.skin_analysis_model - INFO - Successfully loaded skin analysis model from: D:\Tek-UP\5eme SDIA\Projects\SkinPredict\api\models\multitask_skin_model.h5
2025-12-08 04:25:43,464 - app - INFO - FairFace model not configured - demographics will use defaults
2025-12-08 04:25:43,464 - app - INFO - Initializing business services...
2025-12-08 04:25:43,465 - app - INFO - All services initialized successfully
2025-12-08 04:25:43,468 - app.database - INFO - Database initialized successfully.
2025-12-08 04:25:43,469 - app - INFO - Database initialized successfully
2025-12-08 04:25:43,493 - app - ERROR - Agent initialization failed: No module named 'langchain_core'
2025-12-08 04:25:43,505 - app - INFO - All API blueprints registered successfully
2025-12-08 04:25:43,506 - app - INFO - SkinPredict API application created successfully
2025-12-08 04:25:43,506 - __main__ - INFO - Starting server on 0.0.0.0:5000
2025-12-08 04:25:43,506 - __main__ - INFO - Debug mode: True
2025-12-08 04:25:43,507 - __main__ - INFO - Environment: development
2025-12-08 04:25:43,526 - werkzeug - WARNING -  * Debugger is active!
2025-12-08 04:25:43,538 - werkzeug - INFO -  * Debugger PIN: 457-400-097
2025-12-08 04:26:23,769 - werkzeug - INFO - 127.0.0.1 - - [08/Dec/2025 04:26:23] "OPTIONS /api/admin/create-professional HTTP/1.1" 200 -
2025-12-08 04:26:24,132 - app.utils.auth_middleware - INFO - Firebase Admin initialized with credentials file
2025-12-08 04:26:25,415 - app.utils.auth_middleware - INFO - Admin access granted via whitelist: admin@local.test
2025-12-08 04:26:28,295 - werkzeug - INFO - 127.0.0.1 - - [08/Dec/2025 04:26:28] "[35m[1mPOST /api/admin/create-professional HTTP/1.1[0m" 201 -
2025-12-08 04:26:31,113 - werkzeug - INFO - 127.0.0.1 - - [08/Dec/2025 04:26:31] "OPTIONS /api/admin/users HTTP/1.1" 200 -
2025-12-08 04:26:31,436 - werkzeug - INFO - 127.0.0.1 - - [08/Dec/2025 04:26:31] "OPTIONS /api/admin/users HTTP/1.1" 200 -
2025-12-08 04:26:31,442 - app.utils.auth_middleware - INFO - Admin access granted via whitelist: admin@local.test
2025-12-08 04:26:31,445 - werkzeug - INFO - 127.0.0.1 - - [08/Dec/2025 04:26:31] "GET /api/admin/users HTTP/1.1" 200 -
2025-12-08 04:26:31,694 - app.utils.auth_middleware - INFO - Admin access granted via whitelist: admin@local.test
2025-12-08 04:26:31,694 - werkzeug - INFO - 127.0.0.1 - - [08/Dec/2025 04:26:31] "GET /api/admin/users HTTP/1.1" 200 -
2025-12-08 04:34:24,430 - werkzeug - INFO -  * Detected change in 'D:\\Tek-UP\\5eme SDIA\\Projects\\SkinPredict\\api\\app\\routes\\admin_routes.py', reloading
2025-12-08 04:34:25,848 - werkzeug - INFO -  * Restarting with stat
2025-12-08 04:53:04,629 - app - INFO - Initializing utilities...
2025-12-08 04:53:04,666 - app.utils.image_processing - INFO - Face detection cascade loaded successfully
2025-12-08 04:53:04,666 - app - INFO - Initializing AI models...
2025-12-08 04:53:04,666 - app.models.skin_analysis_model - INFO - Attempting to load skin analysis model from: D:\Tek-UP\5eme SDIA\Projects\SkinPredict\api\models\multitask_skin_model.h5
2025-12-08 04:53:11,497 - absl - WARNING - Compiled the loaded model, but the compiled metrics have yet to be built. `model.compile_metrics` will be empty until you train or evaluate the model.
2025-12-08 04:53:11,509 - app.models.skin_analysis_model - INFO - Successfully loaded skin analysis model from: D:\Tek-UP\5eme SDIA\Projects\SkinPredict\api\models\multitask_skin_model.h5
2025-12-08 04:53:11,510 - app - INFO - FairFace model not configured - demographics will use defaults
2025-12-08 04:53:11,510 - app - INFO - Initializing business services...
2025-12-08 04:53:11,511 - app - INFO - All services initialized successfully
2025-12-08 04:53:11,514 - app.database - INFO - Database initialized successfully.
2025-12-08 04:53:11,514 - app - INFO - Database initialized successfully
2025-12-08 04:53:11,539 - app - ERROR - Agent initialization failed: No module named 'langchain_core'
2025-12-08 04:53:11,552 - app - INFO - All API blueprints registered successfully
2025-12-08 04:53:11,552 - app - INFO - SkinPredict API application created successfully
2025-12-08 04:53:11,552 - __main__ - INFO - Starting server on 0.0.0.0:5000
2025-12-08 04:53:11,553 - __main__ - INFO - Debug mode: True
2025-12-08 04:53:11,553 - __main__ - INFO - Environment: development
2025-12-08 04:53:12,477 - werkzeug - INFO - [31m[1mWARNING: This is a development server. Do not use it in a production deployment. Use a production WSGI server instead.[0m
 * Running on all addresses (0.0.0.0)
 * Running on http://127.0.0.1:5000
 * Running on http://192.168.1.11:5000
2025-12-08 04:53:12,478 - werkzeug - INFO - [33mPress CTRL+C to quit[0m
2025-12-08 04:53:12,484 - werkzeug - INFO -  * Restarting with stat
2025-12-08 04:53:20,477 - app - INFO - Initializing utilities...
2025-12-08 04:53:20,517 - app.utils.image_processing - INFO - Face detection cascade loaded successfully
2025-12-08 04:53:20,517 - app - INFO - Initializing AI models...
2025-12-08 04:53:20,522 - app.models.skin_analysis_model - INFO - Attempting to load skin analysis model from: D:\Tek-UP\5eme SDIA\Projects\SkinPredict\api\models\multitask_skin_model.h5
2025-12-08 04:53:27,126 - absl - WARNING - Compiled the loaded model, but the compiled metrics have yet to be built. `model.compile_metrics` will be empty until you train or evaluate the model.
2025-12-08 04:53:27,126 - app.models.skin_analysis_model - INFO - Successfully loaded skin analysis model from: D:\Tek-UP\5eme SDIA\Projects\SkinPredict\api\models\multitask_skin_model.h5
2025-12-08 04:53:27,126 - app - INFO - FairFace model not configured - demographics will use defaults
2025-12-08 04:53:27,126 - app - INFO - Initializing business services...
2025-12-08 04:53:27,126 - app - INFO - All services initialized successfully
2025-12-08 04:53:27,142 - app.database - INFO - Database initialized successfully.
2025-12-08 04:53:27,143 - app - INFO - Database initialized successfully
2025-12-08 04:53:27,168 - app - ERROR - Agent initialization failed: No module named 'langchain_core'
2025-12-08 04:53:27,181 - app - INFO - All API blueprints registered successfully
2025-12-08 04:53:27,181 - app - INFO - SkinPredict API application created successfully
2025-12-08 04:53:27,182 - __main__ - INFO - Starting server on 0.0.0.0:5000
2025-12-08 04:53:27,184 - __main__ - INFO - Debug mode: True
2025-12-08 04:53:27,184 - __main__ - INFO - Environment: development
2025-12-08 04:53:27,202 - werkzeug - WARNING -  * Debugger is active!
2025-12-08 04:53:27,211 - werkzeug - INFO -  * Debugger PIN: 457-400-097
2025-12-08 04:53:28,225 - werkzeug - INFO - 127.0.0.1 - - [08/Dec/2025 04:53:28] "GET /health HTTP/1.1" 200 -
2025-12-08 04:53:28,241 - werkzeug - INFO - 127.0.0.1 - - [08/Dec/2025 04:53:28] "GET /health HTTP/1.1" 200 -
2025-12-08 04:53:28,242 - werkzeug - INFO - 127.0.0.1 - - [08/Dec/2025 04:53:28] "GET /health HTTP/1.1" 200 -
2025-12-08 04:53:28,246 - werkzeug - INFO - 127.0.0.1 - - [08/Dec/2025 04:53:28] "GET /health HTTP/1.1" 200 -
2025-12-08 04:53:28,573 - werkzeug - INFO - 127.0.0.1 - - [08/Dec/2025 04:53:28] "GET /health HTTP/1.1" 200 -
2025-12-08 04:53:33,550 - werkzeug - INFO - 127.0.0.1 - - [08/Dec/2025 04:53:33] "GET /health HTTP/1.1" 200 -
2025-12-08 04:53:33,880 - werkzeug - INFO - 127.0.0.1 - - [08/Dec/2025 04:53:33] "GET /health HTTP/1.1" 200 -
2025-12-08 04:53:34,239 - werkzeug - INFO - 127.0.0.1 - - [08/Dec/2025 04:53:34] "GET /health HTTP/1.1" 200 -
2025-12-08 04:54:03,910 - werkzeug - INFO - 127.0.0.1 - - [08/Dec/2025 04:54:03] "GET /health HTTP/1.1" 200 -
2025-12-08 04:54:07,530 - werkzeug - INFO - 127.0.0.1 - - [08/Dec/2025 04:54:07] "OPTIONS /api/user/profile HTTP/1.1" 200 -
2025-12-08 04:54:07,535 - werkzeug - INFO - 127.0.0.1 - - [08/Dec/2025 04:54:07] "OPTIONS /api/user/profile HTTP/1.1" 200 -
2025-12-08 04:54:07,537 - werkzeug - INFO - 127.0.0.1 - - [08/Dec/2025 04:54:07] "OPTIONS /api/user/profile HTTP/1.1" 200 -
2025-12-08 04:54:07,782 - werkzeug - INFO - 127.0.0.1 - - [08/Dec/2025 04:54:07] "GET /health HTTP/1.1" 200 -
2025-12-08 04:54:07,953 - app.utils.auth_middleware - INFO - Firebase Admin initialized with credentials file
2025-12-08 04:54:07,956 - werkzeug - INFO - 127.0.0.1 - - [08/Dec/2025 04:54:07] "GET /health HTTP/1.1" 200 -
2025-12-08 04:54:08,097 - werkzeug - INFO - 127.0.0.1 - - [08/Dec/2025 04:54:08] "GET /health HTTP/1.1" 200 -
2025-12-08 04:54:09,021 - werkzeug - INFO - 127.0.0.1 - - [08/Dec/2025 04:54:09] "GET /api/user/profile HTTP/1.1" 200 -
2025-12-08 04:54:09,029 - werkzeug - INFO - 127.0.0.1 - - [08/Dec/2025 04:54:09] "GET /api/user/profile HTTP/1.1" 200 -
2025-12-08 04:54:09,346 - werkzeug - INFO - 127.0.0.1 - - [08/Dec/2025 04:54:09] "GET /api/user/profile HTTP/1.1" 200 -
2025-12-08 04:54:09,664 - werkzeug - INFO - 127.0.0.1 - - [08/Dec/2025 04:54:09] "GET /api/user/profile HTTP/1.1" 200 -
2025-12-08 04:54:09,983 - werkzeug - INFO - 127.0.0.1 - - [08/Dec/2025 04:54:09] "GET /api/user/profile HTTP/1.1" 200 -
2025-12-08 04:54:10,939 - werkzeug - INFO - 127.0.0.1 - - [08/Dec/2025 04:54:10] "GET /health HTTP/1.1" 200 -
2025-12-08 04:54:11,215 - werkzeug - INFO - 127.0.0.1 - - [08/Dec/2025 04:54:11] "GET /health HTTP/1.1" 200 -
2025-12-08 04:54:11,279 - werkzeug - INFO - 127.0.0.1 - - [08/Dec/2025 04:54:11] "GET /api/professional/scans?status=pending HTTP/1.1" 200 -
2025-12-08 04:54:11,571 - werkzeug - INFO - 127.0.0.1 - - [08/Dec/2025 04:54:11] "GET /health HTTP/1.1" 200 -
2025-12-08 04:54:11,598 - werkzeug - INFO - 127.0.0.1 - - [08/Dec/2025 04:54:11] "GET /api/professional/stats HTTP/1.1" 200 -
2025-12-08 04:54:11,608 - werkzeug - INFO - 127.0.0.1 - - [08/Dec/2025 04:54:11] "GET /api/user/profile HTTP/1.1" 200 -
2025-12-08 04:54:11,626 - werkzeug - INFO - 127.0.0.1 - - [08/Dec/2025 04:54:11] "GET /api/professional/scans?status=pending HTTP/1.1" 200 -
2025-12-08 04:54:11,912 - werkzeug - INFO - 127.0.0.1 - - [08/Dec/2025 04:54:11] "GET /api/professional/stats HTTP/1.1" 200 -
2025-12-08 04:54:11,933 - werkzeug - INFO - 127.0.0.1 - - [08/Dec/2025 04:54:11] "GET /api/user/profile HTTP/1.1" 200 -
2025-12-08 04:54:11,942 - werkzeug - INFO - 127.0.0.1 - - [08/Dec/2025 04:54:11] "GET /api/professional/scans?status=pending HTTP/1.1" 200 -
2025-12-08 04:54:12,251 - werkzeug - INFO - 127.0.0.1 - - [08/Dec/2025 04:54:12] "GET /api/professional/stats HTTP/1.1" 200 -
2025-12-08 04:54:12,257 - werkzeug - INFO - 127.0.0.1 - - [08/Dec/2025 04:54:12] "GET /api/professional/scans?status=pending HTTP/1.1" 200 -
2025-12-08 04:54:12,570 - werkzeug - INFO - 127.0.0.1 - - [08/Dec/2025 04:54:12] "GET /api/professional/stats HTTP/1.1" 200 -
2025-12-08 04:54:24,694 - werkzeug - INFO - 127.0.0.1 - - [08/Dec/2025 04:54:24] "GET /api/professional/export HTTP/1.1" 200 -
2025-12-08 04:54:24,942 - werkzeug - INFO - 127.0.0.1 - - [08/Dec/2025 04:54:24] "[33mGET /favicon.ico HTTP/1.1[0m" 404 -
2025-12-08 04:54:41,585 - werkzeug - INFO - 127.0.0.1 - - [08/Dec/2025 04:54:41] "GET /health HTTP/1.1" 200 -
2025-12-08 04:55:11,273 - werkzeug - INFO - 127.0.0.1 - - [08/Dec/2025 04:55:11] "GET /health HTTP/1.1" 200 -
2025-12-08 04:55:41,579 - werkzeug - INFO - 127.0.0.1 - - [08/Dec/2025 04:55:41] "GET /health HTTP/1.1" 200 -
2025-12-08 04:56:09,471 - werkzeug - INFO - 127.0.0.1 - - [08/Dec/2025 04:56:09] "GET /api/professional/scans?status=all HTTP/1.1" 200 -
2025-12-08 04:56:09,779 - werkzeug - INFO - 127.0.0.1 - - [08/Dec/2025 04:56:09] "GET /api/professional/stats HTTP/1.1" 200 -
2025-12-08 04:56:11,004 - werkzeug - INFO - 127.0.0.1 - - [08/Dec/2025 04:56:11] "GET /api/professional/scans?status=pending HTTP/1.1" 200 -
2025-12-08 04:56:11,010 - werkzeug - INFO - 127.0.0.1 - - [08/Dec/2025 04:56:11] "GET /api/professional/stats HTTP/1.1" 200 -
2025-12-08 04:56:11,261 - werkzeug - INFO - 127.0.0.1 - - [08/Dec/2025 04:56:11] "GET /health HTTP/1.1" 200 -
2025-12-08 04:56:21,949 - werkzeug - INFO - 127.0.0.1 - - [08/Dec/2025 04:56:21] "GET /health HTTP/1.1" 200 -
2025-12-08 04:56:22,273 - werkzeug - INFO - 127.0.0.1 - - [08/Dec/2025 04:56:22] "GET /health HTTP/1.1" 200 -
2025-12-08 04:56:22,606 - werkzeug - INFO - 127.0.0.1 - - [08/Dec/2025 04:56:22] "GET /health HTTP/1.1" 200 -
2025-12-08 04:56:22,614 - werkzeug - INFO - 127.0.0.1 - - [08/Dec/2025 04:56:22] "OPTIONS /api/user/profile HTTP/1.1" 200 -
2025-12-08 04:56:22,623 - werkzeug - INFO - 127.0.0.1 - - [08/Dec/2025 04:56:22] "OPTIONS /api/user/profile HTTP/1.1" 200 -
2025-12-08 04:56:22,858 - werkzeug - INFO - 127.0.0.1 - - [08/Dec/2025 04:56:22] "GET /api/user/profile HTTP/1.1" 200 -
2025-12-08 04:56:22,940 - werkzeug - INFO - 127.0.0.1 - - [08/Dec/2025 04:56:22] "GET /api/user/profile HTTP/1.1" 200 -
2025-12-08 04:56:23,275 - werkzeug - INFO - 127.0.0.1 - - [08/Dec/2025 04:56:23] "GET /health HTTP/1.1" 200 -
2025-12-08 04:56:23,606 - werkzeug - INFO - 127.0.0.1 - - [08/Dec/2025 04:56:23] "GET /health HTTP/1.1" 200 -
2025-12-08 04:56:23,939 - werkzeug - INFO - 127.0.0.1 - - [08/Dec/2025 04:56:23] "GET /api/professional/scans?status=pending HTTP/1.1" 200 -
2025-12-08 04:56:23,939 - werkzeug - INFO - 127.0.0.1 - - [08/Dec/2025 04:56:23] "GET /health HTTP/1.1" 200 -
2025-12-08 04:56:23,952 - werkzeug - INFO - 127.0.0.1 - - [08/Dec/2025 04:56:23] "GET /api/professional/stats HTTP/1.1" 200 -
2025-12-08 04:56:23,959 - werkzeug - INFO - 127.0.0.1 - - [08/Dec/2025 04:56:23] "GET /api/user/profile HTTP/1.1" 200 -
2025-12-08 04:56:24,195 - werkzeug - INFO - 127.0.0.1 - - [08/Dec/2025 04:56:24] "GET /api/professional/scans?status=pending HTTP/1.1" 200 -
2025-12-08 04:56:24,261 - werkzeug - INFO - 127.0.0.1 - - [08/Dec/2025 04:56:24] "GET /api/professional/stats HTTP/1.1" 200 -
2025-12-08 04:56:24,274 - werkzeug - INFO - 127.0.0.1 - - [08/Dec/2025 04:56:24] "GET /api/professional/scans?status=pending HTTP/1.1" 200 -
2025-12-08 04:56:24,277 - werkzeug - INFO - 127.0.0.1 - - [08/Dec/2025 04:56:24] "GET /api/user/profile HTTP/1.1" 200 -
2025-12-08 04:56:24,510 - werkzeug - INFO - 127.0.0.1 - - [08/Dec/2025 04:56:24] "GET /api/professional/stats HTTP/1.1" 200 -
2025-12-08 04:56:24,575 - werkzeug - INFO - 127.0.0.1 - - [08/Dec/2025 04:56:24] "GET /api/professional/scans?status=pending HTTP/1.1" 200 -
2025-12-08 04:56:24,595 - werkzeug - INFO - 127.0.0.1 - - [08/Dec/2025 04:56:24] "GET /api/professional/stats HTTP/1.1" 200 -
2025-12-08 04:56:54,260 - werkzeug - INFO - 127.0.0.1 - - [08/Dec/2025 04:56:54] "GET /health HTTP/1.1" 200 -
2025-12-08 04:57:24,585 - werkzeug - INFO - 127.0.0.1 - - [08/Dec/2025 04:57:24] "GET /health HTTP/1.1" 200 -
2025-12-08 04:57:54,263 - werkzeug - INFO - 127.0.0.1 - - [08/Dec/2025 04:57:54] "GET /health HTTP/1.1" 200 -
2025-12-08 04:58:24,563 - werkzeug - INFO - 127.0.0.1 - - [08/Dec/2025 04:58:24] "GET /health HTTP/1.1" 200 -
2025-12-08 04:58:54,263 - werkzeug - INFO - 127.0.0.1 - - [08/Dec/2025 04:58:54] "GET /health HTTP/1.1" 200 -
2025-12-08 04:59:24,582 - werkzeug - INFO - 127.0.0.1 - - [08/Dec/2025 04:59:24] "GET /health HTTP/1.1" 200 -
2025-12-08 05:00:40,615 - werkzeug - INFO - 127.0.0.1 - - [08/Dec/2025 05:00:40] "GET /health HTTP/1.1" 200 -
2025-12-08 05:01:40,304 - werkzeug - INFO - 127.0.0.1 - - [08/Dec/2025 05:01:40] "GET /health HTTP/1.1" 200 -
2025-12-08 05:02:04,273 - werkzeug - INFO - 127.0.0.1 - - [08/Dec/2025 05:02:04] "GET /health HTTP/1.1" 200 -
2025-12-08 05:02:06,941 - werkzeug - INFO - 127.0.0.1 - - [08/Dec/2025 05:02:06] "GET /health HTTP/1.1" 200 -
2025-12-08 05:02:07,531 - werkzeug - INFO - 127.0.0.1 - - [08/Dec/2025 05:02:07] "GET /api/professional/scans?status=pending HTTP/1.1" 200 -
2025-12-08 05:02:07,540 - werkzeug - INFO - 127.0.0.1 - - [08/Dec/2025 05:02:07] "GET /api/professional/stats HTTP/1.1" 200 -
2025-12-08 05:02:07,541 - werkzeug - INFO - 127.0.0.1 - - [08/Dec/2025 05:02:07] "GET /health HTTP/1.1" 200 -
2025-12-08 05:02:07,767 - werkzeug - INFO - 127.0.0.1 - - [08/Dec/2025 05:02:07] "OPTIONS /api/user/profile HTTP/1.1" 200 -
2025-12-08 05:02:07,770 - werkzeug - INFO - 127.0.0.1 - - [08/Dec/2025 05:02:07] "OPTIONS /api/user/profile HTTP/1.1" 200 -
2025-12-08 05:02:07,791 - werkzeug - INFO - 127.0.0.1 - - [08/Dec/2025 05:02:07] "GET /api/professional/scans?status=pending HTTP/1.1" 200 -
2025-12-08 05:02:07,849 - werkzeug - INFO - 127.0.0.1 - - [08/Dec/2025 05:02:07] "GET /api/professional/stats HTTP/1.1" 200 -
2025-12-08 05:02:08,084 - werkzeug - INFO - 127.0.0.1 - - [08/Dec/2025 05:02:08] "GET /api/user/profile HTTP/1.1" 200 -
2025-12-08 05:02:08,091 - werkzeug - ERROR - Error on request:
Traceback (most recent call last):
  File "D:\Tek-UP\5eme SDIA\Projects\SkinPredict\api\venv\Lib\site-packages\werkzeug\serving.py", line 370, in run_wsgi
    execute(self.server.app)
  File "D:\Tek-UP\5eme SDIA\Projects\SkinPredict\api\venv\Lib\site-packages\werkzeug\serving.py", line 355, in execute
    data = self.rfile.read(10_000_000)
           ^^^^^^^^^^^^^^^^^^^^^^^^^^^
MemoryError
2025-12-08 05:02:08,100 - werkzeug - INFO - 127.0.0.1 - - [08/Dec/2025 05:02:08] "GET /api/professional/scans?status=pending HTTP/1.1" 200 -
2025-12-08 05:02:08,168 - werkzeug - INFO - 127.0.0.1 - - [08/Dec/2025 05:02:08] "GET /api/professional/stats HTTP/1.1" 200 -
2025-12-08 05:02:08,399 - werkzeug - INFO - 127.0.0.1 - - [08/Dec/2025 05:02:08] "GET /api/user/profile HTTP/1.1" 200 -
2025-12-08 05:02:08,426 - werkzeug - INFO - 127.0.0.1 - - [08/Dec/2025 05:02:08] "GET /api/professional/scans?status=pending HTTP/1.1" 200 -
2025-12-08 05:02:08,488 - werkzeug - INFO - 127.0.0.1 - - [08/Dec/2025 05:02:08] "GET /api/professional/stats HTTP/1.1" 200 -
2025-12-08 05:02:08,701 - werkzeug - INFO - 127.0.0.1 - - [08/Dec/2025 05:02:08] "GET /health HTTP/1.1" 200 -
2025-12-08 05:02:08,706 - werkzeug - INFO - 127.0.0.1 - - [08/Dec/2025 05:02:08] "GET /api/user/profile HTTP/1.1" 200 -
2025-12-08 05:02:09,017 - werkzeug - INFO - 127.0.0.1 - - [08/Dec/2025 05:02:09] "GET /health HTTP/1.1" 200 -
2025-12-08 05:02:09,365 - werkzeug - INFO - 127.0.0.1 - - [08/Dec/2025 05:02:09] "GET /health HTTP/1.1" 200 -
2025-12-08 05:02:09,373 - werkzeug - ERROR - Error on request:
Traceback (most recent call last):
  File "D:\Tek-UP\5eme SDIA\Projects\SkinPredict\api\venv\Lib\site-packages\werkzeug\serving.py", line 370, in run_wsgi
    execute(self.server.app)
  File "D:\Tek-UP\5eme SDIA\Projects\SkinPredict\api\venv\Lib\site-packages\werkzeug\serving.py", line 355, in execute
    data = self.rfile.read(10_000_000)
           ^^^^^^^^^^^^^^^^^^^^^^^^^^^
MemoryError
2025-12-08 05:02:09,376 - werkzeug - INFO - 127.0.0.1 - - [08/Dec/2025 05:02:09] "GET /api/user/profile HTTP/1.1" 200 -
2025-12-08 05:02:09,401 - werkzeug - ERROR - Error on request:
Traceback (most recent call last):
  File "D:\Tek-UP\5eme SDIA\Projects\SkinPredict\api\venv\Lib\site-packages\werkzeug\serving.py", line 370, in run_wsgi
    execute(self.server.app)
  File "D:\Tek-UP\5eme SDIA\Projects\SkinPredict\api\venv\Lib\site-packages\werkzeug\serving.py", line 355, in execute
    data = self.rfile.read(10_000_000)
           ^^^^^^^^^^^^^^^^^^^^^^^^^^^
MemoryError
2025-12-08 05:02:09,615 - werkzeug - INFO - 127.0.0.1 - - [08/Dec/2025 05:02:09] "GET /health HTTP/1.1" 200 -
2025-12-08 05:02:09,698 - werkzeug - INFO - 127.0.0.1 - - [08/Dec/2025 05:02:09] "GET /api/user/profile HTTP/1.1" 200 -
2025-12-08 05:05:06,109 - werkzeug - INFO - 127.0.0.1 - - [08/Dec/2025 05:05:06] "GET /health HTTP/1.1" 200 -
2025-12-08 05:05:06,367 - werkzeug - INFO - 127.0.0.1 - - [08/Dec/2025 05:05:06] "GET /health HTTP/1.1" 200 -
2025-12-08 05:05:10,709 - werkzeug - INFO - 127.0.0.1 - - [08/Dec/2025 05:05:10] "OPTIONS /api/user/profile HTTP/1.1" 200 -
2025-12-08 05:05:10,711 - werkzeug - INFO - 127.0.0.1 - - [08/Dec/2025 05:05:10] "OPTIONS /api/user/profile HTTP/1.1" 200 -
2025-12-08 05:05:10,966 - werkzeug - INFO - 127.0.0.1 - - [08/Dec/2025 05:05:10] "GET /api/user/profile HTTP/1.1" 200 -
2025-12-08 05:05:11,030 - werkzeug - INFO - 127.0.0.1 - - [08/Dec/2025 05:05:11] "GET /api/user/profile HTTP/1.1" 200 -
2025-12-08 05:05:11,298 - werkzeug - INFO - 127.0.0.1 - - [08/Dec/2025 05:05:11] "GET /health HTTP/1.1" 200 -
2025-12-08 05:05:11,541 - werkzeug - INFO - 127.0.0.1 - - [08/Dec/2025 05:05:11] "GET /health HTTP/1.1" 200 -
2025-12-08 05:05:11,616 - werkzeug - INFO - 127.0.0.1 - - [08/Dec/2025 05:05:11] "GET /api/professional/scans?status=pending HTTP/1.1" 200 -
2025-12-08 05:05:11,899 - werkzeug - INFO - 127.0.0.1 - - [08/Dec/2025 05:05:11] "GET /health HTTP/1.1" 200 -
2025-12-08 05:05:11,900 - werkzeug - INFO - 127.0.0.1 - - [08/Dec/2025 05:05:11] "GET /api/professional/stats HTTP/1.1" 200 -
2025-12-08 05:05:11,913 - werkzeug - INFO - 127.0.0.1 - - [08/Dec/2025 05:05:11] "GET /api/user/profile HTTP/1.1" 200 -
2025-12-08 05:05:11,916 - werkzeug - INFO - 127.0.0.1 - - [08/Dec/2025 05:05:11] "GET /api/professional/scans?status=pending HTTP/1.1" 200 -
2025-12-08 05:05:11,937 - werkzeug - INFO - 127.0.0.1 - - [08/Dec/2025 05:05:11] "GET /api/professional/stats HTTP/1.1" 200 -
2025-12-08 05:05:12,217 - werkzeug - INFO - 127.0.0.1 - - [08/Dec/2025 05:05:12] "GET /api/user/profile HTTP/1.1" 200 -
2025-12-08 05:05:12,230 - werkzeug - INFO - 127.0.0.1 - - [08/Dec/2025 05:05:12] "GET /api/professional/scans?status=pending HTTP/1.1" 200 -
2025-12-08 05:05:12,235 - werkzeug - INFO - 127.0.0.1 - - [08/Dec/2025 05:05:12] "GET /api/professional/stats HTTP/1.1" 200 -
2025-12-08 05:05:12,268 - werkzeug - INFO - 127.0.0.1 - - [08/Dec/2025 05:05:12] "GET /api/professional/scans?status=pending HTTP/1.1" 200 -
2025-12-08 05:05:12,542 - werkzeug - INFO - 127.0.0.1 - - [08/Dec/2025 05:05:12] "GET /api/professional/stats HTTP/1.1" 200 -
2025-12-08 05:05:21,206 - werkzeug - INFO - 127.0.0.1 - - [08/Dec/2025 05:05:21] "GET /health HTTP/1.1" 200 -
2025-12-08 05:05:21,523 - werkzeug - INFO - 127.0.0.1 - - [08/Dec/2025 05:05:21] "GET /health HTTP/1.1" 200 -
2025-12-08 05:05:21,839 - werkzeug - INFO - 127.0.0.1 - - [08/Dec/2025 05:05:21] "GET /health HTTP/1.1" 200 -
2025-12-08 05:05:21,842 - werkzeug - INFO - 127.0.0.1 - - [08/Dec/2025 05:05:21] "OPTIONS /api/user/profile HTTP/1.1" 200 -
2025-12-08 05:05:21,846 - werkzeug - INFO - 127.0.0.1 - - [08/Dec/2025 05:05:21] "OPTIONS /api/user/profile HTTP/1.1" 200 -
2025-12-08 05:05:22,095 - werkzeug - INFO - 127.0.0.1 - - [08/Dec/2025 05:05:22] "GET /api/user/profile HTTP/1.1" 200 -
2025-12-08 05:05:22,157 - werkzeug - INFO - 127.0.0.1 - - [08/Dec/2025 05:05:22] "GET /api/user/profile HTTP/1.1" 200 -
2025-12-08 05:05:22,402 - werkzeug - INFO - 127.0.0.1 - - [08/Dec/2025 05:05:22] "GET /health HTTP/1.1" 200 -
2025-12-08 05:05:22,556 - werkzeug - INFO - 127.0.0.1 - - [08/Dec/2025 05:05:22] "GET /health HTTP/1.1" 200 -
2025-12-08 05:05:22,724 - werkzeug - INFO - 127.0.0.1 - - [08/Dec/2025 05:05:22] "GET /api/professional/scans?status=pending HTTP/1.1" 200 -
2025-12-08 05:05:22,890 - werkzeug - INFO - 127.0.0.1 - - [08/Dec/2025 05:05:22] "GET /health HTTP/1.1" 200 -
2025-12-08 05:05:22,904 - werkzeug - INFO - 127.0.0.1 - - [08/Dec/2025 05:05:22] "GET /api/user/profile HTTP/1.1" 200 -
2025-12-08 05:05:22,906 - werkzeug - INFO - 127.0.0.1 - - [08/Dec/2025 05:05:22] "GET /api/professional/stats HTTP/1.1" 200 -
2025-12-08 05:05:22,910 - werkzeug - INFO - 127.0.0.1 - - [08/Dec/2025 05:05:22] "GET /api/professional/scans?status=pending HTTP/1.1" 200 -
2025-12-08 05:05:23,045 - werkzeug - INFO - 127.0.0.1 - - [08/Dec/2025 05:05:23] "GET /api/user/profile HTTP/1.1" 200 -
2025-12-08 05:05:23,230 - werkzeug - INFO - 127.0.0.1 - - [08/Dec/2025 05:05:23] "GET /api/professional/scans?status=pending HTTP/1.1" 200 -
2025-12-08 05:05:23,231 - werkzeug - INFO - 127.0.0.1 - - [08/Dec/2025 05:05:23] "GET /api/professional/stats HTTP/1.1" 200 -
2025-12-08 05:05:23,236 - werkzeug - INFO - 127.0.0.1 - - [08/Dec/2025 05:05:23] "GET /api/professional/scans?status=pending HTTP/1.1" 200 -
2025-12-08 05:05:23,554 - werkzeug - INFO - 127.0.0.1 - - [08/Dec/2025 05:05:23] "GET /api/professional/stats HTTP/1.1" 200 -
2025-12-08 05:05:23,875 - werkzeug - INFO - 127.0.0.1 - - [08/Dec/2025 05:05:23] "GET /api/professional/stats HTTP/1.1" 200 -
2025-12-08 05:05:24,788 - werkzeug - INFO - 127.0.0.1 - - [08/Dec/2025 05:05:24] "GET /health HTTP/1.1" 200 -
2025-12-08 05:05:25,055 - werkzeug - INFO - 127.0.0.1 - - [08/Dec/2025 05:05:25] "GET /health HTTP/1.1" 200 -
2025-12-08 05:05:25,096 - werkzeug - INFO - 127.0.0.1 - - [08/Dec/2025 05:05:25] "GET /health HTTP/1.1" 200 -
2025-12-08 05:05:25,383 - werkzeug - INFO - 127.0.0.1 - - [08/Dec/2025 05:05:25] "GET /api/user/profile HTTP/1.1" 200 -
2025-12-08 05:05:25,394 - werkzeug - INFO - 127.0.0.1 - - [08/Dec/2025 05:05:25] "GET /api/user/profile HTTP/1.1" 200 -
2025-12-08 05:05:25,853 - werkzeug - INFO - 127.0.0.1 - - [08/Dec/2025 05:05:25] "GET /health HTTP/1.1" 200 -
2025-12-08 05:05:26,104 - werkzeug - INFO - 127.0.0.1 - - [08/Dec/2025 05:05:26] "GET /health HTTP/1.1" 200 -
2025-12-08 05:05:26,160 - werkzeug - INFO - 127.0.0.1 - - [08/Dec/2025 05:05:26] "GET /api/professional/scans?status=pending HTTP/1.1" 200 -
2025-12-08 05:05:26,437 - werkzeug - INFO - 127.0.0.1 - - [08/Dec/2025 05:05:26] "GET /health HTTP/1.1" 200 -
2025-12-08 05:05:26,442 - werkzeug - INFO - 127.0.0.1 - - [08/Dec/2025 05:05:26] "GET /api/professional/stats HTTP/1.1" 200 -
2025-12-08 05:05:26,453 - werkzeug - INFO - 127.0.0.1 - - [08/Dec/2025 05:05:26] "GET /api/user/profile HTTP/1.1" 200 -
2025-12-08 05:05:26,455 - werkzeug - INFO - 127.0.0.1 - - [08/Dec/2025 05:05:26] "GET /api/professional/scans?status=pending HTTP/1.1" 200 -
2025-12-08 05:05:26,475 - werkzeug - INFO - 127.0.0.1 - - [08/Dec/2025 05:05:26] "GET /api/professional/stats HTTP/1.1" 200 -
2025-12-08 05:05:26,761 - werkzeug - INFO - 127.0.0.1 - - [08/Dec/2025 05:05:26] "GET /api/user/profile HTTP/1.1" 200 -
2025-12-08 05:05:26,770 - werkzeug - INFO - 127.0.0.1 - - [08/Dec/2025 05:05:26] "GET /api/professional/scans?status=pending HTTP/1.1" 200 -
2025-12-08 05:05:26,776 - werkzeug - INFO - 127.0.0.1 - - [08/Dec/2025 05:05:26] "GET /api/professional/stats HTTP/1.1" 200 -
2025-12-08 05:05:26,789 - werkzeug - INFO - 127.0.0.1 - - [08/Dec/2025 05:05:26] "GET /api/professional/scans?status=pending HTTP/1.1" 200 -
2025-12-08 05:05:27,091 - werkzeug - INFO - 127.0.0.1 - - [08/Dec/2025 05:05:27] "GET /api/professional/stats HTTP/1.1" 200 -
2025-12-08 05:05:30,207 - werkzeug - INFO - 127.0.0.1 - - [08/Dec/2025 05:05:30] "GET /health HTTP/1.1" 200 -
2025-12-08 05:05:30,519 - werkzeug - INFO - 127.0.0.1 - - [08/Dec/2025 05:05:30] "GET /health HTTP/1.1" 200 -
2025-12-08 05:05:30,837 - werkzeug - INFO - 127.0.0.1 - - [08/Dec/2025 05:05:30] "GET /health HTTP/1.1" 200 -
2025-12-08 05:05:30,839 - werkzeug - INFO - 127.0.0.1 - - [08/Dec/2025 05:05:30] "OPTIONS /api/user/profile HTTP/1.1" 200 -
2025-12-08 05:05:30,842 - werkzeug - INFO - 127.0.0.1 - - [08/Dec/2025 05:05:30] "OPTIONS /api/user/profile HTTP/1.1" 200 -
2025-12-08 05:05:31,088 - werkzeug - INFO - 127.0.0.1 - - [08/Dec/2025 05:05:31] "GET /api/user/profile HTTP/1.1" 200 -
2025-12-08 05:05:31,159 - werkzeug - INFO - 127.0.0.1 - - [08/Dec/2025 05:05:31] "GET /api/user/profile HTTP/1.1" 200 -
2025-12-08 05:05:31,395 - werkzeug - INFO - 127.0.0.1 - - [08/Dec/2025 05:05:31] "GET /health HTTP/1.1" 200 -
2025-12-08 05:05:31,553 - werkzeug - INFO - 127.0.0.1 - - [08/Dec/2025 05:05:31] "GET /health HTTP/1.1" 200 -
2025-12-08 05:05:31,713 - werkzeug - INFO - 127.0.0.1 - - [08/Dec/2025 05:05:31] "GET /api/professional/scans?status=pending HTTP/1.1" 200 -
2025-12-08 05:05:31,890 - werkzeug - INFO - 127.0.0.1 - - [08/Dec/2025 05:05:31] "GET /health HTTP/1.1" 200 -
2025-12-08 05:05:31,901 - werkzeug - INFO - 127.0.0.1 - - [08/Dec/2025 05:05:31] "GET /api/professional/stats HTTP/1.1" 200 -
2025-12-08 05:05:31,905 - werkzeug - INFO - 127.0.0.1 - - [08/Dec/2025 05:05:31] "GET /api/professional/scans?status=pending HTTP/1.1" 200 -
2025-12-08 05:05:31,907 - werkzeug - INFO - 127.0.0.1 - - [08/Dec/2025 05:05:31] "GET /api/user/profile HTTP/1.1" 200 -
2025-12-08 05:05:32,027 - werkzeug - INFO - 127.0.0.1 - - [08/Dec/2025 05:05:32] "GET /api/professional/stats HTTP/1.1" 200 -
2025-12-08 05:05:32,222 - werkzeug - INFO - 127.0.0.1 - - [08/Dec/2025 05:05:32] "GET /api/professional/scans?status=pending HTTP/1.1" 200 -
2025-12-08 05:05:32,230 - werkzeug - INFO - 127.0.0.1 - - [08/Dec/2025 05:05:32] "GET /api/user/profile HTTP/1.1" 200 -
2025-12-08 05:05:32,234 - werkzeug - INFO - 127.0.0.1 - - [08/Dec/2025 05:05:32] "GET /api/professional/stats HTTP/1.1" 200 -
2025-12-08 05:05:32,338 - werkzeug - INFO - 127.0.0.1 - - [08/Dec/2025 05:05:32] "GET /api/professional/scans?status=pending HTTP/1.1" 200 -
2025-12-08 05:05:32,535 - werkzeug - INFO - 127.0.0.1 - - [08/Dec/2025 05:05:32] "GET /api/professional/stats HTTP/1.1" 200 -
2025-12-08 05:06:02,260 - werkzeug - INFO - 127.0.0.1 - - [08/Dec/2025 05:06:02] "GET /health HTTP/1.1" 200 -
2025-12-08 05:06:18,794 - werkzeug - INFO - 127.0.0.1 - - [08/Dec/2025 05:06:18] "GET /health HTTP/1.1" 200 -
2025-12-08 05:06:19,057 - werkzeug - INFO - 127.0.0.1 - - [08/Dec/2025 05:06:19] "GET /api/professional/scans?status=pending HTTP/1.1" 200 -
2025-12-08 05:06:19,194 - werkzeug - INFO - 127.0.0.1 - - [08/Dec/2025 05:06:19] "GET /health HTTP/1.1" 200 -
2025-12-08 05:06:19,201 - werkzeug - INFO - 127.0.0.1 - - [08/Dec/2025 05:06:19] "GET /api/professional/stats HTTP/1.1" 200 -
2025-12-08 05:06:19,204 - werkzeug - INFO - 127.0.0.1 - - [08/Dec/2025 05:06:19] "GET /api/professional/scans?status=pending HTTP/1.1" 200 -
2025-12-08 05:06:19,375 - werkzeug - INFO - 127.0.0.1 - - [08/Dec/2025 05:06:19] "GET /api/professional/stats HTTP/1.1" 200 -
2025-12-08 05:06:19,521 - werkzeug - INFO - 127.0.0.1 - - [08/Dec/2025 05:06:19] "OPTIONS /api/user/profile HTTP/1.1" 200 -
2025-12-08 05:06:19,522 - werkzeug - INFO - 127.0.0.1 - - [08/Dec/2025 05:06:19] "GET /api/professional/scans?status=pending HTTP/1.1" 200 -
2025-12-08 05:06:19,590 - werkzeug - INFO - 127.0.0.1 - - [08/Dec/2025 05:06:19] "OPTIONS /api/user/profile HTTP/1.1" 200 -
2025-12-08 05:06:19,598 - werkzeug - INFO - 127.0.0.1 - - [08/Dec/2025 05:06:19] "GET /api/professional/stats HTTP/1.1" 200 -
2025-12-08 05:06:19,689 - werkzeug - INFO - 127.0.0.1 - - [08/Dec/2025 05:06:19] "GET /api/professional/scans?status=pending HTTP/1.1" 200 -
2025-12-08 05:06:19,833 - werkzeug - INFO - 127.0.0.1 - - [08/Dec/2025 05:06:19] "GET /api/user/profile HTTP/1.1" 200 -
2025-12-08 05:06:19,844 - werkzeug - INFO - 127.0.0.1 - - [08/Dec/2025 05:06:19] "GET /api/professional/stats HTTP/1.1" 200 -
2025-12-08 05:06:19,913 - werkzeug - INFO - 127.0.0.1 - - [08/Dec/2025 05:06:19] "GET /api/user/profile HTTP/1.1" 200 -
2025-12-08 05:06:48,906 - werkzeug - INFO - 127.0.0.1 - - [08/Dec/2025 05:06:48] "GET /health HTTP/1.1" 200 -
2025-12-08 05:06:51,846 - werkzeug - INFO - 127.0.0.1 - - [08/Dec/2025 05:06:51] "GET /api/professional/export HTTP/1.1" 200 -
2025-12-08 05:06:51,991 - werkzeug - INFO - 127.0.0.1 - - [08/Dec/2025 05:06:51] "[33mGET /favicon.ico HTTP/1.1[0m" 404 -
2025-12-08 05:07:19,571 - werkzeug - INFO - 127.0.0.1 - - [08/Dec/2025 05:07:19] "GET /health HTTP/1.1" 200 -
2025-12-08 05:07:49,262 - werkzeug - INFO - 127.0.0.1 - - [08/Dec/2025 05:07:49] "GET /health HTTP/1.1" 200 -
2025-12-08 05:08:18,466 - werkzeug - INFO - 127.0.0.1 - - [08/Dec/2025 05:08:18] "GET /health HTTP/1.1" 200 -
2025-12-08 05:08:18,732 - werkzeug - INFO - 127.0.0.1 - - [08/Dec/2025 05:08:18] "GET /health HTTP/1.1" 200 -
2025-12-08 05:08:18,775 - werkzeug - INFO - 127.0.0.1 - - [08/Dec/2025 05:08:18] "GET /health HTTP/1.1" 200 -
2025-12-08 05:08:19,056 - werkzeug - INFO - 127.0.0.1 - - [08/Dec/2025 05:08:19] "OPTIONS /api/user/profile HTTP/1.1" 200 -
2025-12-08 05:08:19,062 - werkzeug - INFO - 127.0.0.1 - - [08/Dec/2025 05:08:19] "OPTIONS /api/user/profile HTTP/1.1" 200 -
2025-12-08 05:08:19,073 - werkzeug - INFO - 127.0.0.1 - - [08/Dec/2025 05:08:19] "GET /api/user/profile HTTP/1.1" 200 -
2025-12-08 05:08:19,386 - werkzeug - INFO - 127.0.0.1 - - [08/Dec/2025 05:08:19] "GET /api/user/profile HTTP/1.1" 200 -
2025-12-08 05:08:49,078 - werkzeug - INFO - 127.0.0.1 - - [08/Dec/2025 05:08:49] "GET /health HTTP/1.1" 200 -
2025-12-08 05:08:52,483 - werkzeug - INFO - 127.0.0.1 - - [08/Dec/2025 05:08:52] "GET /health HTTP/1.1" 200 -
2025-12-08 05:08:52,823 - werkzeug - INFO - 127.0.0.1 - - [08/Dec/2025 05:08:52] "GET /health HTTP/1.1" 200 -
2025-12-08 05:08:53,159 - werkzeug - INFO - 127.0.0.1 - - [08/Dec/2025 05:08:53] "GET /health HTTP/1.1" 200 -
2025-12-08 05:08:53,165 - werkzeug - INFO - 127.0.0.1 - - [08/Dec/2025 05:08:53] "OPTIONS /api/user/profile HTTP/1.1" 200 -
2025-12-08 05:08:53,168 - werkzeug - INFO - 127.0.0.1 - - [08/Dec/2025 05:08:53] "GET /api/professional/scans?status=pending HTTP/1.1" 200 -
2025-12-08 05:08:53,170 - werkzeug - INFO - 127.0.0.1 - - [08/Dec/2025 05:08:53] "GET /api/professional/stats HTTP/1.1" 200 -
2025-12-08 05:08:53,172 - werkzeug - INFO - 127.0.0.1 - - [08/Dec/2025 05:08:53] "OPTIONS /api/user/profile HTTP/1.1" 200 -
2025-12-08 05:08:53,406 - werkzeug - INFO - 127.0.0.1 - - [08/Dec/2025 05:08:53] "GET /api/user/profile HTTP/1.1" 200 -
2025-12-08 05:08:53,478 - werkzeug - INFO - 127.0.0.1 - - [08/Dec/2025 05:08:53] "GET /api/professional/scans?status=pending HTTP/1.1" 200 -
2025-12-08 05:08:53,478 - werkzeug - INFO - 127.0.0.1 - - [08/Dec/2025 05:08:53] "GET /api/professional/stats HTTP/1.1" 200 -
2025-12-08 05:08:53,496 - werkzeug - INFO - 127.0.0.1 - - [08/Dec/2025 05:08:53] "GET /api/user/profile HTTP/1.1" 200 -
2025-12-08 05:08:53,724 - werkzeug - INFO - 127.0.0.1 - - [08/Dec/2025 05:08:53] "GET /api/professional/scans?status=pending HTTP/1.1" 200 -
2025-12-08 05:08:53,794 - werkzeug - INFO - 127.0.0.1 - - [08/Dec/2025 05:08:53] "GET /api/professional/stats HTTP/1.1" 200 -
2025-12-08 05:08:53,795 - werkzeug - INFO - 127.0.0.1 - - [08/Dec/2025 05:08:53] "GET /api/professional/scans?status=pending HTTP/1.1" 200 -
2025-12-08 05:08:54,031 - werkzeug - INFO - 127.0.0.1 - - [08/Dec/2025 05:08:54] "GET /api/professional/stats HTTP/1.1" 200 -
2025-12-08 05:09:23,269 - werkzeug - INFO - 127.0.0.1 - - [08/Dec/2025 05:09:23] "GET /health HTTP/1.1" 200 -
2025-12-08 05:09:32,864 - werkzeug - INFO - 127.0.0.1 - - [08/Dec/2025 05:09:32] "GET /health HTTP/1.1" 200 -
2025-12-08 05:09:33,109 - werkzeug - INFO - 127.0.0.1 - - [08/Dec/2025 05:09:33] "GET /health HTTP/1.1" 200 -
2025-12-08 05:09:33,175 - werkzeug - INFO - 127.0.0.1 - - [08/Dec/2025 05:09:33] "GET /health HTTP/1.1" 200 -
2025-12-08 05:09:36,587 - werkzeug - INFO - 127.0.0.1 - - [08/Dec/2025 05:09:36] "GET /health HTTP/1.1" 200 -
2025-12-08 05:09:36,917 - werkzeug - INFO - 127.0.0.1 - - [08/Dec/2025 05:09:36] "GET /health HTTP/1.1" 200 -
2025-12-08 05:09:37,194 - werkzeug - INFO - 127.0.0.1 - - [08/Dec/2025 05:09:37] "GET /health HTTP/1.1" 200 -
2025-12-08 05:09:40,883 - werkzeug - INFO - 127.0.0.1 - - [08/Dec/2025 05:09:40] "GET /health HTTP/1.1" 200 -
2025-12-08 05:09:41,194 - werkzeug - INFO - 127.0.0.1 - - [08/Dec/2025 05:09:41] "GET /health HTTP/1.1" 200 -
2025-12-08 05:09:41,507 - werkzeug - INFO - 127.0.0.1 - - [08/Dec/2025 05:09:41] "GET /health HTTP/1.1" 200 -
2025-12-08 05:09:41,774 - werkzeug - INFO - 127.0.0.1 - - [08/Dec/2025 05:09:41] "GET /health HTTP/1.1" 200 -
2025-12-08 05:09:41,826 - werkzeug - INFO - 127.0.0.1 - - [08/Dec/2025 05:09:41] "GET /health HTTP/1.1" 200 -
2025-12-08 05:09:42,092 - werkzeug - INFO - 127.0.0.1 - - [08/Dec/2025 05:09:42] "GET /health HTTP/1.1" 200 -
2025-12-08 05:09:43,169 - werkzeug - INFO - 127.0.0.1 - - [08/Dec/2025 05:09:43] "GET /health HTTP/1.1" 200 -
2025-12-08 05:09:43,490 - werkzeug - INFO - 127.0.0.1 - - [08/Dec/2025 05:09:43] "GET /health HTTP/1.1" 200 -
2025-12-08 05:09:43,803 - werkzeug - INFO - 127.0.0.1 - - [08/Dec/2025 05:09:43] "GET /health HTTP/1.1" 200 -
2025-12-08 05:10:13,519 - werkzeug - INFO - 127.0.0.1 - - [08/Dec/2025 05:10:13] "GET /health HTTP/1.1" 200 -
2025-12-08 05:10:44,572 - werkzeug - INFO - 127.0.0.1 - - [08/Dec/2025 05:10:44] "GET /health HTTP/1.1" 200 -
2025-12-08 05:11:14,274 - werkzeug - INFO - 127.0.0.1 - - [08/Dec/2025 05:11:14] "GET /health HTTP/1.1" 200 -
2025-12-08 05:11:43,810 - werkzeug - INFO - 127.0.0.1 - - [08/Dec/2025 05:11:43] "GET /health HTTP/1.1" 200 -
2025-12-08 05:12:07,263 - werkzeug - INFO - 127.0.0.1 - - [08/Dec/2025 05:12:07] "GET /health HTTP/1.1" 200 -
2025-12-08 05:12:07,572 - werkzeug - INFO - 127.0.0.1 - - [08/Dec/2025 05:12:07] "GET /health HTTP/1.1" 200 -
2025-12-08 05:12:07,912 - werkzeug - INFO - 127.0.0.1 - - [08/Dec/2025 05:12:07] "GET /health HTTP/1.1" 200 -
2025-12-08 05:12:38,260 - werkzeug - INFO - 127.0.0.1 - - [08/Dec/2025 05:12:38] "GET /health HTTP/1.1" 200 -
2025-12-08 05:13:07,911 - werkzeug - INFO - 127.0.0.1 - - [08/Dec/2025 05:13:07] "GET /health HTTP/1.1" 200 -
2025-12-08 05:13:37,603 - werkzeug - INFO - 127.0.0.1 - - [08/Dec/2025 05:13:37] "GET /health HTTP/1.1" 200 -
2025-12-08 05:14:07,907 - werkzeug - INFO - 127.0.0.1 - - [08/Dec/2025 05:14:07] "GET /health HTTP/1.1" 200 -
2025-12-08 05:14:37,602 - werkzeug - INFO - 127.0.0.1 - - [08/Dec/2025 05:14:37] "GET /health HTTP/1.1" 200 -
2025-12-08 05:15:07,923 - werkzeug - INFO - 127.0.0.1 - - [08/Dec/2025 05:15:07] "GET /health HTTP/1.1" 200 -
2025-12-08 05:15:37,594 - werkzeug - INFO - 127.0.0.1 - - [08/Dec/2025 05:15:37] "GET /health HTTP/1.1" 200 -
2025-12-08 05:16:07,907 - werkzeug - INFO - 127.0.0.1 - - [08/Dec/2025 05:16:07] "GET /health HTTP/1.1" 200 -
2025-12-08 05:16:37,606 - werkzeug - INFO - 127.0.0.1 - - [08/Dec/2025 05:16:37] "GET /health HTTP/1.1" 200 -
2025-12-08 05:16:56,695 - werkzeug - INFO - 127.0.0.1 - - [08/Dec/2025 05:16:56] "GET /health HTTP/1.1" 200 -
2025-12-08 05:16:56,944 - werkzeug - INFO - 127.0.0.1 - - [08/Dec/2025 05:16:56] "GET /health HTTP/1.1" 200 -
2025-12-08 05:16:57,006 - werkzeug - INFO - 127.0.0.1 - - [08/Dec/2025 05:16:57] "GET /health HTTP/1.1" 200 -
2025-12-08 05:17:26,982 - werkzeug - INFO - 127.0.0.1 - - [08/Dec/2025 05:17:26] "GET /health HTTP/1.1" 200 -
2025-12-08 05:17:57,306 - werkzeug - INFO - 127.0.0.1 - - [08/Dec/2025 05:17:57] "GET /health HTTP/1.1" 200 -
2025-12-08 05:17:57,992 - werkzeug - INFO - 127.0.0.1 - - [08/Dec/2025 05:17:57] "GET /health HTTP/1.1" 200 -
2025-12-08 05:17:58,351 - werkzeug - INFO - 127.0.0.1 - - [08/Dec/2025 05:17:58] "GET /health HTTP/1.1" 200 -
2025-12-08 05:18:06,215 - werkzeug - INFO - 127.0.0.1 - - [08/Dec/2025 05:18:06] "OPTIONS /api/user/profile HTTP/1.1" 200 -
2025-12-08 05:18:06,524 - werkzeug - INFO - 127.0.0.1 - - [08/Dec/2025 05:18:06] "OPTIONS /api/user/profile HTTP/1.1" 200 -
2025-12-08 05:18:06,557 - app.routes.user_routes - INFO - Created new user: amine.mayoufi11@gmail.com with role user
2025-12-08 05:18:06,559 - werkzeug - INFO - 127.0.0.1 - - [08/Dec/2025 05:18:06] "GET /api/user/profile HTTP/1.1" 200 -
2025-12-08 05:18:06,871 - werkzeug - INFO - 127.0.0.1 - - [08/Dec/2025 05:18:06] "GET /api/user/profile HTTP/1.1" 200 -
2025-12-08 05:18:07,250 - werkzeug - INFO - 127.0.0.1 - - [08/Dec/2025 05:18:07] "GET /health HTTP/1.1" 200 -
2025-12-08 05:18:07,518 - werkzeug - INFO - 127.0.0.1 - - [08/Dec/2025 05:18:07] "GET /health HTTP/1.1" 200 -
2025-12-08 05:18:07,577 - werkzeug - INFO - 127.0.0.1 - - [08/Dec/2025 05:18:07] "GET /health HTTP/1.1" 200 -
2025-12-08 05:18:07,851 - werkzeug - INFO - 127.0.0.1 - - [08/Dec/2025 05:18:07] "GET /api/user/profile HTTP/1.1" 200 -
2025-12-08 05:18:07,859 - werkzeug - INFO - 127.0.0.1 - - [08/Dec/2025 05:18:07] "GET /api/user/profile HTTP/1.1" 200 -
2025-12-08 05:18:35,542 - werkzeug - INFO - 127.0.0.1 - - [08/Dec/2025 05:18:35] "OPTIONS /api/analyze HTTP/1.1" 200 -
2025-12-08 05:18:36,657 - app.utils.image_processing - INFO - Face detected and cropped: 198x198 at (121, 134)
2025-12-08 05:18:37,549 - werkzeug - INFO - 127.0.0.1 - - [08/Dec/2025 05:18:37] "GET /health HTTP/1.1" 200 -
2025-12-08 05:18:39,457 - app.services.analysis_service - INFO - FairFace model not available - using default demographics
2025-12-08 05:18:39,476 - app.utils.scan_utils - INFO - Saved scan scan_20251208_041839_857887f2 to database
2025-12-08 05:18:39,481 - werkzeug - INFO - 127.0.0.1 - - [08/Dec/2025 05:18:39] "POST /api/analyze HTTP/1.1" 200 -
2025-12-08 05:18:40,118 - werkzeug - INFO - 127.0.0.1 - - [08/Dec/2025 05:18:40] "OPTIONS /api/chat HTTP/1.1" 200 -
2025-12-08 05:18:40,357 - app.services.chat_service - INFO - Classified intent: skin_analysis
2025-12-08 05:18:45,586 - werkzeug - INFO - 127.0.0.1 - - [08/Dec/2025 05:18:45] "POST /api/chat HTTP/1.1" 200 -
2025-12-08 05:19:08,263 - werkzeug - INFO - 127.0.0.1 - - [08/Dec/2025 05:19:08] "GET /health HTTP/1.1" 200 -
2025-12-08 05:19:38,565 - werkzeug - INFO - 127.0.0.1 - - [08/Dec/2025 05:19:38] "GET /health HTTP/1.1" 200 -
2025-12-08 05:20:08,275 - werkzeug - INFO - 127.0.0.1 - - [08/Dec/2025 05:20:08] "GET /health HTTP/1.1" 200 -
2025-12-08 05:20:38,576 - werkzeug - INFO - 127.0.0.1 - - [08/Dec/2025 05:20:38] "GET /health HTTP/1.1" 200 -
2025-12-08 05:21:08,261 - werkzeug - INFO - 127.0.0.1 - - [08/Dec/2025 05:21:08] "GET /health HTTP/1.1" 200 -
2025-12-08 05:21:38,585 - werkzeug - INFO - 127.0.0.1 - - [08/Dec/2025 05:21:38] "GET /health HTTP/1.1" 200 -
2025-12-08 05:22:08,271 - werkzeug - INFO - 127.0.0.1 - - [08/Dec/2025 05:22:08] "GET /health HTTP/1.1" 200 -
2025-12-08 05:22:38,579 - werkzeug - INFO - 127.0.0.1 - - [08/Dec/2025 05:22:38] "GET /health HTTP/1.1" 200 -
2025-12-08 05:23:08,259 - werkzeug - INFO - 127.0.0.1 - - [08/Dec/2025 05:23:08] "GET /health HTTP/1.1" 200 -
2025-12-08 05:23:38,595 - werkzeug - INFO - 127.0.0.1 - - [08/Dec/2025 05:23:38] "GET /health HTTP/1.1" 200 -
2025-12-08 05:31:56,979 - app - INFO - Initializing utilities...
2025-12-08 05:31:57,023 - app.utils.image_processing - INFO - Face detection cascade loaded successfully
2025-12-08 05:31:57,023 - app - INFO - Initializing AI models...
2025-12-08 05:31:57,025 - app.models.skin_analysis_model - INFO - Attempting to load skin analysis model from: D:\Tek-UP\5eme SDIA\Projects\SkinPredict\api\models\multitask_skin_model.h5
2025-12-08 05:32:07,620 - absl - WARNING - Compiled the loaded model, but the compiled metrics have yet to be built. `model.compile_metrics` will be empty until you train or evaluate the model.
2025-12-08 05:32:07,620 - app.models.skin_analysis_model - INFO - Successfully loaded skin analysis model from: D:\Tek-UP\5eme SDIA\Projects\SkinPredict\api\models\multitask_skin_model.h5
2025-12-08 05:32:07,620 - app - INFO - FairFace model not configured - demographics will use defaults
2025-12-08 05:32:07,620 - app - INFO - Initializing business services...
2025-12-08 05:32:07,620 - app - INFO - All services initialized successfully
2025-12-08 05:32:07,638 - app.database - INFO - Database initialized successfully.
2025-12-08 05:32:07,639 - app - INFO - Database initialized successfully
2025-12-08 05:32:07,658 - app - ERROR - Agent initialization failed: No module named 'langchain_core'
2025-12-08 05:32:07,665 - app - INFO - All API blueprints registered successfully
2025-12-08 05:32:07,665 - app - INFO - SkinPredict API application created successfully
2025-12-08 05:32:07,665 - __main__ - INFO - Starting server on 0.0.0.0:5000
2025-12-08 05:32:07,665 - __main__ - INFO - Debug mode: True
2025-12-08 05:32:07,665 - __main__ - INFO - Environment: development
2025-12-08 05:32:08,590 - werkzeug - INFO - [31m[1mWARNING: This is a development server. Do not use it in a production deployment. Use a production WSGI server instead.[0m
 * Running on all addresses (0.0.0.0)
 * Running on http://127.0.0.1:5000
 * Running on http://192.168.1.11:5000
2025-12-08 05:32:08,590 - werkzeug - INFO - [33mPress CTRL+C to quit[0m
2025-12-08 05:32:08,590 - werkzeug - INFO -  * Restarting with stat
2025-12-08 05:32:16,479 - app - INFO - Initializing utilities...
2025-12-08 05:32:16,506 - app.utils.image_processing - INFO - Face detection cascade loaded successfully
2025-12-08 05:32:16,506 - app - INFO - Initializing AI models...
2025-12-08 05:32:16,506 - app.models.skin_analysis_model - INFO - Attempting to load skin analysis model from: D:\Tek-UP\5eme SDIA\Projects\SkinPredict\api\models\multitask_skin_model.h5
2025-12-08 05:32:24,134 - absl - WARNING - Compiled the loaded model, but the compiled metrics have yet to be built. `model.compile_metrics` will be empty until you train or evaluate the model.
2025-12-08 05:32:24,134 - app.models.skin_analysis_model - INFO - Successfully loaded skin analysis model from: D:\Tek-UP\5eme SDIA\Projects\SkinPredict\api\models\multitask_skin_model.h5
2025-12-08 05:32:24,134 - app - INFO - FairFace model not configured - demographics will use defaults
2025-12-08 05:32:24,134 - app - INFO - Initializing business services...
2025-12-08 05:32:24,134 - app - INFO - All services initialized successfully
2025-12-08 05:32:24,152 - app.database - INFO - Database initialized successfully.
2025-12-08 05:32:24,152 - app - INFO - Database initialized successfully
2025-12-08 05:32:24,171 - app - ERROR - Agent initialization failed: No module named 'langchain_core'
2025-12-08 05:32:24,175 - app - INFO - All API blueprints registered successfully
2025-12-08 05:32:24,175 - app - INFO - SkinPredict API application created successfully
2025-12-08 05:32:24,175 - __main__ - INFO - Starting server on 0.0.0.0:5000
2025-12-08 05:32:24,175 - __main__ - INFO - Debug mode: True
2025-12-08 05:32:24,183 - __main__ - INFO - Environment: development
2025-12-08 05:32:24,197 - werkzeug - WARNING -  * Debugger is active!
2025-12-08 05:32:24,207 - werkzeug - INFO -  * Debugger PIN: 457-400-097
2025-12-08 05:32:25,474 - werkzeug - INFO - 127.0.0.1 - - [08/Dec/2025 05:32:25] "GET /health HTTP/1.1" 200 -
2025-12-08 05:32:25,477 - werkzeug - INFO - 127.0.0.1 - - [08/Dec/2025 05:32:25] "GET /health HTTP/1.1" 200 -
2025-12-08 05:32:25,480 - werkzeug - INFO - 127.0.0.1 - - [08/Dec/2025 05:32:25] "GET /health HTTP/1.1" 200 -
2025-12-08 05:32:25,487 - werkzeug - INFO - 127.0.0.1 - - [08/Dec/2025 05:32:25] "GET /health HTTP/1.1" 200 -
2025-12-08 05:32:25,492 - werkzeug - INFO - 127.0.0.1 - - [08/Dec/2025 05:32:25] "GET /health HTTP/1.1" 200 -
2025-12-08 05:32:25,499 - werkzeug - INFO - 127.0.0.1 - - [08/Dec/2025 05:32:25] "GET /health HTTP/1.1" 200 -
2025-12-08 05:32:25,852 - werkzeug - INFO - 127.0.0.1 - - [08/Dec/2025 05:32:25] "GET /health HTTP/1.1" 200 -
2025-12-08 05:32:25,889 - werkzeug - INFO - 127.0.0.1 - - [08/Dec/2025 05:32:25] "OPTIONS /api/user/profile HTTP/1.1" 200 -
2025-12-08 05:32:25,898 - werkzeug - INFO - 127.0.0.1 - - [08/Dec/2025 05:32:25] "OPTIONS /api/user/profile HTTP/1.1" 200 -
2025-12-08 05:32:26,166 - app.utils.auth_middleware - INFO - Firebase Admin initialized with credentials file
2025-12-08 05:32:27,644 - werkzeug - INFO - 127.0.0.1 - - [08/Dec/2025 05:32:27] "GET /api/user/profile HTTP/1.1" 200 -
2025-12-08 05:32:27,653 - werkzeug - INFO - 127.0.0.1 - - [08/Dec/2025 05:32:27] "GET /api/user/profile HTTP/1.1" 200 -
2025-12-08 05:32:56,575 - werkzeug - INFO - 127.0.0.1 - - [08/Dec/2025 05:32:56] "GET /health HTTP/1.1" 200 -
2025-12-08 05:33:26,269 - werkzeug - INFO - 127.0.0.1 - - [08/Dec/2025 05:33:26] "GET /health HTTP/1.1" 200 -
2025-12-08 05:33:56,573 - werkzeug - INFO - 127.0.0.1 - - [08/Dec/2025 05:33:56] "GET /health HTTP/1.1" 200 -
2025-12-08 05:34:25,552 - werkzeug - INFO - 127.0.0.1 - - [08/Dec/2025 05:34:25] "GET /health HTTP/1.1" 200 -
2025-12-08 05:34:30,397 - werkzeug - INFO - 127.0.0.1 - - [08/Dec/2025 05:34:30] "GET /health HTTP/1.1" 200 -
2025-12-08 05:34:30,648 - werkzeug - INFO - 127.0.0.1 - - [08/Dec/2025 05:34:30] "GET /health HTTP/1.1" 200 -
2025-12-08 05:34:30,709 - werkzeug - INFO - 127.0.0.1 - - [08/Dec/2025 05:34:30] "GET /health HTTP/1.1" 200 -
2025-12-08 05:34:30,980 - werkzeug - INFO - 127.0.0.1 - - [08/Dec/2025 05:34:30] "OPTIONS /api/user/profile HTTP/1.1" 200 -
2025-12-08 05:34:30,982 - werkzeug - INFO - 127.0.0.1 - - [08/Dec/2025 05:34:30] "OPTIONS /api/user/profile HTTP/1.1" 200 -
2025-12-08 05:34:30,994 - werkzeug - INFO - 127.0.0.1 - - [08/Dec/2025 05:34:30] "GET /api/user/profile HTTP/1.1" 200 -
2025-12-08 05:34:31,312 - werkzeug - INFO - 127.0.0.1 - - [08/Dec/2025 05:34:31] "GET /api/user/profile HTTP/1.1" 200 -
2025-12-08 05:34:36,578 - werkzeug - INFO - 127.0.0.1 - - [08/Dec/2025 05:34:36] "GET /health HTTP/1.1" 200 -
2025-12-08 05:34:36,844 - werkzeug - INFO - 127.0.0.1 - - [08/Dec/2025 05:34:36] "GET /health HTTP/1.1" 200 -
2025-12-08 05:34:36,892 - werkzeug - INFO - 127.0.0.1 - - [08/Dec/2025 05:34:36] "GET /health HTTP/1.1" 200 -
2025-12-08 05:35:03,102 - werkzeug - INFO - 127.0.0.1 - - [08/Dec/2025 05:35:03] "OPTIONS /api/user/profile HTTP/1.1" 200 -
2025-12-08 05:35:03,102 - werkzeug - INFO - 127.0.0.1 - - [08/Dec/2025 05:35:03] "OPTIONS /api/user/profile HTTP/1.1" 200 -
2025-12-08 05:35:03,104 - werkzeug - INFO - 127.0.0.1 - - [08/Dec/2025 05:35:03] "OPTIONS /api/user/profile HTTP/1.1" 200 -
2025-12-08 05:35:03,107 - werkzeug - INFO - 127.0.0.1 - - [08/Dec/2025 05:35:03] "OPTIONS /api/user/profile HTTP/1.1" 200 -
2025-12-08 05:35:03,113 - werkzeug - INFO - 127.0.0.1 - - [08/Dec/2025 05:35:03] "OPTIONS /api/user/profile HTTP/1.1" 200 -
2025-12-08 05:35:03,121 - werkzeug - INFO - 127.0.0.1 - - [08/Dec/2025 05:35:03] "OPTIONS /api/user/profile HTTP/1.1" 200 -
2025-12-08 05:35:03,418 - werkzeug - INFO - 127.0.0.1 - - [08/Dec/2025 05:35:03] "GET /health HTTP/1.1" 200 -
2025-12-08 05:35:03,425 - werkzeug - INFO - 127.0.0.1 - - [08/Dec/2025 05:35:03] "GET /api/user/profile HTTP/1.1" 200 -
2025-12-08 05:35:03,734 - werkzeug - INFO - 127.0.0.1 - - [08/Dec/2025 05:35:03] "GET /health HTTP/1.1" 200 -
2025-12-08 05:35:03,743 - werkzeug - INFO - 127.0.0.1 - - [08/Dec/2025 05:35:03] "GET /api/user/profile HTTP/1.1" 200 -
2025-12-08 05:35:04,052 - werkzeug - INFO - 127.0.0.1 - - [08/Dec/2025 05:35:04] "GET /health HTTP/1.1" 200 -
2025-12-08 05:35:04,057 - werkzeug - INFO - 127.0.0.1 - - [08/Dec/2025 05:35:04] "GET /api/user/profile HTTP/1.1" 200 -
2025-12-08 05:35:04,367 - werkzeug - INFO - 127.0.0.1 - - [08/Dec/2025 05:35:04] "GET /api/user/profile HTTP/1.1" 200 -
2025-12-08 05:35:04,685 - werkzeug - INFO - 127.0.0.1 - - [08/Dec/2025 05:35:04] "GET /api/user/profile HTTP/1.1" 200 -
2025-12-08 05:35:05,002 - werkzeug - INFO - 127.0.0.1 - - [08/Dec/2025 05:35:05] "GET /api/user/profile HTTP/1.1" 200 -
2025-12-08 05:35:05,318 - werkzeug - INFO - 127.0.0.1 - - [08/Dec/2025 05:35:05] "GET /api/user/profile HTTP/1.1" 200 -
2025-12-08 05:35:05,637 - werkzeug - INFO - 127.0.0.1 - - [08/Dec/2025 05:35:05] "GET /api/user/profile HTTP/1.1" 200 -
2025-12-08 05:35:27,060 - werkzeug - INFO - 127.0.0.1 - - [08/Dec/2025 05:35:27] "GET /health HTTP/1.1" 200 -
2025-12-08 05:35:27,328 - werkzeug - INFO - 127.0.0.1 - - [08/Dec/2025 05:35:27] "GET /health HTTP/1.1" 200 -
2025-12-08 05:35:27,395 - werkzeug - INFO - 127.0.0.1 - - [08/Dec/2025 05:35:27] "OPTIONS /api/user/profile HTTP/1.1" 200 -
2025-12-08 05:35:27,395 - werkzeug - INFO - 127.0.0.1 - - [08/Dec/2025 05:35:27] "OPTIONS /api/user/profile HTTP/1.1" 200 -
2025-12-08 05:35:27,405 - werkzeug - INFO - 127.0.0.1 - - [08/Dec/2025 05:35:27] "GET /api/user/profile HTTP/1.1" 200 -
2025-12-08 05:35:27,732 - werkzeug - INFO - 127.0.0.1 - - [08/Dec/2025 05:35:27] "GET /api/user/profile HTTP/1.1" 200 -
2025-12-08 05:35:52,119 - werkzeug - INFO - 127.0.0.1 - - [08/Dec/2025 05:35:52] "GET /health HTTP/1.1" 200 -
2025-12-08 05:35:52,386 - werkzeug - INFO - 127.0.0.1 - - [08/Dec/2025 05:35:52] "GET /health HTTP/1.1" 200 -
2025-12-08 05:35:52,436 - werkzeug - INFO - 127.0.0.1 - - [08/Dec/2025 05:35:52] "OPTIONS /api/user/profile HTTP/1.1" 200 -
2025-12-08 05:35:52,440 - werkzeug - INFO - 127.0.0.1 - - [08/Dec/2025 05:35:52] "OPTIONS /api/user/profile HTTP/1.1" 200 -
2025-12-08 05:35:52,446 - werkzeug - INFO - 127.0.0.1 - - [08/Dec/2025 05:35:52] "GET /api/user/profile HTTP/1.1" 200 -
2025-12-08 05:35:52,767 - werkzeug - INFO - 127.0.0.1 - - [08/Dec/2025 05:35:52] "GET /api/user/profile HTTP/1.1" 200 -
2025-12-08 05:36:17,264 - werkzeug - INFO - 127.0.0.1 - - [08/Dec/2025 05:36:17] "GET /health HTTP/1.1" 200 -
2025-12-08 05:36:17,522 - werkzeug - INFO - 127.0.0.1 - - [08/Dec/2025 05:36:17] "GET /health HTTP/1.1" 200 -
2025-12-08 05:36:17,596 - werkzeug - INFO - 127.0.0.1 - - [08/Dec/2025 05:36:17] "OPTIONS /api/user/profile HTTP/1.1" 200 -
2025-12-08 05:36:17,596 - werkzeug - INFO - 127.0.0.1 - - [08/Dec/2025 05:36:17] "OPTIONS /api/user/profile HTTP/1.1" 200 -
2025-12-08 05:36:17,605 - werkzeug - INFO - 127.0.0.1 - - [08/Dec/2025 05:36:17] "GET /api/user/profile HTTP/1.1" 200 -
2025-12-08 05:36:17,927 - werkzeug - INFO - 127.0.0.1 - - [08/Dec/2025 05:36:17] "GET /api/user/profile HTTP/1.1" 200 -
2025-12-08 05:36:24,712 - werkzeug - INFO - 127.0.0.1 - - [08/Dec/2025 05:36:24] "GET /health HTTP/1.1" 200 -
2025-12-08 05:36:24,976 - werkzeug - INFO - 127.0.0.1 - - [08/Dec/2025 05:36:24] "GET /health HTTP/1.1" 200 -
2025-12-08 05:36:25,026 - werkzeug - INFO - 127.0.0.1 - - [08/Dec/2025 05:36:25] "OPTIONS /api/user/profile HTTP/1.1" 200 -
2025-12-08 05:36:25,033 - werkzeug - INFO - 127.0.0.1 - - [08/Dec/2025 05:36:25] "OPTIONS /api/user/profile HTTP/1.1" 200 -
2025-12-08 05:36:25,044 - werkzeug - INFO - 127.0.0.1 - - [08/Dec/2025 05:36:25] "GET /api/user/profile HTTP/1.1" 200 -
2025-12-08 05:36:25,365 - werkzeug - INFO - 127.0.0.1 - - [08/Dec/2025 05:36:25] "GET /api/user/profile HTTP/1.1" 200 -
2025-12-08 05:37:34,574 - werkzeug - INFO - 127.0.0.1 - - [08/Dec/2025 05:37:34] "GET /health HTTP/1.1" 200 -
2025-12-08 05:37:34,825 - werkzeug - INFO - 127.0.0.1 - - [08/Dec/2025 05:37:34] "GET /health HTTP/1.1" 200 -
2025-12-08 05:37:36,173 - werkzeug - INFO - 127.0.0.1 - - [08/Dec/2025 05:37:36] "OPTIONS /api/user/profile HTTP/1.1" 200 -
2025-12-08 05:37:36,488 - werkzeug - INFO - 127.0.0.1 - - [08/Dec/2025 05:37:36] "OPTIONS /api/user/profile HTTP/1.1" 200 -
2025-12-08 05:37:36,494 - werkzeug - INFO - 127.0.0.1 - - [08/Dec/2025 05:37:36] "GET /api/user/profile HTTP/1.1" 200 -
2025-12-08 05:37:36,804 - werkzeug - INFO - 127.0.0.1 - - [08/Dec/2025 05:37:36] "GET /api/user/profile HTTP/1.1" 200 -
2025-12-08 05:37:37,787 - werkzeug - INFO - 127.0.0.1 - - [08/Dec/2025 05:37:37] "GET /health HTTP/1.1" 200 -
2025-12-08 05:37:38,053 - werkzeug - INFO - 127.0.0.1 - - [08/Dec/2025 05:37:38] "GET /health HTTP/1.1" 200 -
2025-12-08 05:37:38,105 - werkzeug - INFO - 127.0.0.1 - - [08/Dec/2025 05:37:38] "GET /api/professional/scans?status=pending HTTP/1.1" 200 -
2025-12-08 05:37:38,387 - werkzeug - INFO - 127.0.0.1 - - [08/Dec/2025 05:37:38] "GET /health HTTP/1.1" 200 -
2025-12-08 05:37:38,395 - werkzeug - INFO - 127.0.0.1 - - [08/Dec/2025 05:37:38] "GET /api/professional/stats HTTP/1.1" 200 -
2025-12-08 05:37:38,407 - werkzeug - INFO - 127.0.0.1 - - [08/Dec/2025 05:37:38] "GET /api/user/profile HTTP/1.1" 200 -
2025-12-08 05:37:38,412 - werkzeug - INFO - 127.0.0.1 - - [08/Dec/2025 05:37:38] "GET /api/professional/scans?status=pending HTTP/1.1" 200 -
2025-12-08 05:37:38,440 - werkzeug - INFO - 127.0.0.1 - - [08/Dec/2025 05:37:38] "GET /api/professional/stats HTTP/1.1" 200 -
2025-12-08 05:37:38,735 - werkzeug - INFO - 127.0.0.1 - - [08/Dec/2025 05:37:38] "GET /api/professional/scans?status=pending HTTP/1.1" 200 -
2025-12-08 05:37:38,738 - werkzeug - INFO - 127.0.0.1 - - [08/Dec/2025 05:37:38] "GET /api/professional/stats HTTP/1.1" 200 -
2025-12-08 05:37:38,739 - werkzeug - INFO - 127.0.0.1 - - [08/Dec/2025 05:37:38] "GET /api/user/profile HTTP/1.1" 200 -
2025-12-08 05:37:38,752 - werkzeug - INFO - 127.0.0.1 - - [08/Dec/2025 05:37:38] "GET /api/professional/scans?status=pending HTTP/1.1" 200 -
2025-12-08 05:37:39,055 - werkzeug - INFO - 127.0.0.1 - - [08/Dec/2025 05:37:39] "GET /api/professional/stats HTTP/1.1" 200 -
2025-12-08 05:38:07,509 - werkzeug - INFO - 127.0.0.1 - - [08/Dec/2025 05:38:07] "GET /api/professional/scans/scan_20251208_041839_857887f2 HTTP/1.1" 200 -
2025-12-08 05:38:08,383 - werkzeug - INFO - 127.0.0.1 - - [08/Dec/2025 05:38:08] "GET /health HTTP/1.1" 200 -
2025-12-08 05:38:38,086 - werkzeug - INFO - 127.0.0.1 - - [08/Dec/2025 05:38:38] "GET /health HTTP/1.1" 200 -
2025-12-08 05:38:49,816 - werkzeug - INFO - 127.0.0.1 - - [08/Dec/2025 05:38:49] "GET /health HTTP/1.1" 200 -
2025-12-08 05:38:50,080 - werkzeug - INFO - 127.0.0.1 - - [08/Dec/2025 05:38:50] "GET /health HTTP/1.1" 200 -
2025-12-08 05:38:50,123 - werkzeug - INFO - 127.0.0.1 - - [08/Dec/2025 05:38:50] "GET /health HTTP/1.1" 200 -
2025-12-08 05:39:20,276 - werkzeug - INFO - 127.0.0.1 - - [08/Dec/2025 05:39:20] "GET /health HTTP/1.1" 200 -
2025-12-08 05:39:35,339 - werkzeug - INFO - 127.0.0.1 - - [08/Dec/2025 05:39:35] "OPTIONS /api/user/profile HTTP/1.1" 200 -
2025-12-08 05:39:35,339 - werkzeug - INFO - 127.0.0.1 - - [08/Dec/2025 05:39:35] "OPTIONS /api/user/profile HTTP/1.1" 200 -
2025-12-08 05:39:35,341 - werkzeug - INFO - 127.0.0.1 - - [08/Dec/2025 05:39:35] "OPTIONS /api/user/profile HTTP/1.1" 200 -
2025-12-08 05:39:35,344 - werkzeug - INFO - 127.0.0.1 - - [08/Dec/2025 05:39:35] "OPTIONS /api/user/profile HTTP/1.1" 200 -
2025-12-08 05:39:35,468 - werkzeug - INFO - 127.0.0.1 - - [08/Dec/2025 05:39:35] "GET /health HTTP/1.1" 200 -
2025-12-08 05:39:35,583 - werkzeug - INFO - 127.0.0.1 - - [08/Dec/2025 05:39:35] "GET /api/user/profile HTTP/1.1" 200 -
2025-12-08 05:39:35,684 - werkzeug - INFO - 127.0.0.1 - - [08/Dec/2025 05:39:35] "GET /health HTTP/1.1" 200 -
2025-12-08 05:39:35,789 - werkzeug - INFO - 127.0.0.1 - - [08/Dec/2025 05:39:35] "GET /api/user/profile HTTP/1.1" 200 -
2025-12-08 05:39:35,901 - werkzeug - INFO - 127.0.0.1 - - [08/Dec/2025 05:39:35] "GET /health HTTP/1.1" 200 -
2025-12-08 05:39:36,003 - werkzeug - INFO - 127.0.0.1 - - [08/Dec/2025 05:39:36] "GET /api/user/profile HTTP/1.1" 200 -
2025-12-08 05:39:36,102 - werkzeug - INFO - 127.0.0.1 - - [08/Dec/2025 05:39:36] "GET /api/user/profile HTTP/1.1" 200 -
2025-12-08 05:39:36,319 - werkzeug - INFO - 127.0.0.1 - - [08/Dec/2025 05:39:36] "GET /api/user/profile HTTP/1.1" 200 -
2025-12-08 05:39:36,421 - werkzeug - INFO - 127.0.0.1 - - [08/Dec/2025 05:39:36] "GET /api/user/profile HTTP/1.1" 200 -
2025-12-08 05:39:37,693 - werkzeug - INFO - 127.0.0.1 - - [08/Dec/2025 05:39:37] "GET /health HTTP/1.1" 200 -
2025-12-08 05:39:38,000 - werkzeug - INFO - 127.0.0.1 - - [08/Dec/2025 05:39:38] "GET /health HTTP/1.1" 200 -
2025-12-08 05:39:38,332 - werkzeug - INFO - 127.0.0.1 - - [08/Dec/2025 05:39:38] "GET /health HTTP/1.1" 200 -
2025-12-08 05:39:38,355 - werkzeug - INFO - 127.0.0.1 - - [08/Dec/2025 05:39:38] "GET /api/user/profile HTTP/1.1" 200 -
2025-12-08 05:39:38,384 - werkzeug - INFO - 127.0.0.1 - - [08/Dec/2025 05:39:38] "OPTIONS /api/admin/stats HTTP/1.1" 200 -
2025-12-08 05:39:38,602 - werkzeug - INFO - 127.0.0.1 - - [08/Dec/2025 05:39:38] "GET /api/user/profile HTTP/1.1" 200 -
2025-12-08 05:39:38,667 - app.utils.auth_middleware - INFO - Admin access granted via whitelist: admin@local.test
2025-12-08 05:39:38,667 - werkzeug - INFO - 127.0.0.1 - - [08/Dec/2025 05:39:38] "GET /api/admin/stats HTTP/1.1" 200 -
2025-12-08 05:39:52,909 - werkzeug - INFO - 127.0.0.1 - - [08/Dec/2025 05:39:52] "OPTIONS /api/admin/users HTTP/1.1" 200 -
2025-12-08 05:39:53,233 - app.utils.auth_middleware - INFO - Admin access granted via whitelist: admin@local.test
2025-12-08 05:39:53,235 - werkzeug - INFO - 127.0.0.1 - - [08/Dec/2025 05:39:53] "GET /api/admin/users HTTP/1.1" 200 -
2025-12-08 05:39:59,980 - werkzeug - INFO - 127.0.0.1 - - [08/Dec/2025 05:39:59] "OPTIONS /api/admin/submissions?status=pending&limit=50 HTTP/1.1" 200 -
2025-12-08 05:40:00,289 - app.utils.auth_middleware - INFO - Admin access granted via whitelist: admin@local.test
2025-12-08 05:40:00,297 - werkzeug - INFO - 127.0.0.1 - - [08/Dec/2025 05:40:00] "GET /api/admin/submissions?status=pending&limit=50 HTTP/1.1" 200 -
2025-12-08 05:40:08,026 - werkzeug - INFO - 127.0.0.1 - - [08/Dec/2025 05:40:08] "GET /health HTTP/1.1" 200 -
2025-12-08 05:40:27,451 - werkzeug - INFO - 127.0.0.1 - - [08/Dec/2025 05:40:27] "OPTIONS /api/admin/users HTTP/1.1" 200 -
2025-12-08 05:40:27,710 - app.utils.auth_middleware - INFO - Admin access granted via whitelist: admin@local.test
2025-12-08 05:40:27,711 - werkzeug - INFO - 127.0.0.1 - - [08/Dec/2025 05:40:27] "GET /api/admin/users HTTP/1.1" 200 -
2025-12-08 05:40:27,771 - werkzeug - INFO - 127.0.0.1 - - [08/Dec/2025 05:40:27] "OPTIONS /api/admin/stats HTTP/1.1" 200 -
2025-12-08 05:40:28,018 - app.utils.auth_middleware - INFO - Admin access granted via whitelist: admin@local.test
2025-12-08 05:40:28,018 - werkzeug - INFO - 127.0.0.1 - - [08/Dec/2025 05:40:28] "GET /api/admin/stats HTTP/1.1" 200 -
2025-12-08 05:40:38,035 - werkzeug - INFO - 127.0.0.1 - - [08/Dec/2025 05:40:38] "GET /health HTTP/1.1" 200 -
2025-12-08 05:40:39,693 - werkzeug - INFO - 127.0.0.1 - - [08/Dec/2025 05:40:39] "OPTIONS /api/admin/submissions?status=pending&limit=50 HTTP/1.1" 200 -
2025-12-08 05:40:39,950 - app.utils.auth_middleware - INFO - Admin access granted via whitelist: admin@local.test
2025-12-08 05:40:39,956 - werkzeug - INFO - 127.0.0.1 - - [08/Dec/2025 05:40:39] "GET /api/admin/submissions?status=pending&limit=50 HTTP/1.1" 200 -
2025-12-08 05:40:40,381 - werkzeug - INFO - 127.0.0.1 - - [08/Dec/2025 05:40:40] "OPTIONS /api/admin/users HTTP/1.1" 200 -
2025-12-08 05:40:40,700 - app.utils.auth_middleware - INFO - Admin access granted via whitelist: admin@local.test
2025-12-08 05:40:40,702 - werkzeug - INFO - 127.0.0.1 - - [08/Dec/2025 05:40:40] "GET /api/admin/users HTTP/1.1" 200 -
2025-12-08 05:40:41,652 - werkzeug - INFO - 127.0.0.1 - - [08/Dec/2025 05:40:41] "OPTIONS /api/admin/stats HTTP/1.1" 200 -
2025-12-08 05:40:41,968 - app.utils.auth_middleware - INFO - Admin access granted via whitelist: admin@local.test
2025-12-08 05:40:41,968 - werkzeug - INFO - 127.0.0.1 - - [08/Dec/2025 05:40:41] "GET /api/admin/stats HTTP/1.1" 200 -
2025-12-08 05:40:45,946 - werkzeug - INFO - 127.0.0.1 - - [08/Dec/2025 05:40:45] "OPTIONS /api/admin/users HTTP/1.1" 200 -
2025-12-08 05:40:46,267 - app.utils.auth_middleware - INFO - Admin access granted via whitelist: admin@local.test
2025-12-08 05:40:46,267 - werkzeug - INFO - 127.0.0.1 - - [08/Dec/2025 05:40:46] "GET /api/admin/users HTTP/1.1" 200 -
2025-12-08 05:40:46,851 - werkzeug - INFO - 127.0.0.1 - - [08/Dec/2025 05:40:46] "OPTIONS /api/admin/stats HTTP/1.1" 200 -
2025-12-08 05:40:47,165 - app.utils.auth_middleware - INFO - Admin access granted via whitelist: admin@local.test
2025-12-08 05:40:47,171 - werkzeug - INFO - 127.0.0.1 - - [08/Dec/2025 05:40:47] "GET /api/admin/stats HTTP/1.1" 200 -
2025-12-08 05:40:55,267 - werkzeug - INFO - 127.0.0.1 - - [08/Dec/2025 05:40:55] "OPTIONS /api/admin/users HTTP/1.1" 200 -
2025-12-08 05:40:55,578 - app.utils.auth_middleware - INFO - Admin access granted via whitelist: admin@local.test
2025-12-08 05:40:55,580 - werkzeug - INFO - 127.0.0.1 - - [08/Dec/2025 05:40:55] "GET /api/admin/users HTTP/1.1" 200 -
2025-12-08 05:40:57,331 - werkzeug - INFO - 127.0.0.1 - - [08/Dec/2025 05:40:57] "OPTIONS /api/admin/stats HTTP/1.1" 200 -
2025-12-08 05:40:57,654 - app.utils.auth_middleware - INFO - Admin access granted via whitelist: admin@local.test
2025-12-08 05:40:57,654 - werkzeug - INFO - 127.0.0.1 - - [08/Dec/2025 05:40:57] "GET /api/admin/stats HTTP/1.1" 200 -
2025-12-08 05:40:58,861 - werkzeug - INFO - 127.0.0.1 - - [08/Dec/2025 05:40:58] "OPTIONS /api/admin/submissions?status=pending&limit=50 HTTP/1.1" 200 -
2025-12-08 05:40:59,172 - app.utils.auth_middleware - INFO - Admin access granted via whitelist: admin@local.test
2025-12-08 05:40:59,175 - werkzeug - INFO - 127.0.0.1 - - [08/Dec/2025 05:40:59] "GET /api/admin/submissions?status=pending&limit=50 HTTP/1.1" 200 -
2025-12-08 05:41:08,270 - werkzeug - INFO - 127.0.0.1 - - [08/Dec/2025 05:41:08] "GET /health HTTP/1.1" 200 -
2025-12-08 05:41:19,103 - werkzeug - INFO - 127.0.0.1 - - [08/Dec/2025 05:41:19] "OPTIONS /api/admin/stats HTTP/1.1" 200 -
2025-12-08 05:41:19,351 - app.utils.auth_middleware - INFO - Admin access granted via whitelist: admin@local.test
2025-12-08 05:41:19,351 - werkzeug - INFO - 127.0.0.1 - - [08/Dec/2025 05:41:19] "GET /api/admin/stats HTTP/1.1" 200 -
2025-12-08 05:41:20,091 - werkzeug - INFO - 127.0.0.1 - - [08/Dec/2025 05:41:20] "OPTIONS /api/admin/users HTTP/1.1" 200 -
2025-12-08 05:41:20,401 - app.utils.auth_middleware - INFO - Admin access granted via whitelist: admin@local.test
2025-12-08 05:41:20,401 - werkzeug - INFO - 127.0.0.1 - - [08/Dec/2025 05:41:20] "GET /api/admin/users HTTP/1.1" 200 -
2025-12-08 05:41:21,326 - app.utils.auth_middleware - INFO - Admin access granted via whitelist: admin@local.test
2025-12-08 05:41:21,326 - werkzeug - INFO - 127.0.0.1 - - [08/Dec/2025 05:41:21] "GET /api/admin/stats HTTP/1.1" 200 -
2025-12-08 05:41:38,560 - werkzeug - INFO - 127.0.0.1 - - [08/Dec/2025 05:41:38] "GET /health HTTP/1.1" 200 -
2025-12-08 05:42:08,262 - werkzeug - INFO - 127.0.0.1 - - [08/Dec/2025 05:42:08] "GET /health HTTP/1.1" 200 -
2025-12-08 05:42:38,577 - werkzeug - INFO - 127.0.0.1 - - [08/Dec/2025 05:42:38] "GET /health HTTP/1.1" 200 -
2025-12-08 05:43:40,569 - werkzeug - INFO - 127.0.0.1 - - [08/Dec/2025 05:43:40] "GET /health HTTP/1.1" 200 -
2025-12-08 05:44:18,618 - werkzeug - INFO - 127.0.0.1 - - [08/Dec/2025 05:44:18] "GET /health HTTP/1.1" 200 -
2025-12-08 05:44:20,849 - werkzeug - INFO - 127.0.0.1 - - [08/Dec/2025 05:44:20] "OPTIONS /api/admin/submissions?status=pending&limit=50 HTTP/1.1" 200 -
2025-12-08 05:44:21,112 - app.utils.auth_middleware - INFO - Admin access granted via whitelist: admin@local.test
2025-12-08 05:44:21,115 - werkzeug - INFO - 127.0.0.1 - - [08/Dec/2025 05:44:21] "GET /api/admin/submissions?status=pending&limit=50 HTTP/1.1" 200 -
2025-12-08 05:44:38,259 - werkzeug - INFO - 127.0.0.1 - - [08/Dec/2025 05:44:38] "GET /health HTTP/1.1" 200 -
2025-12-08 05:45:08,584 - werkzeug - INFO - 127.0.0.1 - - [08/Dec/2025 05:45:08] "GET /health HTTP/1.1" 200 -
2025-12-08 05:45:38,277 - werkzeug - INFO - 127.0.0.1 - - [08/Dec/2025 05:45:38] "GET /health HTTP/1.1" 200 -
2025-12-08 05:46:08,565 - werkzeug - INFO - 127.0.0.1 - - [08/Dec/2025 05:46:08] "GET /health HTTP/1.1" 200 -
